date,volume,open,high,low,close,adjclose
2020-07-01,27684300,365.1199951171875,367.3599853515625,363.9100036621094,364.1099853515625,364.1099853515625
2020-06-30,35055800,360.0799865722656,365.9800109863281,360.0,364.7999877929688,364.7999877929688
2020-06-29,32661500,353.25,362.1700134277344,351.2799987792969,361.7799987792969,361.7799987792969
2020-06-26,51314200,364.4100036621094,365.3200073242188,353.0199890136719,353.6300048828125,353.6300048828125
2020-06-25,34380600,360.7000122070313,365.0,357.57000732421875,364.8399963378906,364.8399963378906
2020-06-24,48155800,365.0,368.7900085449219,358.5199890136719,360.0599975585937,360.0599975585937
2020-06-23,53038900,364.0,372.3800048828125,362.2699890136719,366.5299987792969,366.5299987792969
2020-06-22,33861300,351.3399963378906,359.4599914550781,351.1499938964844,358.8699951171875,358.8699951171875
2020-06-19,66119000,354.6400146484375,356.5599975585937,345.1499938964844,349.7200012207031,349.7200012207031
2020-06-18,24205100,351.4100036621094,353.45001220703125,349.2200012207031,351.7300109863281,351.7300109863281
2020-06-17,28532000,355.1499938964844,355.3999938964844,351.0899963378906,351.5899963378906,351.5899963378906
2020-06-16,41357200,351.4599914550781,353.20001220703125,344.7200012207031,352.0799865722656,352.0799865722656
2020-06-15,34702200,333.25,345.67999267578125,332.5799865722656,342.989990234375,342.989990234375
2020-06-12,50001500,344.7200012207031,347.79998779296875,334.2200012207031,338.79998779296875,338.79998779296875
2020-06-11,50415600,349.3099975585937,351.0599975585937,335.4800109863281,335.8999938964844,335.8999938964844
2020-06-10,41662900,347.8999938964844,354.7699890136719,346.0899963378906,352.8399963378906,352.8399963378906
2020-06-09,36928100,332.1400146484375,345.6099853515625,332.010009765625,343.989990234375,343.989990234375
2020-06-08,23913600,330.25,333.6000061035156,327.32000732421875,333.4599914550781,333.4599914550781
2020-06-05,34312600,323.3500061035156,331.75,323.2300109863281,331.5,331.5
2020-06-04,21890100,324.3900146484375,325.6199951171875,320.7799987792969,322.32000732421875,322.32000732421875
2020-06-03,26122800,324.6600036621094,326.20001220703125,322.29998779296875,325.1199951171875,325.1199951171875
2020-06-02,21910700,320.75,323.44000244140625,318.92999267578125,323.3399963378906,323.3399963378906
2020-06-01,20197800,317.75,322.3500061035156,317.2099914550781,321.8500061035156,321.8500061035156
2020-05-29,38399500,319.25,321.1499938964844,316.4700012207031,317.94000244140625,317.94000244140625
2020-05-28,33390200,316.7699890136719,323.44000244140625,315.6300048828125,318.25,318.25
2020-05-27,28236300,316.1400146484375,318.7099914550781,313.0899963378906,318.1099853515625,318.1099853515625
2020-05-26,31380500,323.5,324.239990234375,316.5,316.7300109863281,316.7300109863281
2020-05-22,20450800,315.7699890136719,319.2300109863281,315.3500061035156,318.8900146484375,318.8900146484375
2020-05-21,25672200,318.6600036621094,320.8900146484375,315.8699951171875,316.8500061035156,316.8500061035156
2020-05-20,27876200,316.67999267578125,319.5199890136719,316.5199890136719,319.2300109863281,319.2300109863281
2020-05-19,25432400,315.0299987792969,318.5199890136719,313.010009765625,313.1400146484375,313.1400146484375
2020-05-18,33843100,313.1700134277344,316.5,310.32000732421875,314.9599914550781,314.9599914550781
2020-05-15,41587100,300.3500061035156,307.8999938964844,300.2099914550781,307.7099914550781,307.7099914550781
2020-05-14,39732300,304.510009765625,309.7900085449219,301.5299987792969,309.5400085449219,309.5400085449219
2020-05-13,50155600,312.1499938964844,315.95001220703125,303.2099914550781,307.6499938964844,307.6499938964844
2020-05-12,40575300,317.8299865722656,319.69000244140625,310.9100036621094,311.4100036621094,311.4100036621094
2020-05-11,36405900,308.1000061035156,317.04998779296875,307.239990234375,315.010009765625,315.010009765625
2020-05-08,33512000,305.6400146484375,310.3500061035156,304.2900085449219,310.1300048828125,310.1300048828125
2020-05-07,28803800,303.2200012207031,305.1700134277344,301.9700012207031,303.739990234375,302.91998291015625
2020-05-06,35583400,300.4599914550781,303.239990234375,298.8699951171875,300.6300048828125,299.8183898925781
2020-05-05,36937800,295.0599975585937,301.0,294.4599914550781,297.5599975585937,296.7566833496094
2020-05-04,33392000,289.1700134277344,293.69000244140625,286.32000732421875,293.1600036621094,292.3685607910156
2020-05-01,60154200,286.25,299.0,285.8500061035156,289.07000732421875,288.28961181640625
2020-04-30,45457600,289.9599914550781,294.5299987792969,288.3500061035156,293.79998779296875,293.0068359375
2020-04-29,34320200,284.7300109863281,289.6700134277344,283.8900146484375,287.7300109863281,286.9532470703125
2020-04-28,28001200,285.0799865722656,285.8299865722656,278.20001220703125,278.5799865722656,277.8279113769531
2020-04-27,29271900,281.79998779296875,284.5400085449219,279.95001220703125,283.1700134277344,282.4055480957031
2020-04-24,31627200,277.20001220703125,283.010009765625,277.0,282.9700012207031,282.2060852050781
2020-04-23,31203600,275.8699951171875,281.75,274.8699951171875,275.0299987792969,274.2875061035156
2020-04-22,29264300,273.6099853515625,277.8999938964844,272.20001220703125,276.1000061035156,275.3546142578125
2020-04-21,45247900,276.2799987792969,277.25,265.42999267578125,268.3699951171875,267.6454772949219
2020-04-20,32503800,277.95001220703125,281.67999267578125,276.8500061035156,276.92999267578125,276.182373046875
2020-04-17,53812500,284.69000244140625,286.95001220703125,276.8599853515625,282.79998779296875,282.0365295410156
2020-04-16,39281300,287.3800048828125,288.20001220703125,282.3500061035156,286.69000244140625,285.9160461425781
2020-04-15,32788600,282.3999938964844,286.3299865722656,280.6300048828125,284.42999267578125,283.6621398925781
2020-04-14,48748700,280.0,288.25,278.04998779296875,287.04998779296875,286.2750549316406
2020-04-13,32755700,268.3099975585937,273.70001220703125,265.8299865722656,273.25,272.5123291015625
2020-04-09,40529100,268.70001220703125,270.07000732421875,264.70001220703125,267.989990234375,267.2665100097656
2020-04-08,42223800,262.739990234375,267.3699951171875,261.2300109863281,266.07000732421875,265.3517150878906
2020-04-07,50721800,270.79998779296875,271.70001220703125,259.0,259.42999267578125,258.7296142578125
2020-04-06,50455100,250.8999938964844,263.1099853515625,249.3800048828125,262.4700012207031,261.76141357421875
2020-04-03,32470000,242.8000030517578,245.6999969482422,238.97000122070312,241.41000366210935,240.75827026367188
2020-04-02,41483500,240.33999633789065,245.1499938964844,236.8999938964844,244.92999267578125,244.26876831054688
2020-04-01,44054600,246.5,248.72000122070312,239.1300048828125,240.91000366210935,240.25962829589844
2020-03-31,49250500,255.6000061035156,262.489990234375,252.0,254.2899932861328,253.6035003662109
2020-03-30,41994100,250.7400054931641,255.5200042724609,249.3999938964844,254.80999755859372,254.12210083007807
2020-03-27,51054200,252.75,255.8699951171875,247.0500030517578,247.7400054931641,247.07118225097656
2020-03-26,63021800,246.5200042724609,258.67999267578125,246.3600006103516,258.44000244140625,257.7423095703125
2020-03-25,75900500,250.75,258.25,244.3000030517578,245.5200042724609,244.857177734375
2020-03-24,71882800,236.3600006103516,247.69000244140625,234.3000030517578,246.8800048828125,246.2135162353516
2020-03-23,84188200,228.0800018310547,228.5,212.6100006103516,224.3699951171875,223.76426696777344
2020-03-20,100423300,247.17999267578125,251.8300018310547,228.0,229.2400054931641,228.6211395263672
2020-03-19,67964300,247.38999938964844,252.83999633789065,242.6100006103516,244.77999877929688,244.11917114257807
2020-03-18,75058400,239.7700042724609,250.0,237.1199951171875,246.6699981689453,246.0040740966797
2020-03-17,81014000,247.50999450683597,257.6099853515625,238.3999938964844,252.8600006103516,252.1773681640625
2020-03-16,80605900,241.9499969482422,259.0799865722656,240.0,242.2100067138672,241.55612182617188
2020-03-13,92683000,264.8900146484375,279.9200134277344,252.9499969482422,277.9700012207031,277.2195739746094
2020-03-12,104618500,255.94000244140625,270.0,248.0,248.22999572753903,247.5598602294922
2020-03-11,63899700,277.3900146484375,281.2200012207031,271.8599853515625,275.42999267578125,274.6864318847656
2020-03-10,71322500,277.1400146484375,286.44000244140625,269.3699951171875,285.3399963378906,284.5696716308594
2020-03-09,71686200,263.75,278.0899963378906,263.0,266.1700134277344,265.4514465332031
2020-03-06,56544200,282.0,290.82000732421875,281.2300109863281,289.0299987792969,288.2497253417969
2020-03-05,46893200,295.5199890136719,299.54998779296875,291.4100036621094,292.9200134277344,292.12921142578125
2020-03-04,54794600,296.44000244140625,303.3999938964844,293.1300048828125,302.739990234375,301.9226989746094
2020-03-03,79868900,303.6700134277344,304.0,285.79998779296875,289.32000732421875,288.5389404296875
2020-03-02,85349300,282.2799987792969,301.44000244140625,277.7200012207031,298.8099975585937,298.0032958984375
2020-02-28,106721200,257.260009765625,278.4100036621094,256.3699951171875,273.3599853515625,272.6220092773437
2020-02-27,79834500,281.1000061035156,286.0,272.9599914550781,273.5199890136719,272.7815856933594
2020-02-26,49513700,286.5299987792969,297.8800048828125,286.5,292.6499938964844,291.85992431640625
2020-02-25,57668400,300.95001220703125,302.5299987792969,286.1300048828125,288.0799865722656,287.3022766113281
2020-02-24,55548800,297.260009765625,304.17999267578125,289.2300109863281,298.17999267578125,297.375
2020-02-21,32388500,318.6199951171875,320.45001220703125,310.5,313.04998779296875,312.2048645019531
2020-02-20,25141500,322.6300048828125,324.6499938964844,318.2099914550781,320.29998779296875,319.4352722167969
2020-02-19,23496000,320.0,324.57000732421875,320.0,323.6199951171875,322.746337890625
2020-02-18,38132800,315.3599853515625,319.75,314.6099853515625,319.0,318.1387939453125
2020-02-14,20028400,324.739990234375,325.9800109863281,322.8500061035156,324.95001220703125,324.07275390625
2020-02-13,23686900,324.19000244140625,326.2200012207031,323.3500061035156,324.8699951171875,323.9929504394531
2020-02-12,28432600,321.4700012207031,327.2200012207031,321.4700012207031,327.20001220703125,326.3166809082031
2020-02-11,23580800,323.6000061035156,323.8999938964844,318.7099914550781,319.6099853515625,318.74713134765625
2020-02-10,27337200,314.17999267578125,321.54998779296875,313.8500061035156,321.54998779296875,320.6819152832031
2020-02-07,29421000,322.3699951171875,323.3999938964844,318.0,320.0299987792969,319.166015625
2020-02-06,26356400,322.57000732421875,325.2200012207031,320.260009765625,325.2099914550781,323.5641174316406
2020-02-05,29706700,323.5199890136719,324.760009765625,318.95001220703125,321.45001220703125,319.8231811523437
2020-02-04,34154100,315.3099975585937,319.6400146484375,313.6300048828125,318.8500061035156,317.2362976074219
2020-02-03,43496400,304.29998779296875,313.489990234375,302.2200012207031,308.6600036621094,307.097900390625
2020-01-31,49897100,320.92999267578125,322.67999267578125,308.2900085449219,309.510009765625,307.943603515625
2020-01-30,31685800,320.5400085449219,324.0899963378906,318.75,323.8699951171875,322.2308959960937
2020-01-29,54057300,324.45001220703125,327.8500061035156,321.3800048828125,324.3399963378906,322.6985168457031
2020-01-28,40558500,312.6000061035156,318.3999938964844,312.19000244140625,317.69000244140625,316.0821838378906
2020-01-27,40485000,310.0599975585937,311.7699890136719,304.8800048828125,308.95001220703125,307.38641357421875
2020-01-24,36634400,320.25,323.3299865722656,317.5199890136719,318.3099975585937,316.69903564453125
2020-01-23,26118000,317.9200134277344,319.5599975585937,315.6499938964844,319.2300109863281,317.6144104003906
2020-01-22,25458100,318.5799865722656,319.989990234375,317.3099975585937,317.70001220703125,316.0921630859375
2020-01-21,27710800,317.19000244140625,319.0199890136719,316.0,316.57000732421875,314.9678649902344
2020-01-17,34454100,316.2699890136719,318.739990234375,315.0,318.7300109863281,317.116943359375
2020-01-16,27207300,313.5899963378906,315.70001220703125,312.0899963378906,315.239990234375,313.6445617675781
2020-01-15,30480900,311.8500061035156,315.5,309.54998779296875,311.3399963378906,309.7643127441406
2020-01-14,40488600,316.70001220703125,317.57000732421875,312.1700134277344,312.67999267578125,311.0975341796875
2020-01-13,30383000,311.6400146484375,317.07000732421875,311.1499938964844,316.9599914550781,315.3558654785156
2020-01-10,35161200,310.6000061035156,312.6700134277344,308.25,310.3299865722656,308.7593994140625
2020-01-09,42527100,307.239990234375,310.42999267578125,306.20001220703125,309.6300048828125,308.06298828125
2020-01-08,33019800,297.1600036621094,304.44000244140625,297.1600036621094,303.19000244140625,301.6555480957031
2020-01-07,27218000,299.8399963378906,300.8999938964844,297.4800109863281,298.3900146484375,296.8798828125
2020-01-06,29596800,293.7900085449219,299.9599914550781,292.75,299.79998779296875,298.28271484375
2020-01-03,36580700,297.1499938964844,300.5799865722656,296.5,297.42999267578125,295.9247131347656
2020-01-02,33870100,296.239990234375,300.6000061035156,295.19000244140625,300.3500061035156,298.8299560546875
2019-12-31,25201400,289.92999267578125,293.67999267578125,289.5199890136719,293.6499938964844,292.163818359375
2019-12-30,36028600,289.4599914550781,292.69000244140625,285.2200012207031,291.5199890136719,290.04461669921875
2019-12-27,36566500,291.1199951171875,293.9700012207031,288.1199951171875,289.79998779296875,288.33331298828125
2019-12-26,23280300,284.82000732421875,289.9800109863281,284.70001220703125,289.9100036621094,288.4427795410156
2019-12-24,12119700,284.69000244140625,284.8900146484375,282.9200134277344,284.2699890136719,282.831298828125
2019-12-23,24643000,280.5299987792969,284.25,280.3699951171875,284.0,282.56268310546875
2019-12-20,68994500,282.2300109863281,282.6499938964844,278.5599975585937,279.44000244140625,278.0257568359375
2019-12-19,24592300,279.5,281.17999267578125,278.95001220703125,280.0199890136719,278.6028137207031
2019-12-18,29007100,279.79998779296875,281.8999938964844,279.1199951171875,279.739990234375,278.3242492675781
2019-12-17,28539600,279.57000732421875,281.7699890136719,278.79998779296875,280.4100036621094,278.9908752441406
2019-12-16,32046500,277.0,280.7900085449219,276.9800109863281,279.8599853515625,278.443603515625
2019-12-13,33396900,271.4599914550781,275.29998779296875,270.92999267578125,275.1499938964844,273.7574768066406
2019-12-12,34327600,267.7799987792969,272.5599975585937,267.32000732421875,271.4599914550781,270.0861511230469
2019-12-11,19689200,268.8099975585937,271.1000061035156,268.5,270.7699890136719,269.399658203125
2019-12-10,22605100,268.6000061035156,270.07000732421875,265.8599853515625,268.4800109863281,267.1212463378906
2019-12-09,32010600,270.0,270.79998779296875,264.9100036621094,266.9200134277344,265.5691223144531
2019-12-06,26518900,267.4800109863281,271.0,267.29998779296875,270.7099914550781,269.3399353027344
2019-12-05,18606100,263.7900085449219,265.8900146484375,262.7300109863281,265.5799865722656,264.23590087890625
2019-12-04,16795400,261.07000732421875,263.3099975585937,260.67999267578125,261.739990234375,260.41534423828125
2019-12-03,28607600,258.3099975585937,259.5299987792969,256.2900085449219,259.45001220703125,258.136962890625
2019-12-02,23621800,267.2699890136719,268.25,263.45001220703125,264.1600036621094,262.8230895996094
2019-11-29,11654400,266.6000061035156,268.0,265.8999938964844,267.25,265.8974609375
2019-11-27,16308900,265.5799865722656,267.9800109863281,265.3099975585937,267.8399963378906,266.4844665527344
2019-11-26,26301900,266.94000244140625,267.1600036621094,262.5,264.2900085449219,262.9524230957031
2019-11-25,21005100,262.7099914550781,266.44000244140625,262.5199890136719,266.3699951171875,265.0219116210937
2019-11-22,16331300,262.5899963378906,263.17999267578125,260.8399963378906,261.7799987792969,260.45513916015625
2019-11-21,30348800,263.69000244140625,264.010009765625,261.17999267578125,262.010009765625,260.6839904785156
2019-11-20,26558600,265.5400085449219,266.0799865722656,260.3999938964844,263.19000244140625,261.8580322265625
2019-11-19,19041800,267.8999938964844,268.0,265.3900146484375,266.2900085449219,264.9423217773437
2019-11-18,21675800,265.79998779296875,267.42999267578125,264.2300109863281,267.1000061035156,265.74822998046875
2019-11-15,25051600,263.67999267578125,265.7799987792969,263.010009765625,265.760009765625,264.4150085449219
2019-11-14,22295700,263.75,264.8800048828125,262.1000061035156,262.6400146484375,261.310791015625
2019-11-13,25683600,261.1300048828125,264.7799987792969,261.07000732421875,264.4700012207031,263.13153076171875
2019-11-12,21847200,261.54998779296875,262.7900085449219,260.9200134277344,261.9599914550781,260.6342163085937
2019-11-11,20455300,258.29998779296875,262.4700012207031,258.2799987792969,262.20001220703125,260.8730163574219
2019-11-08,17496600,258.69000244140625,260.44000244140625,256.8500061035156,260.1400146484375,258.8234558105469
2019-11-07,23735100,258.739990234375,260.3500061035156,258.1099853515625,259.42999267578125,258.11700439453125
2019-11-06,18966100,256.7699890136719,257.489990234375,255.3699951171875,257.239990234375,255.1720123291016
2019-11-05,19974400,257.04998779296875,258.19000244140625,256.32000732421875,257.1300048828125,255.06292724609372
2019-11-04,25818000,257.3299865722656,257.8500061035156,255.3800048828125,257.5,255.429931640625
2019-11-01,37781300,249.5399932861328,255.92999267578125,249.16000366210935,255.82000732421875,253.7634429931641
2019-10-31,34790500,247.2400054931641,249.1699981689453,237.25999450683597,248.75999450683597,246.76019287109372
2019-10-30,31130500,244.75999450683597,245.3000030517578,241.2100067138672,243.25999450683597,241.3043975830078
2019-10-29,35709900,248.97000122070312,249.75,242.57000732421875,243.2899932861328,241.3341522216797
2019-10-28,24143200,247.4199981689453,249.25,246.72000122070312,249.0500030517578,247.04786682128903
2019-10-25,18369300,243.16000366210935,246.72999572753903,242.8800048828125,246.5800018310547,244.59771728515625
2019-10-24,17318800,244.50999450683597,244.8000030517578,241.80999755859372,243.5800018310547,241.621826171875
2019-10-23,18957200,242.1000061035156,243.2400054931641,241.22000122070312,243.17999267578125,241.2250518798828
2019-10-22,20573400,241.16000366210935,242.1999969482422,239.6199951171875,239.9600067138672,238.03094482421875
2019-10-21,21811800,237.5200042724609,240.9900054931641,237.32000732421875,240.50999450683597,238.57650756835935
2019-10-18,24358400,234.58999633789065,237.5800018310547,234.2899932861328,236.41000366210935,234.50949096679688
2019-10-17,16896300,235.08999633789065,236.1499938964844,233.5200042724609,235.27999877929688,233.38856506347656
2019-10-16,18475800,233.3699951171875,235.2400054931641,233.1999969482422,234.3699951171875,232.48587036132807
2019-10-15,21840000,236.38999938964844,237.6499938964844,234.8800048828125,235.32000732421875,233.42825317382807
2019-10-14,24106900,234.8999938964844,238.1300048828125,234.6699981689453,235.8699951171875,233.97381591796875
2019-10-11,41698900,232.9499969482422,237.63999938964844,232.30999755859372,236.2100067138672,234.3110809326172
2019-10-10,28253400,227.92999267578125,230.44000244140625,227.3000030517578,230.08999633789065,228.2402801513672
2019-10-09,18692600,227.02999877929688,227.7899932861328,225.63999938964844,227.02999877929688,225.20489501953125
2019-10-08,27955000,225.82000732421875,228.05999755859372,224.3300018310547,224.3999938964844,222.5960235595703
2019-10-07,30576500,226.2700042724609,229.92999267578125,225.83999633789065,227.05999755859372,225.2346343994141
2019-10-04,34619700,225.63999938964844,227.4900054931641,223.88999938964844,227.00999450683597,225.1850433349609
2019-10-03,28606500,218.42999267578125,220.9600067138672,215.1300048828125,220.82000732421875,219.0447998046875
2019-10-02,34612300,223.05999755859372,223.5800018310547,217.92999267578125,218.9600067138672,217.19976806640625
2019-10-01,34805800,225.07000732421875,228.22000122070312,224.1999969482422,224.58999633789065,222.7845001220703
2019-09-30,25977400,220.8999938964844,224.5800018310547,220.7899932861328,223.97000122070312,222.1694793701172
2019-09-27,25352000,220.5399932861328,220.9600067138672,217.27999877929688,218.82000732421875,217.06089782714844
2019-09-26,18833500,220.0,220.94000244140625,218.8300018310547,219.88999938964844,218.12228393554688
2019-09-25,21903400,218.5500030517578,221.5,217.13999938964844,221.02999877929688,219.25311279296875
2019-09-24,31190800,221.02999877929688,222.4900054931641,217.19000244140625,217.67999267578125,215.93003845214844
2019-09-23,19165500,218.9499969482422,219.83999633789065,217.6499938964844,218.72000122070312,216.9616851806641
2019-09-20,55413100,221.3800048828125,222.55999755859372,217.47000122070312,217.72999572753903,215.9796295166016
2019-09-19,22060600,222.00999450683597,223.75999450683597,220.3699951171875,220.9600067138672,219.18370056152344
2019-09-18,25340000,221.05999755859372,222.8500061035156,219.44000244140625,222.7700042724609,220.9791412353516
2019-09-17,18318700,219.9600067138672,220.82000732421875,219.1199951171875,220.6999969482422,218.92578125
2019-09-16,21158100,217.72999572753903,220.1300048828125,217.55999755859372,219.8999938964844,218.1322021484375
2019-09-13,39763300,220.0,220.7899932861328,217.0200042724609,218.75,216.991455078125
2019-09-12,32226700,224.8000030517578,226.4199981689453,222.8600006103516,223.08999633789065,221.2965545654297
2019-09-11,44289600,218.07000732421875,223.7100067138672,217.72999572753903,223.58999633789065,221.79254150390625
2019-09-10,31777900,213.8600006103516,216.77999877929688,211.7100067138672,216.6999969482422,214.9579162597656
2019-09-09,27309400,214.83999633789065,216.44000244140625,211.07000732421875,214.1699981689453,212.44827270507807
2019-09-06,19362300,214.0500030517578,214.4199981689453,212.50999450683597,213.25999450683597,211.5455780029297
2019-09-05,23913700,212.0,213.97000122070312,211.50999450683597,213.27999877929688,211.5654144287109
2019-09-04,19188100,208.38999938964844,209.47999572753903,207.32000732421875,209.19000244140625,207.50831604003903
2019-09-03,20023000,206.42999267578125,206.97999572753903,204.22000122070312,205.6999969482422,204.0463409423828
2019-08-30,21143400,210.16000366210935,210.4499969482422,207.1999969482422,208.7400054931641,207.0619201660156
2019-08-29,20990500,208.5,209.32000732421875,206.66000366210935,209.00999450683597,207.32974243164065
2019-08-28,15938800,204.1000061035156,205.72000122070312,203.32000732421875,205.52999877929688,203.8777313232422
2019-08-27,25873300,207.8600006103516,208.5500030517578,203.52999877929688,204.16000366210935,202.51873779296875
2019-08-26,26043600,205.8600006103516,207.19000244140625,205.05999755859372,206.4900054931641,204.8300018310547
2019-08-23,46818000,209.42999267578125,212.0500030517578,201.0,202.63999938964844,201.01097106933597
2019-08-22,22253700,213.19000244140625,214.44000244140625,210.75,212.4600067138672,210.7520294189453
2019-08-21,21535400,212.9900054931641,213.6499938964844,211.6000061035156,212.63999938964844,210.9305725097656
2019-08-20,26884300,210.8800048828125,213.3500061035156,210.32000732421875,210.3600006103516,208.6688995361328
2019-08-19,24413600,210.6199951171875,212.72999572753903,210.02999877929688,210.3500061035156,208.6589813232422
2019-08-16,27620400,204.27999877929688,207.16000366210935,203.83999633789065,206.5,204.8399200439453
2019-08-15,27227400,203.4600067138672,205.13999938964844,199.6699981689453,201.7400054931641,200.11819458007807
2019-08-14,36547400,203.16000366210935,206.44000244140625,202.58999633789065,202.75,201.1200714111328
2019-08-13,47218500,201.0200042724609,212.13999938964844,200.47999572753903,208.97000122070312,207.2900848388672
2019-08-12,22474900,199.6199951171875,202.0500030517578,199.1499938964844,200.47999572753903,198.86831665039065
2019-08-09,24619700,201.3000030517578,202.75999450683597,199.2899932861328,200.9900054931641,199.3742218017578
2019-08-08,27009500,200.1999969482422,203.52999877929688,199.38999938964844,203.42999267578125,201.03079223632807
2019-08-07,33364400,195.41000366210935,199.55999755859372,193.82000732421875,199.0399932861328,196.69256591796875
2019-08-06,35824800,196.30999755859372,198.07000732421875,194.0399932861328,197.0,194.67662048339844
2019-08-05,52393000,197.9900054931641,198.6499938964844,192.5800018310547,193.33999633789065,191.05978393554688
2019-08-02,40862100,205.52999877929688,206.42999267578125,201.6300048828125,204.0200042724609,201.6138458251953
2019-08-01,54017900,213.8999938964844,218.02999877929688,206.7400054931641,208.42999267578125,205.9718170166016
2019-07-31,69281400,216.4199981689453,221.3699951171875,211.3000030517578,213.0399932861328,210.5274658203125
2019-07-30,33935700,208.75999450683597,210.16000366210935,207.30999755859372,208.77999877929688,206.31768798828125
2019-07-29,21673400,208.4600067138672,210.63999938964844,208.44000244140625,209.67999267578125,207.2070770263672
2019-07-26,17618900,207.47999572753903,209.72999572753903,207.13999938964844,207.7400054931641,205.28997802734372
2019-07-25,13909600,208.88999938964844,209.2400054931641,206.72999572753903,207.0200042724609,204.57847595214844
2019-07-24,14991600,207.6699981689453,209.1499938964844,207.1699981689453,208.6699981689453,206.20901489257807
2019-07-23,18355200,208.4600067138672,208.91000366210935,207.2899932861328,208.83999633789065,206.37698364257807
2019-07-22,22277900,203.6499938964844,207.22999572753903,203.6100006103516,207.22000122070312,204.77610778808597
2019-07-19,20929300,205.7899932861328,206.5,202.3600006103516,202.58999633789065,200.20069885253903
2019-07-18,18582200,204.0,205.8800048828125,203.6999969482422,205.66000366210935,203.2344970703125
2019-07-17,14107500,204.0500030517578,205.08999633789065,203.2700042724609,203.3500061035156,200.9517364501953
2019-07-16,16866800,204.58999633789065,206.1100006103516,203.5,204.5,202.0881805419922
2019-07-15,16947400,204.08999633789065,205.8699951171875,204.0,205.2100067138672,202.7898101806641
2019-07-12,17595200,202.4499969482422,204.0,202.1999969482422,203.3000030517578,200.90234375
2019-07-11,20191800,203.30999755859372,204.38999938964844,201.7100067138672,201.75,199.37062072753903
2019-07-10,17897100,201.8500061035156,203.72999572753903,201.55999755859372,203.22999572753903,200.83316040039065
2019-07-09,20578000,199.1999969482422,201.50999450683597,198.80999755859372,201.2400054931641,198.86663818359372
2019-07-08,25338600,200.80999755859372,201.3999938964844,198.41000366210935,200.0200042724609,197.6610107421875
2019-07-05,17265500,203.3500061035156,205.0800018310547,202.8999938964844,204.22999572753903,201.82135009765625
2019-07-03,11362000,203.27999877929688,204.44000244140625,202.69000244140625,204.41000366210935,201.99923706054688
2019-07-02,16935200,201.41000366210935,203.1300048828125,201.3600006103516,202.72999572753903,200.33905029296875
2019-07-01,27316700,203.1699981689453,204.4900054931641,200.6499938964844,201.5500030517578,199.1729888916016
2019-06-28,31110600,198.67999267578125,199.5,197.0500030517578,197.9199981689453,195.5857696533203
2019-06-27,20899700,200.2899932861328,201.57000732421875,199.57000732421875,199.7400054931641,197.3843231201172
2019-06-26,26067500,197.7700042724609,200.9900054931641,197.3500061035156,199.8000030517578,197.4436187744141
2019-06-25,21070300,198.42999267578125,199.25999450683597,195.2899932861328,195.57000732421875,193.2635040283203
2019-06-24,18220400,198.5399932861328,200.16000366210935,198.1699981689453,198.5800018310547,196.2379913330078
2019-06-21,47800600,198.8000030517578,200.8500061035156,198.1499938964844,198.77999877929688,196.4356231689453
2019-06-20,21514000,200.3699951171875,200.6100006103516,198.02999877929688,199.4600067138672,197.1076202392578
2019-06-19,21124200,199.67999267578125,199.8800048828125,197.30999755859372,197.8699951171875,195.536376953125
2019-06-18,26551000,196.0500030517578,200.2899932861328,195.2100067138672,198.4499969482422,196.10952758789065
2019-06-17,14669100,192.8999938964844,194.9600067138672,192.1699981689453,193.88999938964844,191.6033172607422
2019-06-14,18761500,191.5500030517578,193.58999633789065,190.3000030517578,192.7400054931641,190.4668731689453
2019-06-13,21674600,194.6999969482422,196.7899932861328,193.6000061035156,194.1499938964844,191.8602294921875
2019-06-12,18221800,193.9499969482422,195.97000122070312,193.38999938964844,194.19000244140625,191.8997802734375
2019-06-11,26932900,194.8600006103516,196.0,193.6000061035156,194.80999755859372,192.512451171875
2019-06-10,26220900,191.80999755859372,195.3699951171875,191.6199951171875,192.5800018310547,190.3087615966797
2019-06-07,30684400,186.50999450683597,191.9199981689453,185.7700042724609,190.1499938964844,187.90740966796875
2019-06-06,22526300,183.0800018310547,185.47000122070312,182.1499938964844,185.22000122070312,183.0355682373047
2019-06-05,29773400,184.27999877929688,184.9900054931641,181.13999938964844,182.5399932861328,180.38714599609372
2019-06-04,30968000,175.44000244140625,179.8300018310547,174.52000427246094,179.63999938964844,177.52137756347656
2019-06-03,40396100,175.60000610351562,177.9199981689453,170.27000427246094,173.3000030517578,171.25613403320312
2019-05-31,27043600,176.22999572753906,177.99000549316406,174.99000549316406,175.07000732421875,173.00527954101562
2019-05-30,21218400,177.9499969482422,179.22999572753906,176.6699981689453,178.3000030517578,176.1971893310547
2019-05-29,28481200,176.4199981689453,179.35000610351562,176.0,177.3800048828125,175.28802490234375
2019-05-28,27948200,178.9199981689453,180.58999633789065,177.91000366210938,178.22999572753906,176.1280059814453
2019-05-24,23714700,180.1999969482422,182.13999938964844,178.6199951171875,178.97000122070312,176.85928344726562
2019-05-23,36529700,179.8000030517578,180.5399932861328,177.80999755859375,179.66000366210938,177.5411376953125
2019-05-22,29748600,184.66000366210935,185.7100067138672,182.5500030517578,182.77999877929688,180.62432861328125
2019-05-21,28364800,185.22000122070312,188.0,184.6999969482422,186.6000061035156,184.39930725097656
2019-05-20,38612300,183.5200042724609,184.3500061035156,180.27999877929688,183.08999633789065,180.93069458007807
2019-05-17,32879100,186.92999267578125,190.8999938964844,186.75999450683597,189.0,186.77099609375
2019-05-16,33031400,189.91000366210935,192.47000122070312,188.83999633789065,190.0800018310547,187.8382568359375
2019-05-15,26544700,186.2700042724609,191.75,186.0200042724609,190.9199981689453,188.6683349609375
2019-05-14,36529700,186.41000366210935,189.6999969482422,185.41000366210935,188.66000366210935,186.43499755859372
2019-05-13,57430600,187.7100067138672,189.47999572753903,182.8500061035156,185.72000122070312,183.52967834472656
2019-05-10,41208700,197.4199981689453,198.8500061035156,192.7700042724609,197.17999267578125,194.85450744628903
2019-05-09,34908600,200.3999938964844,201.67999267578125,196.66000366210935,200.72000122070312,197.59182739257807
2019-05-08,26339500,201.8999938964844,205.33999633789065,201.75,202.8999938964844,199.73785400390625
2019-05-07,38763700,205.8800048828125,207.4199981689453,200.8300018310547,202.8600006103516,199.6985015869141
2019-05-06,32443100,204.2899932861328,208.83999633789065,203.5,208.47999572753903,205.2309112548828
2019-05-03,20892400,210.88999938964844,211.83999633789065,210.22999572753903,211.75,208.449951171875
2019-05-02,31996300,209.83999633789065,212.6499938964844,208.1300048828125,209.1499938964844,205.8904571533203
2019-05-01,64827300,209.8800048828125,215.30999755859372,209.22999572753903,210.5200042724609,207.23912048339844
2019-04-30,46534900,203.05999755859372,203.3999938964844,199.1100006103516,200.6699981689453,197.5426177978516
2019-04-29,22204700,204.3999938964844,205.97000122070312,203.8600006103516,204.6100006103516,201.4212188720703
2019-04-26,18649100,204.8999938964844,205.0,202.1199951171875,204.3000030517578,201.1160430908203
2019-04-25,18543200,206.8300018310547,207.75999450683597,205.1199951171875,205.27999877929688,202.08078002929688
2019-04-24,17540600,207.3600006103516,208.47999572753903,207.0500030517578,207.16000366210935,203.9314727783203
2019-04-23,23323000,204.42999267578125,207.75,203.8999938964844,207.47999572753903,204.24647521972656
2019-04-22,19439500,202.8300018310547,204.94000244140625,202.33999633789065,204.52999877929688,201.34246826171875
2019-04-18,24195800,203.1199951171875,204.1499938964844,202.5200042724609,203.8600006103516,200.6829071044922
2019-04-17,28906800,199.5399932861328,203.3800048828125,198.6100006103516,203.1300048828125,199.9642791748047
2019-04-16,25696400,199.4600067138672,201.3699951171875,198.55999755859372,199.25,196.14474487304688
2019-04-15,17536600,198.5800018310547,199.8500061035156,198.00999450683597,199.22999572753903,196.1250457763672
2019-04-12,27760700,199.1999969482422,200.13999938964844,196.2100067138672,198.8699951171875,195.77066040039065
2019-04-11,20900800,200.8500061035156,201.0,198.44000244140625,198.9499969482422,195.8494110107422
2019-04-10,21695300,198.67999267578125,200.7400054931641,198.17999267578125,200.6199951171875,197.49337768554688
2019-04-09,35768200,200.32000732421875,202.8500061035156,199.22999572753903,199.5,196.39083862304688
2019-04-08,25881700,196.4199981689453,200.22999572753903,196.33999633789065,200.1000061035156,196.9814910888672
2019-04-05,18526600,196.4499969482422,197.1000061035156,195.92999267578125,197.0,193.92979431152344
2019-04-04,19114300,194.7899932861328,196.3699951171875,193.13999938964844,195.69000244140625,192.6402130126953
2019-04-03,23271800,193.25,196.5,193.1499938964844,195.3500061035156,192.3055419921875
2019-04-02,22765700,191.08999633789065,194.4600067138672,191.0500030517578,194.0200042724609,190.9962615966797
2019-04-01,27862000,191.63999938964844,191.67999267578125,188.3800048828125,191.2400054931641,188.2595977783203
2019-03-29,23564000,189.8300018310547,190.0800018310547,188.5399932861328,189.9499969482422,186.98968505859372
2019-03-28,20780400,188.9499969482422,189.55999755859372,187.52999877929688,188.72000122070312,185.77883911132807
2019-03-27,29848400,188.75,189.75999450683597,186.5500030517578,188.47000122070312,185.53274536132807
2019-03-26,49800500,191.66000366210935,192.8800048828125,184.5800018310547,186.7899932861328,183.87892150878903
2019-03-25,43845300,191.50999450683597,191.97999572753903,186.6000061035156,188.7400054931641,185.79852294921875
2019-03-22,42407700,195.33999633789065,197.69000244140625,190.77999877929688,191.0500030517578,188.07254028320312
2019-03-21,51034200,190.0200042724609,196.3300018310547,189.80999755859372,195.08999633789065,192.049560546875
2019-03-20,31035200,186.22999572753903,189.4900054931641,184.72999572753903,188.16000366210935,185.2275848388672
2019-03-19,31646400,188.3500061035156,188.9900054931641,185.9199981689453,186.52999877929688,183.62298583984372
2019-03-18,26219800,185.8000030517578,188.38999938964844,185.7899932861328,188.0200042724609,185.0897674560547
2019-03-15,39042900,184.8500061035156,187.3300018310547,183.7400054931641,186.1199951171875,183.2193603515625
2019-03-14,23579500,183.8999938964844,184.1000061035156,182.55999755859372,183.72999572753903,180.8666076660156
2019-03-13,31032500,182.25,183.3000030517578,180.9199981689453,181.7100067138672,178.8780975341797
2019-03-12,32467600,180.0,182.6699981689453,179.3699951171875,180.91000366210935,178.090576171875
2019-03-11,32011000,175.49000549316406,179.1199951171875,175.35000610351562,178.89999389648438,176.11187744140625
2019-03-08,23999400,170.32000732421875,173.07000732421875,169.5,172.91000366210938,170.2152557373047
2019-03-07,24796400,173.8699951171875,174.44000244140625,172.02000427246094,172.5,169.8116455078125
2019-03-06,20810400,174.6699981689453,175.49000549316406,173.94000244140625,174.52000427246094,171.8001708984375
2019-03-05,19737400,175.94000244140625,176.0,174.5399932861328,175.52999877929688,172.79440307617188
2019-03-04,27436200,175.69000244140625,177.75,173.97000122070312,175.85000610351562,173.10943603515625
2019-03-01,25886200,174.27999877929688,175.14999389648438,172.88999938964844,174.97000122070312,172.2431182861328
2019-02-28,28215400,174.32000732421875,174.91000366210938,172.9199981689453,173.14999389648438,170.45150756835938
2019-02-27,27835400,173.2100067138672,175.0,172.72999572753906,174.8699951171875,172.1446990966797
2019-02-26,17070200,173.7100067138672,175.3000030517578,173.1699981689453,174.3300018310547,171.6131134033203
2019-02-25,21873400,174.16000366210938,175.8699951171875,173.9499969482422,174.22999572753906,171.51466369628906
2019-02-22,18913200,171.5800018310547,173.0,171.3800048828125,172.97000122070312,170.27430725097656
2019-02-21,17249700,171.8000030517578,172.3699951171875,170.3000030517578,171.05999755859375,168.3940887451172
2019-02-20,26114400,171.19000244140625,173.32000732421875,170.99000549316406,172.02999877929688,169.34896850585938
2019-02-19,18972800,169.7100067138672,171.44000244140625,169.49000549316406,170.92999267578125,168.26609802246094
2019-02-15,24626800,171.25,171.6999969482422,169.75,170.4199981689453,167.76406860351562
2019-02-14,21835700,169.7100067138672,171.25999450683594,169.3800048828125,170.8000030517578,168.13815307617188
2019-02-13,22490200,171.38999938964844,172.47999572753906,169.9199981689453,170.17999267578125,167.5277862548828
2019-02-12,22283500,170.10000610351562,171.0,169.6999969482422,170.88999938964844,168.2267303466797
2019-02-11,20993400,171.0500030517578,171.2100067138672,169.25,169.42999267578125,166.7894744873047
2019-02-08,23820000,168.99000549316406,170.66000366210938,168.4199981689453,170.41000366210938,167.7542266845703
2019-02-07,31741700,172.39999389648438,173.94000244140625,170.33999633789062,170.94000244140625,167.5573272705078
2019-02-06,28239600,174.64999389648438,175.57000732421875,172.85000610351562,174.24000549316406,170.7920379638672
2019-02-05,36101600,172.86000061035156,175.0800018310547,172.35000610351562,174.17999267578125,170.73321533203125
2019-02-04,31495500,167.41000366210938,171.66000366210938,167.27999877929688,171.25,167.86119079589844
2019-02-01,32668100,166.9600067138672,168.97999572753906,165.92999267578125,166.52000427246094,163.22479248046875
2019-01-31,40739600,166.11000061035156,169.0,164.55999755859375,166.44000244140625,163.1463623046875
2019-01-30,61109800,163.25,166.14999389648438,160.22999572753906,165.25,161.9799346923828
2019-01-29,41587200,156.25,158.1300048828125,154.11000061035156,154.67999267578125,151.61907958984375
2019-01-28,26192100,155.7899932861328,156.3300018310547,153.66000366210938,156.3000030517578,153.20704650878906
2019-01-25,33535500,155.47999572753906,158.1300048828125,154.32000732421875,157.75999450683594,154.63815307617188
2019-01-24,25441500,154.11000061035156,154.47999572753906,151.74000549316406,152.6999969482422,149.67825317382812
2019-01-23,23130600,154.14999389648438,155.13999938964844,151.6999969482422,153.9199981689453,150.87413024902344
2019-01-22,30394000,156.41000366210938,156.72999572753906,152.6199951171875,153.3000030517578,150.2664031982422
2019-01-18,33751000,157.5,157.8800048828125,155.97999572753906,156.82000732421875,153.7167510986328
2019-01-17,29821200,154.1999969482422,157.66000366210938,153.25999450683594,155.86000061035156,152.77574157714844
2019-01-16,30569700,153.0800018310547,155.8800048828125,153.0,154.94000244140625,151.87396240234375
2019-01-15,28710900,150.27000427246094,153.38999938964844,150.0500030517578,153.07000732421875,150.0409698486328
2019-01-14,32439200,150.85000610351562,151.27000427246094,149.22000122070312,150.0,147.03170776367188
2019-01-11,27023200,152.8800048828125,153.6999969482422,151.50999450683594,152.2899932861328,149.27638244628906
2019-01-10,35780700,152.5,153.97000122070312,150.86000061035156,153.8000030517578,150.75653076171875
2019-01-09,45099100,151.2899932861328,154.52999877929688,149.6300048828125,153.30999755859375,150.2761993408203
2019-01-08,41025300,149.55999755859375,151.82000732421875,148.52000427246094,150.75,147.76686096191406
2019-01-07,54777800,148.6999969482422,148.8300018310547,145.89999389648438,147.92999267578125,145.002685546875
2019-01-04,58607100,144.52999877929688,148.5500030517578,143.8000030517578,148.25999450683594,145.3261260986328
2019-01-03,91312200,143.97999572753906,145.72000122070312,142.0,142.19000244140625,139.37625122070312
2019-01-02,37039700,154.88999938964844,158.85000610351562,154.22999572753906,157.9199981689453,154.79498291015625
2018-12-31,35003500,158.52999877929688,159.36000061035156,156.47999572753906,157.74000549316406,154.61854553222656
2018-12-28,42291400,157.5,158.52000427246094,154.5500030517578,156.22999572753906,153.138427734375
2018-12-27,53117100,155.83999633789062,156.77000427246094,150.07000732421875,156.14999389648438,153.05999755859375
2018-12-26,58582500,148.3000030517578,157.22999572753906,146.72000122070312,157.1699981689453,154.059814453125
2018-12-24,37169200,148.14999389648438,151.5500030517578,146.58999633789062,146.8300018310547,143.92445373535156
2018-12-21,95744600,156.86000061035156,158.16000366210938,149.6300048828125,150.72999572753906,147.74725341796875
2018-12-20,64773000,160.39999389648438,162.11000061035156,155.3000030517578,156.8300018310547,153.72653198242188
2018-12-19,49047300,166.0,167.4499969482422,159.08999633789062,160.88999938964844,157.70619201660156
2018-12-18,33841500,165.3800048828125,167.52999877929688,164.38999938964844,166.07000732421875,162.78372192382812
2018-12-17,44287900,165.4499969482422,168.35000610351562,162.72999572753906,163.94000244140625,160.69586181640625
2018-12-14,40703700,169.0,169.0800018310547,165.27999877929688,165.47999572753906,162.2053680419922
2018-12-13,31898600,170.49000549316406,172.57000732421875,169.5500030517578,170.9499969482422,167.56712341308594
2018-12-12,35627700,170.39999389648438,171.9199981689453,169.02000427246094,169.10000610351562,165.7537384033203
2018-12-11,47281700,171.66000366210938,171.7899932861328,167.0,168.6300048828125,165.2930450439453
2018-12-10,62026000,165.0,170.08999633789062,163.3300018310547,169.60000610351562,166.2438507080078
2018-12-07,42281600,173.49000549316406,174.49000549316406,168.3000030517578,168.49000549316406,165.15582275390625
2018-12-06,43098400,171.75999450683594,174.77999877929688,170.4199981689453,174.72000122070312,171.2625274658203
2018-12-04,41344300,180.9499969482422,182.38999938964844,176.27000427246094,176.69000244140625,173.19354248046875
2018-12-03,40802500,184.4600067138672,184.94000244140625,181.2100067138672,184.82000732421875,181.16265869140625
2018-11-30,39531500,180.2899932861328,180.3300018310547,177.02999877929688,178.5800018310547,175.04615783691406
2018-11-29,41770000,182.66000366210935,182.8000030517578,177.6999969482422,179.5500030517578,175.99693298339844
2018-11-28,46062500,176.72999572753906,181.2899932861328,174.92999267578125,180.94000244140625,177.3594512939453
2018-11-27,41387400,171.50999450683594,174.77000427246094,170.8800048828125,174.24000549316406,170.7920379638672
2018-11-26,44998500,174.24000549316406,174.9499969482422,170.25999450683594,174.6199951171875,171.1645050048828
2018-11-23,23624000,174.94000244140625,176.60000610351562,172.10000610351562,172.2899932861328,168.88059997558594
2018-11-21,31124200,179.72999572753906,180.2700042724609,176.5500030517578,176.77999877929688,173.28175354003906
2018-11-20,67825200,178.3699951171875,181.47000122070312,175.50999450683594,176.97999572753906,173.47781372070312
2018-11-19,41925300,190.0,190.6999969482422,184.9900054931641,185.8600006103516,182.1820831298828
2018-11-16,36928300,190.5,194.97000122070312,189.4600067138672,193.52999877929688,189.70030212402344
2018-11-15,46478800,188.38999938964844,191.97000122070312,186.8999938964844,191.41000366210935,187.62225341796875
2018-11-14,60801000,193.8999938964844,194.47999572753903,185.92999267578125,186.8000030517578,183.10348510742188
2018-11-13,46882900,191.6300048828125,197.17999267578125,191.4499969482422,192.22999572753903,188.426025390625
2018-11-12,51135500,199.0,199.8500061035156,193.7899932861328,194.1699981689453,190.3276214599609
2018-11-09,34365800,205.5500030517578,206.00999450683597,202.25,204.47000122070312,200.42379760742188
2018-11-08,25362600,209.97999572753903,210.1199951171875,206.75,208.4900054931641,204.3642578125
2018-11-07,33424400,205.97000122070312,210.05999755859372,204.1300048828125,209.9499969482422,205.07980346679688
2018-11-06,31882900,201.9199981689453,204.72000122070312,201.69000244140625,203.7700042724609,199.04318237304688
2018-11-05,66163700,204.3000030517578,204.38999938964844,198.1699981689453,201.58999633789065,196.91372680664065
2018-11-02,91328700,209.5500030517578,213.6499938964844,205.42999267578125,207.47999572753903,202.66709899902344
2018-11-01,58323200,219.0500030517578,222.3600006103516,216.80999755859372,222.22000122070312,217.065185546875
2018-10-31,38358900,216.8800048828125,220.4499969482422,216.6199951171875,218.8600006103516,213.78314208984372
2018-10-30,36660000,211.1499938964844,215.17999267578125,209.2700042724609,213.3000030517578,208.35211181640625
2018-10-29,45935500,219.19000244140625,219.69000244140625,206.08999633789065,212.2400054931641,207.3166961669922
2018-10-26,47258400,215.8999938964844,220.19000244140625,212.6699981689453,216.3000030517578,211.28253173828125
2018-10-25,29855800,217.7100067138672,221.3800048828125,216.75,219.8000030517578,214.7013397216797
2018-10-24,40925500,222.6000061035156,224.22999572753903,214.5399932861328,215.08999633789065,210.1005859375
2018-10-23,38767800,215.8300018310547,223.25,214.6999969482422,222.72999572753903,217.5633544921875
2018-10-22,28792100,219.7899932861328,223.3600006103516,218.94000244140625,220.6499938964844,215.53160095214844
2018-10-19,33078700,218.05999755859372,221.25999450683597,217.42999267578125,219.30999755859372,214.22267150878903
2018-10-18,32581300,217.8600006103516,219.7400054931641,213.0,216.0200042724609,211.0089874267578
2018-10-17,22885400,222.3000030517578,222.63999938964844,219.33999633789065,221.19000244140625,216.05909729003903
2018-10-16,29184000,218.92999267578125,222.9900054931641,216.75999450683597,222.1499938964844,216.99681091308597
2018-10-15,30791000,221.16000366210935,221.8300018310547,217.2700042724609,217.3600006103516,212.3179168701172
2018-10-12,40337900,220.4199981689453,222.8800048828125,216.83999633789065,222.1100006103516,216.95774841308597
2018-10-11,53124400,214.5200042724609,219.5,212.32000732421875,214.4499969482422,209.47543334960935
2018-10-10,41990600,225.4600067138672,226.3500061035156,216.0500030517578,216.3600006103516,211.3411102294922
2018-10-09,26891000,223.63999938964844,227.2700042724609,222.25,226.8699951171875,221.6073455810547
2018-10-08,29663900,222.2100067138672,224.8000030517578,220.1999969482422,223.7700042724609,218.5792694091797
2018-10-05,33580500,227.9600067138672,228.41000366210935,220.5800018310547,224.2899932861328,219.087158203125
2018-10-04,32042000,230.77999877929688,232.3500061035156,226.72999572753903,227.9900054931641,222.7013397216797
2018-10-03,28654800,230.0500030517578,233.47000122070312,229.77999877929688,232.07000732421875,226.68670654296875
2018-10-02,24788200,227.25,230.0,226.6300048828125,229.27999877929688,223.96142578125
2018-10-01,23600800,227.9499969482422,229.4199981689453,226.3500061035156,227.25999450683597,221.9882659912109
2018-09-28,22929400,224.7899932861328,225.83999633789065,224.0200042724609,225.7400054931641,220.5035400390625
2018-09-27,30181200,223.82000732421875,226.44000244140625,223.5399932861328,224.9499969482422,219.7318572998047
2018-09-26,23984700,221.0,223.75,219.75999450683597,220.4199981689453,215.3069305419922
2018-09-25,24554400,219.75,222.82000732421875,219.6999969482422,222.19000244140625,217.035888671875
2018-09-24,27693400,216.82000732421875,221.25999450683597,216.6300048828125,220.7899932861328,215.6683654785156
2018-09-21,96246700,220.77999877929688,221.3600006103516,217.2899932861328,217.66000366210935,212.6109771728516
2018-09-20,26608800,220.2400054931641,222.27999877929688,219.1499938964844,220.02999877929688,214.92601013183597
2018-09-19,27123800,218.5,219.6199951171875,215.3000030517578,218.3699951171875,213.30447387695312
2018-09-18,31571700,217.7899932861328,221.8500061035156,217.1199951171875,218.2400054931641,213.17752075195312
2018-09-17,37195100,222.1499938964844,222.9499969482422,217.2700042724609,217.8800048828125,212.8258819580078
2018-09-14,31999300,225.75,226.83999633789065,222.5200042724609,223.83999633789065,218.64761352539065
2018-09-13,41706400,223.5200042724609,228.3500061035156,222.57000732421875,226.41000366210935,221.15798950195312
2018-09-12,49278700,224.94000244140625,225.0,219.83999633789065,221.07000732421875,215.9418792724609
2018-09-11,35749000,218.00999450683597,224.3000030517578,216.55999755859372,223.8500061035156,218.65740966796875
2018-09-10,39516500,220.9499969482422,221.8500061035156,216.47000122070312,218.3300018310547,213.26541137695312
2018-09-07,37619800,221.8500061035156,225.3699951171875,220.7100067138672,221.3000030517578,216.1665496826172
2018-09-06,34290000,226.22999572753903,227.3500061035156,221.3000030517578,223.1000061035156,217.9247894287109
2018-09-05,33333000,228.9900054931641,229.6699981689453,225.1000061035156,226.8699951171875,221.6073455810547
2018-09-04,27390100,228.41000366210935,229.17999267578125,226.6300048828125,228.3600006103516,223.0627593994141
2018-08-31,43340100,226.50999450683597,228.8699951171875,226.0,227.6300048828125,222.3496856689453
2018-08-30,48793800,223.25,228.25999450683597,222.3999938964844,225.02999877929688,219.80999755859372
2018-08-29,27254800,220.1499938964844,223.4900054931641,219.41000366210935,222.97999572753903,217.8075714111328
2018-08-28,22776800,219.00999450683597,220.5399932861328,218.9199981689453,219.6999969482422,214.6036376953125
2018-08-27,20525100,217.1499938964844,218.7400054931641,216.3300018310547,217.94000244140625,212.88446044921875
2018-08-24,18476400,216.6000061035156,216.8999938964844,215.1100006103516,216.16000366210935,211.1457672119141
2018-08-23,18883200,214.6499938964844,217.0500030517578,214.6000061035156,215.4900054931641,210.49131774902344
2018-08-22,19018100,214.1000061035156,216.3600006103516,213.83999633789065,215.0500030517578,210.0615234375
2018-08-21,26159800,216.8000030517578,217.19000244140625,214.02999877929688,215.0399932861328,210.05172729492188
2018-08-20,30287700,218.1000061035156,219.17999267578125,215.1100006103516,215.4600067138672,210.4620056152344
2018-08-17,35427000,213.44000244140625,217.9499969482422,213.16000366210935,217.5800018310547,212.5328063964844
2018-08-16,28500400,211.75,213.80999755859372,211.47000122070312,213.32000732421875,208.3716583251953
2018-08-15,28807600,209.22000122070312,210.7400054931641,208.3300018310547,210.2400054931641,205.3630828857422
2018-08-14,20748000,210.16000366210935,210.55999755859372,208.25999450683597,209.75,204.88449096679688
2018-08-13,25890900,209.30999755859372,210.9499969482422,207.6999969482422,208.8699951171875,204.02484130859372
2018-08-10,24611200,207.3600006103516,209.1000061035156,206.6699981689453,207.52999877929688,202.71592712402344
2018-08-09,23492600,209.52999877929688,209.77999877929688,207.1999969482422,208.8800048828125,203.3215789794922
2018-08-08,22525500,206.0500030517578,207.80999755859372,204.5200042724609,207.25,201.7349548339844
2018-08-07,25587400,209.32000732421875,209.5,206.75999450683597,207.1100006103516,201.59864807128903
2018-08-06,25425400,208.0,209.25,207.07000732421875,209.07000732421875,203.50650024414065
2018-08-03,33447400,207.02999877929688,208.7400054931641,205.47999572753903,207.9900054931641,202.45523071289065
2018-08-02,62404000,200.5800018310547,208.3800048828125,200.3500061035156,207.38999938964844,201.8712158203125
2018-08-01,67935700,199.1300048828125,201.75999450683597,197.30999755859372,201.5,196.1379547119141
2018-07-31,39373000,190.3000030517578,192.13999938964844,189.33999633789065,190.2899932861328,185.2262420654297
2018-07-30,21029500,191.8999938964844,192.1999969482422,189.07000732421875,189.91000366210935,184.8563690185547
2018-07-27,24024000,194.9900054931641,195.19000244140625,190.1000061035156,190.97999572753903,185.8979034423828
2018-07-26,19076000,194.6100006103516,195.9600067138672,193.6100006103516,194.2100067138672,189.0419464111328
2018-07-25,16709900,193.05999755859372,194.8500061035156,192.42999267578125,194.82000732421875,189.63571166992188
2018-07-24,18697900,192.4499969482422,193.66000366210935,192.0500030517578,193.0,187.86415100097656
2018-07-23,15989400,190.67999267578125,191.9600067138672,189.55999755859372,191.6100006103516,186.5111083984375
2018-07-20,20676200,191.77999877929688,192.42999267578125,190.1699981689453,191.44000244140625,186.3456878662109
2018-07-19,20286800,189.69000244140625,192.5500030517578,189.69000244140625,191.8800048828125,186.77395629882807
2018-07-18,16393400,191.77999877929688,191.8000030517578,189.92999267578125,190.3999938964844,185.33331298828125
2018-07-17,15534500,189.75,191.8699951171875,189.1999969482422,191.4499969482422,186.3553771972656
2018-07-16,15043100,191.5200042724609,192.6499938964844,190.4199981689453,190.91000366210935,185.82977294921875
2018-07-13,12513900,191.0800018310547,191.83999633789065,190.8999938964844,191.3300018310547,186.2385711669922
2018-07-12,18041100,189.52999877929688,191.41000366210935,189.30999755859372,191.02999877929688,185.94656372070312
2018-07-11,18831500,188.5,189.77999877929688,187.6100006103516,187.8800048828125,182.88038635253903
2018-07-10,15939100,190.7100067138672,191.27999877929688,190.17999267578125,190.3500061035156,185.28469848632807
2018-07-09,19756600,189.5,190.67999267578125,189.3000030517578,190.5800018310547,185.508544921875
2018-07-06,17485200,185.4199981689453,188.42999267578125,185.1999969482422,187.97000122070312,182.9679718017578
2018-07-05,16604200,185.25999450683597,186.41000366210935,184.27999877929688,185.3999938964844,180.46636962890625
2018-07-03,13954800,187.7899932861328,187.9499969482422,183.5399932861328,183.9199981689453,179.02577209472656
2018-07-02,17731300,183.82000732421875,187.3000030517578,183.4199981689453,187.17999267578125,182.19900512695312
2018-06-29,22737700,186.2899932861328,187.19000244140625,182.91000366210935,185.1100006103516,180.18408203125
2018-06-28,17365200,184.1000061035156,186.2100067138672,183.8000030517578,185.5,180.5637359619141
2018-06-27,25285300,185.22999572753903,187.27999877929688,184.02999877929688,184.16000366210935,179.25936889648438
2018-06-26,24569200,182.9900054931641,186.52999877929688,182.5399932861328,184.42999267578125,179.52218627929688
2018-06-25,31663100,183.3999938964844,184.9199981689453,180.72999572753903,182.1699981689453,177.32232666015625
2018-06-22,27200400,186.1199951171875,186.1499938964844,184.6999969482422,184.9199981689453,179.99913024902344
2018-06-21,25711900,187.25,188.3500061035156,184.94000244140625,185.4600067138672,180.52479553222656
2018-06-20,20628700,186.3500061035156,187.1999969482422,185.72999572753903,186.5,181.537109375
2018-06-19,33578500,185.13999938964844,186.3300018310547,183.4499969482422,185.69000244140625,180.7486724853516
2018-06-18,18484900,187.8800048828125,189.22000122070312,187.1999969482422,188.7400054931641,183.7174835205078
2018-06-15,61719200,190.02999877929688,190.16000366210935,188.25999450683597,188.83999633789065,183.8148651123047
2018-06-14,21610100,191.5500030517578,191.57000732421875,190.22000122070312,190.8000030517578,185.7227020263672
2018-06-13,21638400,192.4199981689453,192.8800048828125,190.44000244140625,190.6999969482422,185.62533569335935
2018-06-12,16911100,191.38999938964844,192.6100006103516,191.1499938964844,192.27999877929688,187.16329956054688
2018-06-11,18308500,191.3500061035156,191.97000122070312,190.2100067138672,191.22999572753903,186.1412353515625
2018-06-08,26656800,191.1699981689453,192.0,189.7700042724609,191.6999969482422,186.59873962402344
2018-06-07,21347200,194.13999938964844,194.1999969482422,192.33999633789065,193.4600067138672,188.31190490722656
2018-06-06,20933600,193.6300048828125,194.0800018310547,191.9199981689453,193.97999572753903,188.81805419921875
2018-06-05,21566000,193.07000732421875,193.94000244140625,192.3600006103516,193.30999755859372,188.16587829589844
2018-06-04,26266200,191.63999938964844,193.4199981689453,191.3500061035156,191.8300018310547,186.72528076171875
2018-06-01,23442500,187.9900054931641,190.25999450683597,187.75,190.2400054931641,185.1775665283203
2018-05-31,27482800,187.22000122070312,188.22999572753903,186.13999938964844,186.8699951171875,181.89724731445312
2018-05-30,18690500,187.72000122070312,188.0,186.77999877929688,187.5,182.5105133056641
2018-05-29,22514100,187.6000061035156,188.75,186.8699951171875,187.8999938964844,182.89987182617188
2018-05-25,17461000,188.22999572753903,189.6499938964844,187.6499938964844,188.5800018310547,183.561767578125
2018-05-24,23234000,188.7700042724609,188.83999633789065,186.2100067138672,188.1499938964844,183.1432037353516
2018-05-23,20058400,186.3500061035156,188.5,185.75999450683597,188.3600006103516,183.3476409912109
2018-05-22,15240700,188.3800048828125,188.8800048828125,186.77999877929688,187.16000366210935,182.17953491210935
2018-05-21,18400800,188.0,189.2700042724609,186.91000366210935,187.6300048828125,182.6370391845703
2018-05-18,18297700,187.19000244140625,187.80999755859372,186.1300048828125,186.30999755859372,181.35215759277344
2018-05-17,17294000,188.0,188.91000366210935,186.3600006103516,186.9900054931641,182.0140686035156
2018-05-16,19183100,186.07000732421875,188.4600067138672,186.0,188.17999267578125,183.17237854003903
2018-05-15,23695200,186.77999877929688,187.07000732421875,185.1000061035156,186.44000244140625,181.47872924804688
2018-05-14,20778800,189.00999450683597,189.52999877929688,187.8600006103516,188.1499938964844,183.1432037353516
2018-05-11,26212200,189.4900054931641,190.05999755859372,187.4499969482422,188.58999633789065,183.5714874267578
2018-05-10,27989300,187.7400054931641,190.3699951171875,187.6499938964844,190.0399932861328,184.27232360839844
2018-05-09,23211200,186.5500030517578,187.3999938964844,185.22000122070312,187.3600006103516,181.67367553710935
2018-05-08,28402800,184.9900054931641,186.22000122070312,183.6699981689453,186.0500030517578,180.40342712402344
2018-05-07,42451400,185.17999267578125,187.6699981689453,184.75,185.16000366210935,179.54043579101562
2018-05-04,56201300,178.25,184.25,178.1699981689453,183.8300018310547,178.2508087158203
2018-05-03,34068200,175.8800048828125,177.5,174.44000244140625,176.88999938964844,171.52142333984375
2018-05-02,66539400,175.22999572753906,177.75,173.8000030517578,176.57000732421875,171.21115112304688
2018-05-01,53569400,166.41000366210938,169.1999969482422,165.27000427246094,169.10000610351562,163.96783447265625
2018-04-30,42427400,162.1300048828125,167.25999450683594,161.83999633789062,165.25999450683594,160.24440002441406
2018-04-27,35655800,164.0,164.3300018310547,160.6300048828125,162.32000732421875,157.3936309814453
2018-04-26,27963000,164.1199951171875,165.72999572753906,163.3699951171875,164.22000122070312,159.2359619140625
2018-04-25,28382100,162.6199951171875,165.4199981689453,162.41000366210938,163.64999389648438,158.68325805664062
2018-04-24,33692000,165.6699981689453,166.3300018310547,161.22000122070312,162.94000244140625,157.9948272705078
2018-04-23,36515500,166.8300018310547,166.9199981689453,164.08999633789062,165.24000549316406,160.2250213623047
2018-04-20,65491100,170.60000610351562,171.22000122070312,165.42999267578125,165.72000122070312,160.6904296875
2018-04-19,34808800,173.75999450683594,175.38999938964844,172.66000366210938,172.8000030517578,167.55555725097656
2018-04-18,20754500,177.80999755859375,178.82000732421875,176.8800048828125,177.83999633789062,172.44259643554688
2018-04-17,26605400,176.49000549316406,178.94000244140625,176.41000366210938,178.24000549316406,172.83045959472656
2018-04-16,21578400,175.02999877929688,176.19000244140625,174.8300018310547,175.82000732421875,170.4839324951172
2018-04-13,25124300,174.77999877929688,175.83999633789062,173.85000610351562,174.72999572753906,169.42697143554688
2018-04-12,22889300,173.41000366210938,175.0,173.0399932861328,174.13999938964844,168.85491943359375
2018-04-11,22431600,172.22999572753906,173.9199981689453,171.6999969482422,172.44000244140625,167.2064971923828
2018-04-10,28408600,173.0,174.0,171.52999877929688,173.25,167.99192810058594
2018-04-09,29017700,169.8800048828125,173.08999633789062,169.85000610351562,170.0500030517578,164.88902282714844
2018-04-06,35005300,170.97000122070312,172.47999572753906,168.1999969482422,168.3800048828125,163.26974487304688
2018-04-05,26933200,172.5800018310547,174.22999572753906,172.0800018310547,172.8000030517578,167.55555725097656
2018-04-04,34605500,164.8800048828125,172.00999450683594,164.77000427246094,171.61000061035156,166.4016876220703
2018-04-03,30278000,167.63999938964844,168.75,164.8800048828125,168.38999938964844,163.2794189453125
2018-04-02,37586800,166.63999938964844,168.94000244140625,164.47000122070312,166.67999267578125,161.62130737304688
2018-03-29,38398500,167.80999755859375,171.75,166.89999389648438,167.77999877929688,162.68792724609375
2018-03-28,41668500,167.25,170.02000427246094,165.19000244140625,166.47999572753906,161.4273681640625
2018-03-27,40922600,173.67999267578125,175.14999389648438,166.9199981689453,168.33999633789062,163.2309112548828
2018-03-26,37541200,168.07000732421875,173.10000610351562,166.44000244140625,172.77000427246094,167.52650451660156
2018-03-23,41028800,168.38999938964844,169.9199981689453,164.94000244140625,164.94000244140625,159.93409729003906
2018-03-22,41490800,170.0,172.67999267578125,168.60000610351562,168.85000610351562,163.72544860839844
2018-03-21,37054900,175.0399932861328,175.08999633789062,171.25999450683594,171.27000427246094,166.07200622558594
2018-03-20,19649400,175.24000549316406,176.8000030517578,174.94000244140625,175.24000549316406,169.92152404785156
2018-03-19,33446800,177.32000732421875,177.47000122070312,173.66000366210938,175.3000030517578,169.97970581054688
2018-03-16,39404700,178.64999389648438,179.1199951171875,177.6199951171875,178.02000427246094,172.61715698242188
2018-03-15,22743800,178.5,180.2400054931641,178.07000732421875,178.64999389648438,173.22801208496094
2018-03-14,29368400,180.32000732421875,180.5200042724609,177.80999755859375,178.44000244140625,173.02438354492188
2018-03-13,31693500,182.58999633789065,183.5,179.24000549316406,179.97000122070312,174.50796508789062
2018-03-12,32207100,180.2899932861328,182.38999938964844,180.2100067138672,181.72000122070312,176.204833984375
2018-03-09,32185200,177.9600067138672,180.0,177.38999938964844,179.97999572753906,174.51763916015625
2018-03-08,23774100,175.47999572753906,177.1199951171875,175.07000732421875,176.94000244140625,171.56993103027344
2018-03-07,31703500,174.94000244140625,175.85000610351562,174.27000427246094,175.02999877929688,169.7178955078125
2018-03-06,23788500,177.91000366210938,178.25,176.1300048828125,176.6699981689453,171.30812072753906
2018-03-05,28401400,175.2100067138672,177.74000549316406,174.52000427246094,176.82000732421875,171.45358276367188
2018-03-02,38454000,172.8000030517578,176.3000030517578,172.4499969482422,176.2100067138672,170.86207580566406
2018-03-01,48802000,178.5399932861328,179.77999877929688,172.66000366210938,175.0,169.6887664794922
2018-02-28,37782100,179.25999450683594,180.6199951171875,178.0500030517578,178.1199951171875,172.714111328125
2018-02-27,38928100,179.10000610351562,180.47999572753903,178.16000366210938,178.38999938964844,172.97592163085938
2018-02-26,38162200,176.35000610351562,179.38999938964844,176.2100067138672,178.97000122070312,173.5382843017578
2018-02-23,33812400,173.6699981689453,175.64999389648438,173.5399932861328,175.5,170.17361450195312
2018-02-22,30991900,171.8000030517578,173.9499969482422,171.7100067138672,172.5,167.26467895507812
2018-02-21,37471600,172.8300018310547,174.1199951171875,171.00999450683594,171.07000732421875,165.87806701660156
2018-02-20,33930500,172.0500030517578,174.25999450683594,171.4199981689453,171.85000610351562,166.6343994140625
2018-02-16,40176100,172.36000061035156,174.82000732421875,171.77000427246094,172.42999267578125,167.19679260253906
2018-02-15,51147200,169.7899932861328,173.08999633789062,169.0,172.99000549316406,167.73980712890625
2018-02-14,40644900,163.0399932861328,167.5399932861328,162.8800048828125,167.3699951171875,162.2903594970703
2018-02-13,32549200,161.9499969482422,164.75,161.64999389648438,164.33999633789062,159.35232543945312
2018-02-12,60819500,158.5,163.88999938964844,157.50999450683594,162.7100067138672,157.77178955078125
2018-02-09,70672600,157.07000732421875,157.88999938964844,150.24000549316406,156.41000366210938,151.6630096435547
2018-02-08,54390500,160.2899932861328,161.0,155.02999877929688,155.14999389648438,149.8303680419922
2018-02-07,51608600,163.08999633789062,163.39999389648438,159.07000732421875,159.5399932861328,154.06982421875
2018-02-06,68243800,154.8300018310547,163.72000122070312,154.0,163.02999877929688,157.44015502929688
2018-02-05,72738500,159.10000610351562,163.8800048828125,156.0,156.49000549316406,151.12440490722656
2018-02-02,86593800,166.0,166.8000030517578,160.10000610351562,160.5,154.99693298339844
2018-02-01,47230800,167.1699981689453,168.6199951171875,166.75999450683594,167.77999877929688,162.02732849121094
2018-01-31,32478900,166.8699951171875,168.44000244140625,166.5,167.42999267578125,161.68931579589844
2018-01-30,46048200,165.52999877929688,167.3699951171875,164.6999969482422,166.97000122070312,161.24510192871094
2018-01-29,50640400,170.16000366210938,170.16000366210938,167.07000732421875,167.9600067138672,162.20114135742188
2018-01-26,39143000,172.0,172.0,170.05999755859375,171.50999450683594,165.62940979003906
2018-01-25,41529000,174.50999450683594,174.9499969482422,170.52999877929688,171.11000061035156,165.24313354492188
2018-01-24,51105100,177.25,177.3000030517578,173.1999969482422,174.22000122070312,168.24652099609375
2018-01-23,32689100,177.3000030517578,179.44000244140625,176.82000732421875,177.0399932861328,170.9698028564453
2018-01-22,27108600,177.3000030517578,177.77999877929688,176.60000610351562,177.0,170.9311981201172
2018-01-19,32425100,178.61000061035156,179.5800018310547,177.41000366210938,178.4600067138672,172.3411407470703
2018-01-18,31193400,179.3699951171875,180.10000610351562,178.25,179.25999450683594,173.1136932373047
2018-01-17,34386800,176.14999389648438,179.25,175.07000732421875,179.10000610351562,172.95921325683594
2018-01-16,29565900,177.89999389648438,179.38999938964844,176.13999938964844,176.19000244140625,170.1489715576172
2018-01-12,25418100,176.17999267578125,177.36000061035156,175.64999389648438,177.08999633789062,171.0181121826172
2018-01-11,18667700,174.58999633789062,175.49000549316406,174.49000549316406,175.27999877929688,169.27015686035156
2018-01-10,23959900,173.16000366210938,174.3000030517578,173.0,174.2899932861328,168.31410217285156
2018-01-09,21584000,174.5500030517578,175.05999755859375,173.41000366210938,174.3300018310547,168.35272216796875
2018-01-08,20567800,174.35000610351562,175.61000061035156,173.92999267578125,174.35000610351562,168.37203979492188
2018-01-05,23660000,173.44000244140625,175.3699951171875,173.0500030517578,175.0,168.99974060058594
2018-01-04,22434600,172.5399932861328,173.47000122070312,172.0800018310547,173.02999877929688,167.0972900390625
2018-01-03,29517900,172.52999877929688,174.5500030517578,171.9600067138672,172.22999572753906,166.32472229003906
2018-01-02,25555900,170.16000366210938,172.3000030517578,169.25999450683594,172.25999450683594,166.3537139892578
2017-12-29,25999900,170.52000427246094,170.58999633789062,169.22000122070312,169.22999572753906,163.42759704589844
2017-12-28,16480200,171.0,171.85000610351562,170.47999572753906,171.0800018310547,165.2141876220703
2017-12-27,21498200,170.10000610351562,170.77999877929688,169.7100067138672,170.60000610351562,164.75064086914062
2017-12-26,33185500,170.8000030517578,171.47000122070312,169.67999267578125,170.57000732421875,164.7216796875
2017-12-22,16349400,174.67999267578125,175.4199981689453,174.5,175.00999450683594,169.00942993164062
2017-12-21,20949900,174.1699981689453,176.02000427246094,174.10000610351562,175.00999450683594,169.00942993164062
2017-12-20,23475600,174.8699951171875,175.4199981689453,173.25,174.35000610351562,168.37203979492188
2017-12-19,27436400,175.02999877929688,175.38999938964844,174.08999633789062,174.5399932861328,168.55551147460938
2017-12-18,29421100,174.8800048828125,177.1999969482422,174.86000061035156,176.4199981689453,170.37107849121094
2017-12-15,40169300,173.6300048828125,174.1699981689453,172.4600067138672,173.97000122070312,168.00506591796875
2017-12-14,20476500,172.39999389648438,173.1300048828125,171.64999389648438,172.22000122070312,166.31507873535156
2017-12-13,23818400,172.5,173.5399932861328,172.0,172.27000427246094,166.3633575439453
2017-12-12,19409200,172.14999389648438,172.38999938964844,171.4600067138672,171.6999969482422,165.81289672851562
2017-12-11,35273800,169.1999969482422,172.88999938964844,168.7899932861328,172.6699981689453,166.74964904785156
2017-12-08,23355200,170.49000549316406,171.0,168.82000732421875,169.3699951171875,163.56277465820312
2017-12-07,25673300,169.02999877929688,170.44000244140625,168.91000366210938,169.32000732421875,163.51454162597656
2017-12-06,28560000,167.5,170.1999969482422,166.4600067138672,169.00999450683594,163.21514892578125
2017-12-05,27350200,169.05999755859375,171.52000427246094,168.39999389648438,169.63999938964844,163.82351684570312
2017-12-04,32542400,172.47999572753906,172.6199951171875,169.6300048828125,169.8000030517578,163.97804260253906
2017-12-01,39759300,169.9499969482422,171.6699981689453,168.5,171.0500030517578,165.18519592285156
2017-11-30,41527200,170.42999267578125,172.13999938964844,168.44000244140625,171.85000610351562,165.957763671875
2017-11-29,41666400,172.6300048828125,172.9199981689453,167.16000366210938,169.47999572753906,163.6690673828125
2017-11-28,26428800,174.3000030517578,174.8699951171875,171.86000061035156,173.07000732421875,167.1359405517578
2017-11-27,20716800,175.0500030517578,175.0800018310547,173.33999633789062,174.08999633789062,168.12095642089844
2017-11-24,14026700,175.10000610351562,175.5,174.64999389648438,174.97000122070312,168.97079467773438
2017-11-22,25588900,173.36000061035156,175.0,173.0500030517578,174.9600067138672,168.96112060546875
2017-11-21,25131300,170.77999877929688,173.6999969482422,170.77999877929688,173.13999938964844,167.2035369873047
2017-11-20,16262400,170.2899932861328,170.55999755859375,169.55999755859375,169.97999572753906,164.1519012451172
2017-11-17,21899500,171.0399932861328,171.38999938964844,169.63999938964844,170.14999389648438,164.3160400390625
2017-11-16,23637500,171.17999267578125,171.8699951171875,170.3000030517578,171.10000610351562,165.23348999023438
2017-11-15,29158100,169.97000122070312,170.32000732421875,168.3800048828125,169.0800018310547,163.28271484375
2017-11-14,24782500,173.0399932861328,173.47999572753906,171.17999267578125,171.33999633789062,165.46524047851562
2017-11-13,16982100,173.5,174.5,173.39999389648438,173.97000122070312,168.00506591796875
2017-11-10,25145500,175.11000061035156,175.3800048828125,174.27000427246094,174.6699981689453,168.68106079101562
2017-11-09,29482600,175.11000061035156,176.10000610351562,173.13999938964844,175.8800048828125,169.24119567871094
2017-11-08,24409500,174.66000366210938,176.24000549316406,174.3300018310547,176.24000549316406,169.5876007080078
2017-11-07,24361500,173.91000366210938,175.25,173.60000610351562,174.80999755859375,168.21156311035156
2017-11-06,35026300,172.3699951171875,174.99000549316406,171.72000122070312,174.25,167.67271423339844
2017-11-03,59398600,174.0,174.25999450683594,171.1199951171875,172.5,165.98878479003906
2017-11-02,41393400,166.60000610351562,168.5,165.27999877929688,168.11000061035156,161.76449584960938
2017-11-01,33637800,169.8699951171875,169.94000244140625,165.61000061035156,166.88999938964844,160.5905303955078
2017-10-31,36046800,167.89999389648438,169.64999389648438,166.94000244140625,169.0399932861328,162.65936279296875
2017-10-30,44700800,163.88999938964844,168.07000732421875,163.72000122070312,166.72000122070312,160.4269561767578
2017-10-27,44454200,159.2899932861328,163.60000610351562,158.6999969482422,163.0500030517578,156.8954620361328
2017-10-26,17000500,157.22999572753906,157.8300018310547,156.77999877929688,157.41000366210938,151.4683380126953
2017-10-25,21207100,156.91000366210938,157.5500030517578,155.27000427246094,156.41000366210938,150.50611877441406
2017-10-24,17757200,156.2899932861328,157.4199981689453,156.1999969482422,157.10000610351562,151.17007446289062
2017-10-23,21984300,156.88999938964844,157.69000244140625,155.5,156.1699981689453,150.27517700195312
2017-10-20,23974100,156.61000061035156,157.75,155.9600067138672,156.25,150.35215759277344
2017-10-19,42584200,156.75,157.0800018310547,155.02000427246094,155.97999572753906,150.0923309326172
2017-10-18,16374200,160.4199981689453,160.7100067138672,159.60000610351562,159.75999450683594,153.72967529296875
2017-10-17,18997300,159.77999877929688,160.8699951171875,159.22999572753906,160.47000122070312,154.41285705566406
2017-10-16,24121500,157.89999389648438,160.0,157.64999389648438,159.8800048828125,153.84512329101562
2017-10-13,16394200,156.72999572753906,157.27999877929688,156.41000366210938,156.99000549316406,151.06423950195312
2017-10-12,16125100,156.35000610351562,157.3699951171875,155.72999572753906,156.0,150.11160278320312
2017-10-11,16905600,155.97000122070312,156.97999572753906,155.75,156.5500030517578,150.64083862304688
2017-10-10,15617000,156.05999755859375,158.0,155.10000610351562,155.89999389648438,150.0153350830078
2017-10-09,16262900,155.80999755859375,156.72999572753906,155.49000549316406,155.83999633789062,149.95761108398438
2017-10-06,17407600,154.97000122070312,155.49000549316406,154.55999755859375,155.3000030517578,149.43798828125
2017-10-05,21283800,154.17999267578125,155.44000244140625,154.0500030517578,155.38999938964844,149.52459716796875
2017-10-04,20163800,153.6300048828125,153.86000061035156,152.4600067138672,153.47999572753906,147.68670654296875
2017-10-03,16230300,154.00999450683594,155.08999633789062,153.91000366210938,154.47999572753906,148.64895629882812
2017-10-02,18698800,154.25999450683594,154.4499969482422,152.72000122070312,153.80999755859375,148.00425720214844
2017-09-29,26299800,153.2100067138672,154.1300048828125,152.0,154.1199951171875,148.30252075195312
2017-09-28,22005500,153.88999938964844,154.27999877929688,152.6999969482422,153.27999877929688,147.49427795410156
2017-09-27,25504200,153.8000030517578,154.72000122070312,153.5399932861328,154.22999572753906,148.40838623046875
2017-09-26,36660000,151.77999877929688,153.9199981689453,151.69000244140625,153.13999938964844,147.35952758789062
2017-09-25,44387300,149.99000549316406,151.8300018310547,149.16000366210938,150.5500030517578,144.8673095703125
2017-09-22,46645400,151.5399932861328,152.27000427246094,150.55999755859375,151.88999938964844,146.15672302246094
2017-09-21,37511700,155.8000030517578,155.8000030517578,152.75,153.38999938964844,147.60011291503906
2017-09-20,52951400,157.89999389648438,158.25999450683594,153.8300018310547,156.07000732421875,150.178955078125
2017-09-19,20810600,159.50999450683594,159.77000427246094,158.44000244140625,158.72999572753906,152.73854064941406
2017-09-18,28269400,160.11000061035156,160.5,158.0,158.6699981689453,152.68080139160156
2017-09-15,49114600,158.47000122070312,160.97000122070312,158.0,159.8800048828125,153.84512329101562
2017-09-14,23760700,158.99000549316406,159.39999389648438,158.08999633789062,158.27999877929688,152.30551147460938
2017-09-13,44907400,159.8699951171875,159.9600067138672,157.91000366210938,159.64999389648438,153.6238250732422
2017-09-12,71714000,162.61000061035156,163.9600067138672,158.77000427246094,160.86000061035156,154.7881622314453
2017-09-11,31580800,160.5,162.0500030517578,159.88999938964844,161.5,155.40399169921875
2017-09-08,28611500,160.86000061035156,161.14999389648438,158.52999877929688,158.6300048828125,152.64231872558594
2017-09-07,21928500,162.08999633789062,162.24000549316406,160.36000061035156,161.25999450683594,155.17303466796875
2017-09-06,21651700,162.7100067138672,162.99000549316406,160.52000427246094,161.91000366210938,155.79849243164062
2017-09-05,29468500,163.75,164.25,160.55999755859375,162.0800018310547,155.9620819091797
2017-09-01,16591100,164.8000030517578,164.94000244140625,163.6300048828125,164.0500030517578,157.8577423095703
2017-08-31,26785100,163.63999938964844,164.52000427246094,163.47999572753906,164.0,157.8096160888672
2017-08-30,27269600,163.8000030517578,163.88999938964844,162.61000061035156,163.35000610351562,157.1841583251953
2017-08-29,29516900,160.10000610351562,163.1199951171875,160.0,162.91000366210938,156.76077270507812
2017-08-28,25966000,160.13999938964844,162.0,159.92999267578125,161.47000122070312,155.37510681152344
2017-08-25,25480100,159.64999389648438,160.55999755859375,159.27000427246094,159.86000061035156,153.82589721679688
2017-08-24,19818900,160.42999267578125,160.74000549316406,158.5500030517578,159.27000427246094,153.25814819335938
2017-08-23,19399100,159.07000732421875,160.47000122070312,158.8800048828125,159.97999572753906,153.9413299560547
2017-08-22,21604600,158.22999572753906,160.0,158.02000427246094,159.77999877929688,153.74891662597656
2017-08-21,26368500,157.5,157.88999938964844,155.11000061035156,157.2100067138672,151.2759246826172
2017-08-18,27428100,157.86000061035156,159.5,156.72000122070312,157.5,151.55499267578125
2017-08-17,27940600,160.52000427246094,160.7100067138672,157.83999633789062,157.86000061035156,151.9013671875
2017-08-16,27671600,161.94000244140625,162.50999450683594,160.14999389648438,160.9499969482422,154.874755859375
2017-08-15,29465500,160.66000366210938,162.1999969482422,160.13999938964844,161.60000610351562,155.5001983642578
2017-08-14,22122700,159.32000732421875,160.2100067138672,158.75,159.85000610351562,153.81626892089844
2017-08-11,26257100,156.60000610351562,158.57000732421875,156.07000732421875,157.47999572753906,151.53573608398438
2017-08-10,40804300,159.89999389648438,160.0,154.6300048828125,155.32000732421875,149.45724487304688
2017-08-09,26131500,159.25999450683594,161.27000427246094,159.11000061035156,161.05999755859375,154.37435913085938
2017-08-08,36205900,158.60000610351562,161.8300018310547,158.27000427246094,160.0800018310547,153.43504333496094
2017-08-07,21870300,157.05999755859375,158.9199981689453,156.6699981689453,158.80999755859375,152.2177734375
2017-08-04,20559900,156.07000732421875,157.39999389648438,155.69000244140625,156.38999938964844,149.89820861816406
2017-08-03,27097300,157.0500030517578,157.2100067138672,155.02000427246094,155.57000732421875,149.11224365234375
2017-08-02,69936800,159.27999877929688,159.75,156.16000366210938,157.13999938964844,150.61708068847656
2017-08-01,35368600,149.10000610351562,150.22000122070312,148.41000366210938,150.0500030517578,143.82139587402344
2017-07-31,19845900,149.89999389648438,150.3300018310547,148.1300048828125,148.72999572753906,142.55616760253906
2017-07-28,17213700,149.88999938964844,150.22999572753906,149.19000244140625,149.5,143.2942352294922
2017-07-27,32476300,153.75,153.99000549316406,147.3000030517578,150.55999755859375,144.31024169921875
2017-07-26,15781000,153.35000610351562,153.92999267578125,153.05999755859375,153.4600067138672,147.08987426757812
2017-07-25,18853900,151.8000030517578,153.83999633789062,151.8000030517578,152.74000549316406,146.39971923828125
2017-07-24,21493200,150.5800018310547,152.44000244140625,149.89999389648438,152.08999633789062,145.77671813964844
2017-07-21,26252600,149.99000549316406,150.44000244140625,148.8800048828125,150.27000427246094,144.03225708007812
2017-07-20,17243700,151.5,151.74000549316406,150.19000244140625,150.33999633789062,144.09934997558594
2017-07-19,20923000,150.47999572753906,151.4199981689453,149.9499969482422,151.02000427246094,144.75112915039062
2017-07-18,17868800,149.1999969482422,150.1300048828125,148.6699981689453,150.0800018310547,143.8501434326172
2017-07-17,23793500,148.82000732421875,150.89999389648438,148.57000732421875,149.55999755859375,143.35171508789062
2017-07-14,20132100,147.97000122070312,149.3300018310547,147.3300018310547,149.0399932861328,142.8533172607422
2017-07-13,25199400,145.5,148.49000549316406,145.44000244140625,147.77000427246094,141.6360626220703
2017-07-12,24884500,145.8699951171875,146.17999267578125,144.82000732421875,145.74000549316406,139.6903076171875
2017-07-11,19781800,144.72999572753906,145.85000610351562,144.3800048828125,145.52999877929688,139.489013671875
2017-07-10,21090600,144.11000061035156,145.9499969482422,143.3699951171875,145.05999755859375,139.0384979248047
2017-07-07,19201700,142.89999389648438,144.75,142.89999389648438,144.17999267578125,138.19505310058594
2017-07-06,24128800,143.02000427246094,143.5,142.41000366210938,142.72999572753906,136.80523681640625
2017-07-05,21569600,143.69000244140625,144.7899932861328,142.72000122070312,144.08999633789062,138.10879516601562
2017-07-03,14277800,144.8800048828125,145.3000030517578,143.10000610351562,143.5,137.5432586669922
2017-06-30,23024100,144.4499969482422,144.9600067138672,143.77999877929688,144.02000427246094,138.04168701171875
2017-06-29,31499400,144.7100067138672,145.1300048828125,142.27999877929688,143.67999267578125,137.7158203125
2017-06-28,22082400,144.49000549316406,146.11000061035156,143.16000366210938,145.8300018310547,139.7765655517578
2017-06-27,24761900,145.00999450683594,146.16000366210938,143.6199951171875,143.72999572753906,137.7637176513672
2017-06-26,25692400,147.1699981689453,148.27999877929688,145.3800048828125,145.82000732421875,139.76699829101562
2017-06-23,35439400,145.1300048828125,147.16000366210938,145.11000061035156,146.27999877929688,140.2078857421875
2017-06-22,19106300,145.77000427246094,146.6999969482422,145.1199951171875,145.6300048828125,139.58489990234375
2017-06-21,21265800,145.52000427246094,146.07000732421875,144.61000061035156,145.8699951171875,139.8148956298828
2017-06-20,24900100,146.8699951171875,146.8699951171875,144.94000244140625,145.00999450683594,138.9906005859375
2017-06-19,32541400,143.66000366210938,146.74000549316406,143.66000366210938,146.33999633789062,140.265380859375
2017-06-16,50361100,143.77999877929688,144.5,142.1999969482422,142.27000427246094,136.36436462402344
2017-06-15,32165400,143.32000732421875,144.47999572753906,142.2100067138672,144.2899932861328,138.3004608154297
2017-06-14,31531200,147.5,147.5,143.83999633789062,145.16000366210938,139.1343994140625
2017-06-13,34165400,147.16000366210938,147.4499969482422,145.14999389648438,146.58999633789062,140.5050048828125
2017-06-12,72307300,145.74000549316406,146.08999633789062,142.50999450683594,145.4199981689453,139.3835906982422
2017-06-09,64882700,155.19000244140625,155.19000244140625,146.02000427246094,148.97999572753906,142.79576110839844
2017-06-08,21250800,155.25,155.5399932861328,154.39999389648438,154.99000549316406,148.5563201904297
2017-06-07,21069600,155.02000427246094,155.97999572753906,154.47999572753906,155.3699951171875,148.9205780029297
2017-06-06,26624900,153.89999389648438,155.80999755859375,153.77999877929688,154.4499969482422,148.0387420654297
2017-06-05,25331700,154.33999633789062,154.4499969482422,153.4600067138672,153.92999267578125,147.54031372070312
2017-06-02,27770700,153.5800018310547,155.4499969482422,152.88999938964844,155.4499969482422,148.99725341796875
2017-06-01,16404100,153.1699981689453,153.3300018310547,152.22000122070312,153.17999267578125,146.8214569091797
2017-05-31,24451200,153.97000122070312,154.1699981689453,152.3800048828125,152.75999450683594,146.41888427734375
2017-05-30,20126900,153.4199981689453,154.42999267578125,153.3300018310547,153.6699981689453,147.2911376953125
2017-05-26,21927600,154.0,154.24000549316406,153.30999755859375,153.61000061035156,147.23362731933594
2017-05-25,19235600,153.72999572753906,154.35000610351562,153.02999877929688,153.8699951171875,147.4827880859375
2017-05-24,19178000,153.83999633789062,154.1699981689453,152.6699981689453,153.33999633789062,146.974853515625
2017-05-23,19918900,154.89999389648438,154.89999389648438,153.30999755859375,153.8000030517578,147.4157257080078
2017-05-22,22966400,154.0,154.5800018310547,152.91000366210938,153.99000549316406,147.59783935546875
2017-05-19,26960800,153.3800048828125,153.97999572753906,152.6300048828125,153.05999755859375,146.70643615722656
2017-05-18,33568200,151.27000427246094,153.33999633789062,151.1300048828125,152.5399932861328,146.2080078125
2017-05-17,50767700,153.60000610351562,154.57000732421875,149.7100067138672,150.25,144.01309204101562
2017-05-16,20048500,155.94000244140625,156.05999755859375,154.72000122070312,155.47000122070312,149.01638793945312
2017-05-15,26009700,156.00999450683594,156.64999389648438,155.0500030517578,155.6999969482422,149.2368621826172
2017-05-12,32527000,154.6999969482422,156.4199981689453,154.6699981689453,156.10000610351562,149.62025451660156
2017-05-11,27255100,152.4499969482422,154.07000732421875,152.30999755859375,153.9499969482422,147.55947875976562
2017-05-10,25805700,153.6300048828125,153.94000244140625,152.11000061035156,153.25999450683594,146.29429626464844
2017-05-09,39130400,153.8699951171875,154.8800048828125,153.4499969482422,153.99000549316406,146.99110412597656
2017-05-08,48752400,149.02999877929688,153.6999969482422,149.02999877929688,153.00999450683594,146.0556640625
2017-05-05,27327700,146.75999450683594,148.97999572753906,146.75999450683594,148.9600067138672,142.18971252441406
2017-05-04,23371900,146.52000427246094,147.13999938964844,145.80999755859375,146.52999877929688,139.87017822265625
2017-05-03,45697000,145.58999633789062,147.49000549316406,144.27000427246094,147.05999755859375,140.37611389160156
2017-05-02,45352200,147.5399932861328,148.08999633789062,146.83999633789062,147.50999450683594,140.80563354492188
2017-05-01,33602900,145.10000610351562,147.1999969482422,144.9600067138672,146.5800018310547,139.9179229736328
2017-04-28,20860400,144.08999633789062,144.3000030517578,143.27000427246094,143.64999389648438,137.12106323242188
2017-04-27,14246300,143.9199981689453,144.16000366210938,143.30999755859375,143.7899932861328,137.2546844482422
2017-04-26,20041200,144.47000122070312,144.60000610351562,143.3800048828125,143.67999267578125,137.1497039794922
2017-04-25,18871500,143.91000366210938,144.89999389648438,143.8699951171875,144.52999877929688,137.9611053466797
2017-04-24,17134300,143.5,143.9499969482422,143.17999267578125,143.63999938964844,137.11154174804688
2017-04-21,17320900,142.44000244140625,142.67999267578125,141.85000610351562,142.27000427246094,135.80380249023438
2017-04-20,23319600,141.22000122070312,142.9199981689453,141.16000366210938,142.44000244140625,135.966064453125
2017-04-19,17328400,141.8800048828125,142.0,140.4499969482422,140.67999267578125,134.28604125976562
2017-04-18,14697500,141.41000366210938,142.0399932861328,141.11000061035156,141.1999969482422,134.78244018554688
2017-04-17,16582100,141.47999572753906,141.8800048828125,140.8699951171875,141.8300018310547,135.38380432128906
2017-04-13,17822900,141.91000366210938,142.3800048828125,141.0500030517578,141.0500030517578,134.63925170898438
2017-04-12,20350000,141.60000610351562,142.14999389648438,141.00999450683594,141.8000030517578,135.35513305664062
2017-04-11,30379400,142.94000244140625,143.35000610351562,140.05999755859375,141.6300048828125,135.19290161132812
2017-04-10,18933400,143.60000610351562,143.8800048828125,142.89999389648438,143.1699981689453,136.66287231445312
2017-04-07,16672200,143.72999572753906,144.17999267578125,143.27000427246094,143.33999633789062,136.82516479492188
2017-04-06,21149000,144.2899932861328,144.52000427246094,143.4499969482422,143.66000366210938,137.13063049316406
2017-04-05,27717900,144.22000122070312,145.4600067138672,143.80999755859375,144.02000427246094,137.47425842285156
2017-04-04,19891400,143.25,144.88999938964844,143.1699981689453,144.77000427246094,138.190185546875
2017-04-03,19985700,143.7100067138672,144.1199951171875,143.0500030517578,143.6999969482422,137.16883850097656
2017-03-31,19661700,143.72000122070312,144.27000427246094,143.00999450683594,143.66000366210938,137.13063049316406
2017-03-30,21207300,144.19000244140625,144.5,143.5,143.92999267578125,137.38833618164062
2017-03-29,29190000,143.67999267578125,144.49000549316406,143.19000244140625,144.1199951171875,137.56968688964844
2017-03-28,33374800,140.91000366210938,144.0399932861328,140.6199951171875,143.8000030517578,137.26426696777344
2017-03-27,23575100,139.38999938964844,141.22000122070312,138.6199951171875,140.8800048828125,134.47698974609375
2017-03-24,22395600,141.5,141.74000549316406,140.35000610351562,140.63999938964844,134.24786376953125
2017-03-23,20346300,141.25999450683594,141.5800018310547,140.61000061035156,140.9199981689453,134.51515197753906
2017-03-22,25860200,139.85000610351562,141.60000610351562,139.75999450683594,141.4199981689453,134.992431640625
2017-03-21,39529900,142.11000061035156,142.8000030517578,139.72999572753906,139.83999633789062,133.48423767089844
2017-03-20,21542000,140.39999389648438,141.5,140.22999572753906,141.4600067138672,135.03060913085938
2017-03-17,43885000,141.0,141.0,139.88999938964844,139.99000549316406,133.62745666503906
2017-03-16,19232000,140.72000122070312,141.02000427246094,140.25999450683594,140.69000244140625,134.29559326171875
2017-03-15,25691800,139.41000366210938,140.75,139.02999877929688,140.4600067138672,134.07608032226562
2017-03-14,15309100,139.3000030517578,139.64999389648438,138.83999633789062,138.99000549316406,132.67286682128906
2017-03-13,17421700,138.85000610351562,139.42999267578125,138.82000732421875,139.1999969482422,132.87330627441406
2017-03-10,19612800,139.25,139.36000061035156,138.63999938964844,139.13999938964844,132.81605529785156
2017-03-09,22155900,138.74000549316406,138.7899932861328,137.0500030517578,138.67999267578125,132.376953125
2017-03-08,18707200,138.9499969482422,139.8000030517578,138.82000732421875,139.0,132.6824188232422
2017-03-07,17446300,139.05999755859375,139.97999572753906,138.7899932861328,139.52000427246094,133.17880249023438
2017-03-06,21750000,139.3699951171875,139.77000427246094,138.60000610351562,139.33999633789062,133.0069580078125
2017-03-03,21108100,138.77999877929688,139.8300018310547,138.58999633789062,139.77999877929688,133.4269561767578
2017-03-02,26211000,140.0,140.27999877929688,138.75999450683594,138.9600067138672,132.64425659179688
2017-03-01,36414600,137.88999938964844,140.14999389648438,137.60000610351562,139.7899932861328,133.43650817871094
2017-02-28,23482900,137.0800018310547,137.44000244140625,136.6999969482422,136.99000549316406,130.76380920410156
2017-02-27,20257400,137.13999938964844,137.44000244140625,136.27999877929688,136.92999267578125,130.70648193359375
2017-02-24,21776600,135.91000366210938,136.66000366210938,135.27999877929688,136.66000366210938,130.4488067626953
2017-02-23,20788200,137.3800048828125,137.47999572753906,136.3000030517578,136.52999877929688,130.32467651367188
2017-02-22,20836900,136.42999267578125,137.1199951171875,136.11000061035156,137.11000061035156,130.87832641601562
2017-02-21,24507200,136.22999572753906,136.75,135.97999572753906,136.6999969482422,130.48696899414062
2017-02-17,22198200,135.10000610351562,135.8300018310547,135.10000610351562,135.72000122070312,129.55152893066406
2017-02-16,22584600,135.6699981689453,135.89999389648438,134.83999633789062,135.35000610351562,129.1983184814453
2017-02-15,35623100,135.52000427246094,136.27000427246094,134.6199951171875,135.50999450683594,129.35105895996094
2017-02-14,33226200,133.47000122070312,135.08999633789062,133.25,135.02000427246094,128.88333129882812
2017-02-13,23035400,133.0800018310547,133.82000732421875,132.75,133.2899932861328,127.23192596435548
2017-02-10,20065500,132.4600067138672,132.94000244140625,132.0500030517578,132.1199951171875,126.11511993408205
2017-02-09,28349900,131.64999389648438,132.4499969482422,131.1199951171875,132.4199981689453,126.40147399902344
2017-02-08,23004100,131.35000610351562,132.22000122070312,131.22000122070312,132.0399932861328,125.49463653564452
2017-02-07,38183800,130.5399932861328,132.08999633789062,130.4499969482422,131.52999877929688,125.00992584228516
2017-02-06,26845900,129.1300048828125,130.5,128.89999389648438,130.2899932861328,123.8314208984375
2017-02-03,24507300,128.30999755859375,129.19000244140625,128.16000366210938,129.0800018310547,122.68138885498048
2017-02-02,33710400,127.9800033569336,129.38999938964844,127.77999877929688,128.52999877929688,122.15866088867188
2017-02-01,111985000,127.02999877929688,130.49000549316406,127.01000213623048,128.75,122.36775207519533
2017-01-31,49201000,121.1500015258789,121.38999938964844,120.62000274658205,121.3499984741211,115.33456420898438
2017-01-30,30377500,120.93000030517578,121.62999725341795,120.66000366210938,121.62999725341795,115.60067749023438
2017-01-27,20562900,122.13999938964844,122.3499984741211,121.5999984741211,121.9499969482422,115.90483856201172
2017-01-26,26337600,121.66999816894533,122.44000244140624,121.5999984741211,121.94000244140624,115.89533996582033
2017-01-25,32377600,120.41999816894533,122.0999984741211,120.27999877929688,121.87999725341795,115.83829498291016
2017-01-24,23211000,119.5500030517578,120.0999984741211,119.5,119.97000122070312,114.02298736572266
2017-01-23,22050200,120.0,120.80999755859376,119.7699966430664,120.08000183105467,114.12753295898438
2017-01-20,32597900,120.4499969482422,120.4499969482422,119.7300033569336,120.0,114.05149841308594
2017-01-19,25597300,119.4000015258789,120.08999633789062,119.37000274658205,119.77999877929688,113.8424072265625
2017-01-18,23713000,120.0,120.5,119.70999908447266,119.98999786376952,114.04197692871094
2017-01-17,34439800,118.33999633789062,120.23999786376952,118.22000122070312,120.0,114.05149841308594
2017-01-13,26111900,119.11000061035156,119.62000274658205,118.80999755859376,119.04000091552734,113.13908386230467
2017-01-12,27086200,118.9000015258789,119.3000030517578,118.20999908447266,119.25,113.33866119384766
2017-01-11,27588600,118.73999786376952,119.93000030517578,118.5999984741211,119.75,113.81388092041016
2017-01-10,24462100,118.7699966430664,119.37999725341795,118.3000030517578,119.11000061035156,113.20561981201172
2017-01-09,33561900,117.9499969482422,119.43000030517578,117.94000244140624,118.98999786376952,113.09156036376952
2017-01-06,31751900,116.77999877929688,118.16000366210938,116.47000122070312,117.91000366210938,112.06510925292967
2017-01-05,22193600,115.91999816894533,116.86000061035156,115.80999755859376,116.61000061035156,110.82955169677734
2017-01-04,21118100,115.8499984741211,116.51000213623048,115.75,116.0199966430664,110.26879119873048
2017-01-03,28781900,115.8000030517578,116.33000183105467,114.76000213623048,116.1500015258789,110.392333984375
2016-12-30,30586300,116.6500015258789,117.1999969482422,115.43000030517578,115.81999969482422,110.07869720458984
2016-12-29,15039500,116.4499969482422,117.11000061035156,116.4000015258789,116.7300033569336,110.94358825683594
2016-12-28,20905900,117.5199966430664,118.0199966430664,116.1999969482422,116.76000213623048,110.9721221923828
2016-12-27,18296900,116.5199966430664,117.8000030517578,116.48999786376952,117.26000213623048,111.44731903076172
2016-12-23,14249500,115.58999633789062,116.5199966430664,115.58999633789062,116.5199966430664,110.74398803710938
2016-12-22,26085900,116.3499984741211,116.51000213623048,115.63999938964844,116.29000091552734,110.52540588378906
2016-12-21,23783200,116.8000030517578,117.4000015258789,116.77999877929688,117.05999755859376,111.25724792480467
2016-12-20,21425000,116.73999786376952,117.5,116.68000030517578,116.9499969482422,111.1526870727539
2016-12-19,27779400,115.8000030517578,117.37999725341795,115.75,116.63999938964844,110.8580551147461
2016-12-16,44351100,116.47000122070312,116.5,115.6500015258789,115.97000122070312,110.22126770019533
2016-12-15,46524500,115.37999725341795,116.7300033569336,115.2300033569336,115.81999969482422,110.07869720458984
2016-12-14,34031800,115.04000091552734,116.1999969482422,114.9800033569336,115.19000244140624,109.47994232177734
2016-12-13,43733800,113.83999633789062,115.91999816894533,113.75,115.19000244140624,109.47994232177734
2016-12-12,26374400,113.29000091552734,115.0,112.48999786376952,113.3000030517578,107.68362426757812
2016-12-09,34402600,112.30999755859376,114.6999969482422,112.30999755859376,113.9499969482422,108.30138397216795
2016-12-08,27068300,110.86000061035156,112.43000030517578,110.5999984741211,112.12000274658205,106.56211853027344
2016-12-07,29998700,109.26000213623048,111.19000244140624,109.16000366210938,111.02999877929688,105.52615356445312
2016-12-06,26195500,109.5,110.36000061035156,109.19000244140624,109.9499969482422,104.49966430664062
2016-12-05,34324500,110.0,110.02999877929688,108.25,109.11000061035156,103.70132446289062
2016-12-02,26528000,109.16999816894533,110.08999633789062,108.8499984741211,109.9000015258789,104.45216369628906
2016-12-01,37086900,110.37000274658205,110.94000244140624,109.02999877929688,109.48999786376952,104.06248474121094
2016-11-30,36162300,111.5999984741211,112.1999969482422,110.2699966430664,110.5199966430664,105.04142761230467
2016-11-29,28528800,110.77999877929688,112.02999877929688,110.06999969482422,111.45999908447266,105.93482971191406
2016-11-28,27194000,111.43000030517578,112.47000122070312,111.38999938964844,111.56999969482422,106.03936767578124
2016-11-25,11475900,111.12999725341795,111.87000274658205,110.9499969482422,111.79000091552734,106.24847412109376
2016-11-23,27426400,111.36000061035156,111.51000213623048,110.33000183105467,111.2300033569336,105.71622467041016
2016-11-22,25965500,111.9499969482422,112.41999816894533,111.4000015258789,111.8000030517578,106.25797271728516
2016-11-21,29264600,110.12000274658205,111.98999786376952,110.01000213623048,111.7300033569336,106.19145965576172
2016-11-18,28428900,109.72000122070312,110.54000091552734,109.66000366210938,110.05999755859376,104.60423278808594
2016-11-17,27632000,109.80999755859376,110.3499984741211,108.83000183105467,109.9499969482422,104.49966430664062
2016-11-16,58840500,106.6999969482422,110.2300033569336,106.5999984741211,109.98999786376952,104.53768157958984
2016-11-15,32264500,106.56999969482422,107.68000030517578,106.16000366210938,107.11000061035156,101.80046081542967
2016-11-14,51175500,107.70999908447266,107.80999755859376,104.08000183105467,105.70999908447266,100.46986389160156
2016-11-11,34143900,107.12000274658205,108.87000274658205,106.5500030517578,108.43000030517578,103.05503845214844
2016-11-10,57134500,111.08999633789062,111.08999633789062,105.83000183105467,107.79000091552734,102.44676208496094
2016-11-09,59176400,109.87999725341795,111.31999969482422,108.0500030517578,110.87999725341795,105.38358306884766
2016-11-08,24254200,110.30999755859376,111.72000122070312,109.6999969482422,111.05999755859376,105.5546646118164
2016-11-07,32560000,110.08000183105467,110.51000213623048,109.45999908447266,110.41000366210938,104.9368667602539
2016-11-04,30837000,108.52999877929688,110.25,108.11000061035156,108.83999633789062,103.44469451904295
2016-11-03,26932600,110.9800033569336,111.45999908447266,109.5500030517578,109.83000183105467,104.3856430053711
2016-11-02,28331700,111.4000015258789,112.3499984741211,111.2300033569336,111.58999633789062,105.51661682128906
2016-11-01,43825800,113.45999908447266,113.7699966430664,110.52999877929688,111.48999786376952,105.4220733642578
2016-10-31,26419400,113.6500015258789,114.2300033569336,113.1999969482422,113.54000091552734,107.3604965209961
2016-10-28,37861700,113.87000274658205,115.20999908447266,113.4499969482422,113.72000122070312,107.53070068359376
2016-10-27,34562000,115.38999938964844,115.86000061035156,114.0999984741211,114.4800033569336,108.24934387207033
2016-10-26,66134200,114.30999755859376,115.6999969482422,113.30999755859376,115.58999633789062,109.29893493652344
2016-10-25,48129000,117.9499969482422,118.36000061035156,117.30999755859376,118.25,111.8141632080078
2016-10-24,23538700,117.0999984741211,117.73999786376952,117.0,117.6500015258789,111.24681091308594
2016-10-21,23192700,116.80999755859376,116.91000366210938,116.27999877929688,116.5999984741211,110.25397491455078
2016-10-20,24125800,116.86000061035156,117.37999725341795,116.33000183105467,117.05999755859376,110.6889419555664
2016-10-19,20034600,117.25,117.76000213623048,113.8000030517578,117.12000274658205,110.74566650390624
2016-10-18,24553500,118.18000030517578,118.20999908447266,117.4499969482422,117.47000122070312,111.0766143798828
2016-10-17,23624900,117.33000183105467,117.83999633789062,116.77999877929688,117.5500030517578,111.15225219726562
2016-10-14,35652200,117.87999725341795,118.16999816894533,117.12999725341795,117.62999725341795,111.22789764404295
2016-10-13,35192400,116.79000091552734,117.44000244140624,115.72000122070312,116.9800033569336,110.61328887939452
2016-10-12,37586800,117.3499984741211,117.9800033569336,116.75,117.33999633789062,110.95368957519533
2016-10-11,64041000,117.6999969482422,118.69000244140624,116.1999969482422,116.3000030517578,109.97029113769533
2016-10-10,36236000,115.0199966430664,116.75,114.72000122070312,116.0500030517578,109.7339096069336
2016-10-07,24358400,114.30999755859376,114.55999755859376,113.51000213623048,114.05999755859376,107.85221099853516
2016-10-06,28779300,113.6999969482422,114.33999633789062,113.12999725341795,113.88999938964844,107.6914520263672
2016-10-05,21453100,113.4000015258789,113.66000366210938,112.69000244140624,113.0500030517578,106.8971939086914
2016-10-04,29736800,113.05999755859376,114.30999755859376,112.62999725341795,113.0,106.84990692138672
2016-10-03,21701800,112.70999908447266,113.0500030517578,112.27999877929688,112.5199966430664,106.39601135253906
2016-09-30,36379100,112.45999908447266,113.37000274658205,111.8000030517578,113.0500030517578,106.8971939086914
2016-09-29,35887000,113.16000366210938,113.8000030517578,111.8000030517578,112.18000030517578,106.07453155517578
2016-09-28,29641100,113.69000244140624,114.63999938964844,113.43000030517578,113.9499969482422,107.74819946289062
2016-09-27,24607400,113.0,113.18000030517578,112.33999633789062,113.08999633789062,106.93498992919922
2016-09-26,29869400,111.63999938964844,113.38999938964844,111.5500030517578,112.87999725341795,106.7364273071289
2016-09-23,52481200,114.41999816894533,114.79000091552734,111.5500030517578,112.70999908447266,106.57566833496094
2016-09-22,31074000,114.3499984741211,114.94000244140624,114.0,114.62000274658205,108.3817367553711
2016-09-21,36003200,113.8499984741211,113.98999786376952,112.44000244140624,113.5500030517578,107.36996459960938
2016-09-20,34514300,113.0500030517578,114.12000274658205,112.51000213623048,113.56999969482422,107.38888549804688
2016-09-19,47023000,115.19000244140624,116.18000030517578,113.25,113.58000183105467,107.3983383178711
2016-09-16,79886900,115.12000274658205,116.12999725341795,114.04000091552734,114.91999816894533,108.66542053222656
2016-09-15,89983600,113.86000061035156,115.7300033569336,113.48999786376952,115.56999969482422,109.280029296875
2016-09-14,110888700,108.7300033569336,113.02999877929688,108.5999984741211,111.7699966430664,105.68683624267578
2016-09-13,62176200,107.51000213623048,108.79000091552734,107.23999786376952,107.9499969482422,102.07474517822266
2016-09-12,45292800,102.6500015258789,105.72000122070312,102.52999877929688,105.44000244140624,99.70136260986328
2016-09-09,46557000,104.63999938964844,105.72000122070312,103.12999725341795,103.12999725341795,97.51708984375
2016-09-08,53002000,107.25,107.2699966430664,105.23999786376952,105.5199966430664,99.77701568603516
2016-09-07,42364300,107.83000183105467,108.76000213623048,107.06999969482422,108.36000061035156,102.4624252319336
2016-09-06,26880400,107.9000015258789,108.3000030517578,107.51000213623048,107.6999969482422,101.8383560180664
2016-09-02,26802500,107.6999969482422,108.0,106.81999969482422,107.7300033569336,101.86672973632812
2016-09-01,26701500,106.13999938964844,106.8000030517578,105.62000274658205,106.7300033569336,100.92115783691406
2016-08-31,29662400,105.66000366210938,106.56999969482422,105.63999938964844,106.0999984741211,100.325439453125
2016-08-30,24863900,105.8000030517578,106.5,105.5,106.0,100.23088836669922
2016-08-29,24970300,106.62000274658205,107.44000244140624,106.29000091552734,106.81999969482422,101.0062484741211
2016-08-26,27766300,107.41000366210938,107.9499969482422,106.30999755859376,106.94000244140624,101.11970520019533
2016-08-25,25086200,107.38999938964844,107.87999725341795,106.68000030517578,107.56999969482422,101.71544647216795
2016-08-24,23675100,108.56999969482422,108.75,107.68000030517578,108.02999877929688,102.150390625
2016-08-23,21257700,108.58999633789062,109.31999969482422,108.52999877929688,108.8499984741211,102.9257583618164
2016-08-22,25820200,108.86000061035156,109.0999984741211,107.8499984741211,108.51000213623048,102.60427856445312
2016-08-19,25368100,108.7699966430664,109.69000244140624,108.36000061035156,109.36000061035156,103.4080047607422
2016-08-18,21984700,109.2300033569336,109.5999984741211,109.0199966430664,109.08000183105467,103.14324188232422
2016-08-17,25356000,109.0999984741211,109.37000274658205,108.33999633789062,109.22000122070312,103.275634765625
2016-08-16,33794400,109.62999725341795,110.2300033569336,109.20999908447266,109.37999725341795,103.42691802978516
2016-08-15,25868200,108.13999938964844,109.54000091552734,108.08000183105467,109.4800033569336,103.52149963378906
2016-08-12,18660400,107.77999877929688,108.44000244140624,107.77999877929688,108.18000030517578,102.29222869873048
2016-08-11,27484500,108.5199966430664,108.93000030517578,107.8499984741211,107.93000030517578,102.05583953857422
2016-08-10,24008500,108.70999908447266,108.9000015258789,107.76000213623048,108.0,102.12203216552734
2016-08-09,26315200,108.2300033569336,108.94000244140624,108.01000213623048,108.80999755859376,102.887939453125
2016-08-08,28037200,107.5199966430664,108.37000274658205,107.16000366210938,108.37000274658205,102.4718780517578
2016-08-05,40553400,106.2699966430664,107.6500015258789,106.18000030517578,107.4800033569336,101.63031768798828
2016-08-04,27408700,105.58000183105467,106.0,105.27999877929688,105.87000274658205,100.10796356201172
2016-08-03,30202600,104.80999755859376,105.83999633789062,104.7699966430664,105.79000091552734,99.49333953857422
2016-08-02,33816600,106.0500030517578,106.06999969482422,104.0,104.4800033569336,98.26130676269533
2016-08-01,38167900,104.41000366210938,106.1500015258789,104.41000366210938,106.0500030517578,99.73784637451172
2016-07-29,27733700,104.19000244140624,104.5500030517578,103.68000030517578,104.20999908447266,98.0073699951172
2016-07-28,39869800,102.83000183105467,104.4499969482422,102.81999969482422,104.33999633789062,98.12960815429688
2016-07-27,92344800,104.2699966430664,104.3499984741211,102.75,102.9499969482422,96.82235717773438
2016-07-26,56239800,96.81999969482422,97.97000122070312,96.41999816894533,96.66999816894533,90.9161605834961
2016-07-25,40382900,98.25,98.83999633789062,96.91999816894533,97.33999633789062,91.54627990722656
2016-07-22,28313700,99.26000213623048,99.3000030517578,98.30999755859376,98.66000366210938,92.78772735595705
2016-07-21,32702000,99.83000183105467,101.0,99.12999725341795,99.43000030517578,93.51190185546876
2016-07-20,26276000,100.0,100.45999908447266,99.73999786376952,99.95999908447266,94.01034545898438
2016-07-19,23779900,99.55999755859376,100.0,99.33999633789062,99.87000274658205,93.92568969726562
2016-07-18,36493900,98.6999969482422,100.12999725341795,98.5999984741211,99.83000183105467,93.8880844116211
2016-07-15,30137000,98.91999816894533,99.3000030517578,98.5,98.77999877929688,92.90056610107422
2016-07-14,38919000,97.38999938964844,98.98999786376952,97.31999969482422,98.79000091552734,92.90998840332033
2016-07-13,25892200,97.41000366210938,97.66999816894533,96.83999633789062,96.87000274658205,91.10425567626952
2016-07-12,24167500,97.16999816894533,97.6999969482422,97.12000274658205,97.41999816894533,91.6215362548828
2016-07-11,23794900,96.75,97.6500015258789,96.7300033569336,96.9800033569336,91.20771026611328
2016-07-08,28912100,96.48999786376952,96.88999938964844,96.0500030517578,96.68000030517578,90.92556762695312
2016-07-07,25139600,95.6999969482422,96.5,95.62000274658205,95.94000244140624,90.22962188720705
2016-07-06,30949100,94.5999984741211,95.66000366210938,94.37000274658205,95.52999877929688,89.84400939941406
2016-07-05,27705200,95.38999938964844,95.4000015258789,94.45999908447266,94.98999786376952,89.3361587524414
2016-07-01,26026500,95.48999786376952,96.47000122070312,95.33000183105467,95.88999938964844,90.18258666992188
2016-06-30,35836400,94.44000244140624,95.7699966430664,94.3000030517578,95.5999984741211,89.90984344482422
2016-06-29,36531000,93.97000122070312,94.5500030517578,93.62999725341795,94.4000015258789,88.7812728881836
2016-06-28,40444900,92.9000015258789,93.66000366210938,92.13999938964844,93.58999633789062,88.01949310302734
2016-06-27,45489600,93.0,93.0500030517578,91.5,92.04000091552734,86.56173706054688
2016-06-24,75311400,92.91000366210938,94.66000366210938,92.6500015258789,93.4000015258789,87.84080505371094
2016-06-23,32240200,95.94000244140624,96.29000091552734,95.25,96.0999984741211,90.3800811767578
2016-06-22,29219100,96.25,96.88999938964844,95.3499984741211,95.5500030517578,89.86283874511719
2016-06-21,35546400,94.94000244140624,96.3499984741211,94.68000030517578,95.91000366210938,90.20140075683594
2016-06-20,34411900,96.0,96.56999969482422,95.02999877929688,95.0999984741211,89.43961334228516
2016-06-17,61008200,96.62000274658205,96.6500015258789,95.3000030517578,95.33000183105467,89.65589141845703
2016-06-16,31326800,96.4499969482422,97.75,96.06999969482422,97.5500030517578,91.74378967285156
2016-06-15,29445200,97.81999969482422,98.41000366210938,97.02999877929688,97.13999938964844,91.35819244384766
2016-06-14,31931900,97.31999969482422,98.4800033569336,96.75,97.45999908447266,91.6591339111328
2016-06-13,38020500,98.69000244140624,99.12000274658205,97.0999984741211,97.33999633789062,91.54627990722656
2016-06-10,31712900,98.52999877929688,99.3499984741211,98.4800033569336,98.83000183105467,92.9476089477539
2016-06-09,26601400,98.5,99.98999786376952,98.45999908447266,99.6500015258789,93.7187957763672
2016-06-08,20848100,99.0199966430664,99.55999755859376,98.68000030517578,98.94000244140624,93.0510482788086
2016-06-07,22409500,99.25,99.87000274658205,98.95999908447266,99.02999877929688,93.1356964111328
2016-06-06,23292500,97.98999786376952,101.88999938964844,97.5500030517578,98.62999725341795,92.75949096679688
2016-06-03,28504900,97.79000091552734,98.2699966430664,97.4499969482422,97.91999816894533,92.0917510986328
2016-06-02,40191600,97.5999984741211,97.83999633789062,96.62999725341795,97.72000122070312,91.90367889404295
2016-06-01,29173300,99.0199966430664,99.54000091552734,98.33000183105467,98.45999908447266,92.59960174560548
2016-05-31,42307200,99.5999984741211,100.4000015258789,98.81999969482422,99.86000061035156,93.91629028320312
2016-05-27,36341200,99.44000244140624,100.47000122070312,99.25,100.3499984741211,94.37711334228516
2016-05-26,56331200,99.68000030517578,100.7300033569336,98.63999938964844,100.41000366210938,94.4335479736328
2016-05-25,38168800,98.66999816894533,99.73999786376952,98.11000061035156,99.62000274658205,93.6905746459961
2016-05-24,35140200,97.22000122070312,98.08999633789062,96.83999633789062,97.9000015258789,92.0729522705078
2016-05-23,38018600,95.87000274658205,97.19000244140624,95.66999816894533,96.43000030517578,90.69044494628906
2016-05-20,32026000,94.63999938964844,95.43000030517578,94.5199966430664,95.22000122070312,89.55245208740234
2016-05-19,30442100,94.63999938964844,94.63999938964844,93.56999969482422,94.1999969482422,88.5931625366211
2016-05-18,42062400,94.16000366210938,95.20999908447266,93.88999938964844,94.55999755859376,88.93174743652344
2016-05-17,46916900,94.5500030517578,94.6999969482422,93.01000213623048,93.48999786376952,87.92542266845703
2016-05-16,61259800,92.38999938964844,94.38999938964844,91.6500015258789,93.87999725341795,88.2922134399414
2016-05-13,44392800,90.0,91.66999816894533,90.0,90.5199966430664,85.1322021484375
2016-05-12,76314700,92.72000122070312,92.77999877929688,89.47000122070312,90.33999633789062,84.9629135131836
2016-05-11,28719100,93.4800033569336,93.56999969482422,92.45999908447266,92.51000213623048,87.00375366210938
2016-05-10,33686800,93.33000183105467,93.56999969482422,92.11000061035156,93.41999816894533,87.8595962524414
2016-05-09,32936400,93.0,93.7699966430664,92.58999633789062,92.79000091552734,87.26708984375
2016-05-06,43699900,93.37000274658205,93.4499969482422,91.8499984741211,92.72000122070312,87.20127868652344
2016-05-05,35890500,94.0,94.06999969482422,92.68000030517578,93.23999786376952,87.69032287597656
2016-05-04,41025500,95.1999969482422,95.9000015258789,93.81999969482422,94.19000244140624,88.04769897460938
2016-05-03,56831300,94.1999969482422,95.73999786376952,93.68000030517578,95.18000030517578,88.97312927246094
2016-05-02,48160100,93.97000122070312,94.08000183105467,92.4000015258789,93.63999938964844,87.53355407714844
2016-04-29,68531500,93.98999786376952,94.72000122070312,92.51000213623048,93.73999786376952,87.62703704833984
2016-04-28,82242700,97.61000061035156,97.87999725341795,94.25,94.83000183105467,88.64596557617188
2016-04-27,114602100,96.0,98.70999908447266,95.68000030517578,97.81999969482422,91.44097900390624
2016-04-26,56016200,103.91000366210938,105.3000030517578,103.91000366210938,104.3499984741211,97.54513549804688
2016-04-25,28031600,105.0,105.6500015258789,104.51000213623048,105.08000183105467,98.2275619506836
2016-04-22,33683100,105.01000213623048,106.4800033569336,104.62000274658205,105.68000030517578,98.78841400146484
2016-04-21,31552500,106.93000030517578,106.93000030517578,105.5199966430664,105.97000122070312,99.05950927734376
2016-04-20,30611000,106.63999938964844,108.08999633789062,106.05999755859376,107.12999725341795,100.14385223388672
2016-04-19,32384900,107.87999725341795,108.0,106.2300033569336,106.91000366210938,99.9382095336914
2016-04-18,60821500,108.88999938964844,108.9499969482422,106.94000244140624,107.4800033569336,100.47103881835938
2016-04-15,46939000,112.11000061035156,112.3000030517578,109.7300033569336,109.8499984741211,102.6864776611328
2016-04-14,25473900,111.62000274658205,112.38999938964844,111.33000183105467,112.0999984741211,104.78974151611328
2016-04-13,33257300,110.8000030517578,112.33999633789062,110.8000030517578,112.04000091552734,104.7336654663086
2016-04-12,27232300,109.33999633789062,110.5,108.66000366210938,110.44000244140624,103.2379913330078
2016-04-11,29407500,108.97000122070312,110.61000061035156,108.83000183105467,109.0199966430664,101.9105987548828
2016-04-08,23581700,108.91000366210938,109.7699966430664,108.16999816894533,108.66000366210938,101.57408142089844
2016-04-07,31801900,109.9499969482422,110.41999816894533,108.12000274658205,108.54000091552734,101.46190643310548
2016-04-06,26404100,110.2300033569336,110.9800033569336,109.1999969482422,110.95999908447266,103.72408294677734
2016-04-05,26578700,109.51000213623048,110.7300033569336,109.41999816894533,109.80999755859376,102.64909362792967
2016-04-04,37356200,110.41999816894533,112.19000244140624,110.2699966430664,111.12000274658205,103.87364959716795
2016-04-01,25874000,108.77999877929688,110.0,108.1999969482422,109.98999786376952,102.8173370361328
2016-03-31,25888400,109.72000122070312,109.9000015258789,108.87999725341795,108.98999786376952,101.88256072998048
2016-03-30,45601100,108.6500015258789,110.41999816894533,108.5999984741211,109.55999755859376,102.41539001464844
2016-03-29,31190100,104.88999938964844,107.79000091552734,104.87999725341795,107.68000030517578,100.65799713134766
2016-03-28,19411400,106.0,106.19000244140624,105.05999755859376,105.19000244140624,98.33037567138672
2016-03-24,26133000,105.47000122070312,106.25,104.88999938964844,105.66999816894533,98.77906036376952
2016-03-23,25703500,106.4800033569336,107.06999969482422,105.9000015258789,106.12999725341795,99.20906066894533
2016-03-22,32444400,105.25,107.29000091552734,105.20999908447266,106.72000122070312,99.7605972290039
2016-03-21,35502700,105.93000030517578,107.6500015258789,105.13999938964844,105.91000366210938,99.00341796875
2016-03-18,44205200,106.33999633789062,106.5,105.19000244140624,105.91999816894533,99.01275634765624
2016-03-17,34420700,105.5199966430664,106.47000122070312,104.95999908447266,105.8000030517578,98.90058135986328
2016-03-16,38303500,104.61000061035156,106.30999755859376,104.58999633789062,105.97000122070312,99.05950927734376
2016-03-15,40067700,103.95999908447266,105.18000030517578,103.8499984741211,104.58000183105467,97.76014709472656
2016-03-14,25076100,101.91000366210938,102.91000366210938,101.77999877929688,102.5199966430664,95.83448028564452
2016-03-11,27408200,102.23999786376952,102.27999877929688,101.5,102.26000213623048,95.59143829345705
2016-03-10,33513600,101.41000366210938,102.23999786376952,100.1500015258789,101.16999816894533,94.57251739501952
2016-03-09,27201700,101.30999755859376,101.58000183105467,100.2699966430664,101.12000274658205,94.5257797241211
2016-03-08,31561900,100.77999877929688,101.76000213623048,100.4000015258789,101.02999877929688,94.441650390625
2016-03-07,35828900,102.38999938964844,102.83000183105467,100.95999908447266,101.87000274658205,95.22687530517578
2016-03-04,46055100,102.37000274658205,103.75,101.37000274658205,103.01000213623048,96.29253387451172
2016-03-03,36955700,100.58000183105467,101.70999908447266,100.4499969482422,101.5,94.8810043334961
2016-03-02,33169600,100.51000213623048,100.88999938964844,99.63999938964844,100.75,94.1799087524414
2016-03-01,50407100,97.6500015258789,100.7699966430664,97.41999816894533,100.52999877929688,93.97425079345705
2016-02-29,35216300,96.86000061035156,98.2300033569336,96.6500015258789,96.69000244140624,90.38468170166016
2016-02-26,28991100,97.1999969482422,98.0199966430664,96.58000183105467,96.91000366210938,90.59032440185548
2016-02-25,27582700,96.0500030517578,96.76000213623048,95.25,96.76000213623048,90.45010375976562
2016-02-24,36255700,93.9800033569336,96.37999725341795,93.31999969482422,96.0999984741211,89.83312225341797
2016-02-23,31942600,96.4000015258789,96.5,94.5500030517578,94.69000244140624,88.51507568359375
2016-02-22,34280800,96.30999755859376,96.9000015258789,95.91999816894533,96.87999725341795,90.56226348876952
2016-02-19,35374200,96.0,96.76000213623048,95.8000030517578,96.04000091552734,89.77705383300781
2016-02-18,39021000,98.83999633789062,98.88999938964844,96.08999633789062,96.26000213623048,89.98270416259766
2016-02-17,44863200,96.66999816894533,98.20999908447266,96.1500015258789,98.12000274658205,91.72142028808594
2016-02-16,49057900,95.0199966430664,96.8499984741211,94.61000061035156,96.63999938964844,90.33792877197266
2016-02-12,40351400,94.19000244140624,94.5,93.01000213623048,93.98999786376952,87.86073303222656
2016-02-11,50074700,93.79000091552734,94.72000122070312,92.58999633789062,93.6999969482422,87.58963012695312
2016-02-10,42343600,95.91999816894533,96.3499984741211,94.0999984741211,94.2699966430664,88.12247467041016
2016-02-09,44331200,94.29000091552734,95.94000244140624,93.93000030517578,94.98999786376952,88.7955322265625
2016-02-08,54021400,93.12999725341795,95.6999969482422,93.04000091552734,95.01000213623048,88.81423950195312
2016-02-05,46418100,96.5199966430664,96.91999816894533,93.69000244140624,94.0199966430664,87.88877868652344
2016-02-04,46471700,95.86000061035156,97.33000183105467,95.19000244140624,96.5999984741211,90.300537109375
2016-02-03,45964300,95.0,96.83999633789062,94.08000183105467,96.3499984741211,89.58074951171875
2016-02-02,37357200,95.41999816894533,96.04000091552734,94.27999877929688,94.4800033569336,87.8421401977539
2016-02-01,40943500,96.47000122070312,96.70999908447266,95.4000015258789,96.43000030517578,89.65513610839844
2016-01-29,64416500,94.79000091552734,97.33999633789062,94.3499984741211,97.33999633789062,90.50119018554688
2016-01-28,55678800,93.79000091552734,94.5199966430664,92.38999938964844,94.08999633789062,87.47950744628906
2016-01-27,133369700,96.04000091552734,96.62999725341795,93.33999633789062,93.41999816894533,86.85660552978516
2016-01-26,75077000,99.93000030517578,100.87999725341795,98.06999969482422,99.98999786376952,92.96501922607422
2016-01-25,51794500,101.5199966430664,101.52999877929688,99.20999908447266,99.44000244140624,92.45366668701172
2016-01-22,65800500,98.62999725341795,101.45999908447266,98.37000274658205,101.41999816894533,94.29454040527344
2016-01-21,52161500,97.05999755859376,97.87999725341795,94.94000244140624,96.3000030517578,89.53425598144531
2016-01-20,72334400,95.0999984741211,98.19000244140624,93.41999816894533,96.79000091552734,89.98983764648438
2016-01-19,53087700,98.41000366210938,98.6500015258789,95.5,96.66000366210938,89.86897277832031
2016-01-15,79833900,96.1999969482422,97.70999908447266,95.36000061035156,97.12999725341795,90.30596160888672
2016-01-14,63170100,97.95999908447266,100.4800033569336,95.73999786376952,99.5199966430664,92.52801513671876
2016-01-13,62439600,100.31999969482422,101.19000244140624,97.3000030517578,97.38999938964844,90.54768371582033
2016-01-12,49154200,100.5500030517578,100.69000244140624,98.83999633789062,99.95999908447266,92.9371337890625
2016-01-11,49739400,98.97000122070312,99.05999755859376,97.33999633789062,98.52999877929688,91.60757446289062
2016-01-08,70798000,98.5500030517578,99.11000061035156,96.76000213623048,96.95999908447266,90.14787292480467
2016-01-07,81094400,98.68000030517578,100.12999725341795,96.43000030517578,96.4499969482422,89.67371368408203
2016-01-06,68457400,100.55999755859376,102.37000274658205,99.87000274658205,100.6999969482422,93.6251449584961
2016-01-05,55791000,105.75,105.8499984741211,102.41000366210938,102.70999908447266,95.4939193725586
2016-01-04,67649400,102.61000061035156,105.37000274658205,102.0,105.3499984741211,97.9484405517578
2015-12-31,40912300,107.01000213623048,107.02999877929688,104.81999969482422,105.26000213623048,97.86474609375
2015-12-30,25213800,108.58000183105467,108.6999969482422,107.18000030517578,107.31999969482422,99.78002166748048
2015-12-29,30931200,106.95999908447266,109.43000030517578,106.86000061035156,108.73999786376952,101.10026550292967
2015-12-28,26704200,107.58999633789062,107.69000244140624,106.18000030517578,106.81999969482422,99.31517028808594
2015-12-24,13570400,109.0,109.0,107.9499969482422,108.02999877929688,100.4401397705078
2015-12-23,32657400,107.2699966430664,108.8499984741211,107.1999969482422,108.61000061035156,100.9793930053711
2015-12-22,32789400,107.4000015258789,107.72000122070312,106.4499969482422,107.2300033569336,99.69636535644533
2015-12-21,47590600,107.27999877929688,107.37000274658205,105.56999969482422,107.33000183105467,99.78932189941406
2015-12-18,96453300,108.91000366210938,109.5199966430664,105.80999755859376,106.02999877929688,98.58065032958984
2015-12-17,44772800,112.0199966430664,112.25,108.9800033569336,108.9800033569336,101.32341003417967
2015-12-16,56238500,111.06999969482422,111.98999786376952,108.8000030517578,111.33999633789062,103.51761627197266
2015-12-15,53323100,111.94000244140624,112.8000030517578,110.3499984741211,110.48999786376952,102.72733306884766
2015-12-14,64318700,112.18000030517578,112.68000030517578,109.79000091552734,112.4800033569336,104.57749938964844
2015-12-11,46886200,115.19000244140624,115.38999938964844,112.8499984741211,113.18000030517578,105.2283172607422
2015-12-10,29212700,116.04000091552734,116.94000244140624,115.51000213623048,116.16999816894533,108.00826263427734
2015-12-09,46361400,117.63999938964844,117.69000244140624,115.08000183105467,115.62000274658205,107.49690246582033
2015-12-08,34309500,117.5199966430664,118.5999984741211,116.86000061035156,118.2300033569336,109.92352294921876
2015-12-07,32084200,118.9800033569336,119.86000061035156,117.80999755859376,118.27999877929688,109.97002410888672
2015-12-04,57777000,115.29000091552734,119.25,115.11000061035156,119.02999877929688,110.66732788085938
2015-12-03,41569500,116.5500030517578,116.79000091552734,114.22000122070312,115.1999969482422,107.10640716552734
2015-12-02,33386600,117.33999633789062,118.11000061035156,116.08000183105467,116.27999877929688,108.11053466796876
2015-12-01,34852400,118.75,118.80999755859376,116.86000061035156,117.33999633789062,109.09603881835938
2015-11-30,39180300,117.98999786376952,119.41000366210938,117.75,118.3000030517578,109.98861694335938
2015-11-27,13046400,118.29000091552734,118.41000366210938,117.5999984741211,117.80999755859376,109.53303527832033
2015-11-25,21388300,119.20999908447266,119.2300033569336,117.91999816894533,118.02999877929688,109.7375717163086
2015-11-24,42803200,117.33000183105467,119.3499984741211,117.12000274658205,118.87999725341795,110.52787017822266
2015-11-23,32482500,119.2699966430664,119.7300033569336,117.33999633789062,117.75,109.47726440429688
2015-11-20,34287100,119.1999969482422,119.91999816894533,118.8499984741211,119.3000030517578,110.91835021972656
2015-11-19,43295800,117.63999938964844,119.75,116.76000213623048,118.77999877929688,110.43489074707033
2015-11-18,46674700,115.76000213623048,117.48999786376952,115.5,117.29000091552734,109.04956817626952
2015-11-17,27616900,114.91999816894533,115.0500030517578,113.31999969482422,113.69000244140624,105.70249938964844
2015-11-16,38106700,111.37999725341795,114.23999786376952,111.0,114.18000030517578,106.15807342529295
2015-11-13,45812400,115.1999969482422,115.56999969482422,112.2699966430664,112.33999633789062,104.44734191894533
2015-11-12,32525600,116.26000213623048,116.81999969482422,115.6500015258789,115.72000122070312,107.58985900878906
2015-11-11,45218000,116.37000274658205,117.41999816894533,115.20999908447266,116.11000061035156,107.95247650146484
2015-11-10,59127900,116.9000015258789,118.06999969482422,116.05999755859376,116.7699966430664,108.56608581542967
2015-11-09,33871400,120.95999908447266,121.80999755859376,120.0500030517578,120.56999969482422,112.0991439819336
2015-11-06,33042300,121.11000061035156,121.80999755859376,120.62000274658205,121.05999755859376,112.5546875
2015-11-05,39552700,121.8499984741211,122.69000244140624,120.18000030517578,120.91999816894533,112.42453002929688
2015-11-04,44886100,123.12999725341795,123.81999969482422,121.62000274658205,122.0,112.94519805908205
2015-11-03,45519000,120.79000091552734,123.48999786376952,120.6999969482422,122.56999969482422,113.47288513183594
2015-11-02,32203300,120.8000030517578,121.36000061035156,119.61000061035156,121.18000030517578,112.18606567382812
2015-10-30,49365300,120.98999786376952,121.22000122070312,119.4499969482422,119.5,110.63074493408205
2015-10-29,51227300,118.6999969482422,120.69000244140624,118.2699966430664,120.52999877929688,111.58430480957033
2015-10-28,85551400,116.93000030517578,119.3000030517578,116.05999755859376,119.2699966430664,110.41780853271484
2015-10-27,69884400,115.4000015258789,116.54000091552734,113.98999786376952,114.5500030517578,106.04814910888672
2015-10-26,66333800,118.08000183105467,118.12999725341795,114.91999816894533,115.27999877929688,106.72394561767578
2015-10-23,59366900,116.6999969482422,119.2300033569336,116.33000183105467,119.08000183105467,110.24191284179688
2015-10-22,41654100,114.33000183105467,115.5,114.0999984741211,115.5,106.92762756347656
2015-10-21,41795200,114.0,115.58000183105467,113.6999969482422,113.76000213623048,105.31678009033205
2015-10-20,48967800,111.33999633789062,114.16999816894533,110.81999969482422,113.7699966430664,105.3260269165039
2015-10-19,29759200,110.8000030517578,111.75,110.11000061035156,111.7300033569336,103.43744659423828
2015-10-16,39232600,111.77999877929688,112.0,110.52999877929688,111.04000091552734,102.79864501953124
2015-10-15,37673500,110.93000030517578,112.0999984741211,110.48999786376952,111.86000061035156,103.55779266357422
2015-10-14,44462400,111.29000091552734,111.5199966430664,109.55999755859376,110.20999908447266,102.03025817871094
2015-10-13,33049300,110.81999969482422,112.4499969482422,110.68000030517578,111.79000091552734,103.49297332763672
2015-10-12,30467200,112.7300033569336,112.75,111.44000244140624,111.5999984741211,103.3170928955078
2015-10-09,52766100,110.0,112.27999877929688,109.48999786376952,112.12000274658205,103.79849243164062
2015-10-08,61979600,110.19000244140624,110.19000244140624,108.20999908447266,109.5,101.37294006347656
2015-10-07,46765600,111.73999786376952,111.7699966430664,109.41000366210938,110.77999877929688,102.55794525146484
2015-10-06,48196800,110.62999725341795,111.73999786376952,109.7699966430664,111.30999755859376,103.04859924316406
2015-10-05,52064700,109.87999725341795,111.37000274658205,109.06999969482422,110.77999877929688,102.55794525146484
2015-10-02,58019800,108.01000213623048,111.01000213623048,107.5500030517578,110.37999725341795,102.18761444091795
2015-10-01,63929100,109.06999969482422,109.62000274658205,107.30999755859376,109.58000183105467,101.44700622558594
2015-09-30,66473000,110.16999816894533,111.54000091552734,108.7300033569336,110.3000030517578,102.11356353759766
2015-09-29,73365400,112.83000183105467,113.51000213623048,107.86000061035156,109.05999755859376,100.9655990600586
2015-09-28,52109000,113.8499984741211,114.56999969482422,112.44000244140624,112.44000244140624,104.09474182128906
2015-09-25,56151900,116.44000244140624,116.69000244140624,114.0199966430664,114.70999908447266,106.1962432861328
2015-09-24,50219500,113.25,115.5,112.37000274658205,115.0,106.46472930908205
2015-09-23,35756700,113.62999725341795,114.72000122070312,113.3000030517578,114.31999969482422,105.835205078125
2015-09-22,50346200,113.37999725341795,114.18000030517578,112.5199966430664,113.4000015258789,104.98348999023438
2015-09-21,50222000,113.66999816894533,115.37000274658205,113.66000366210938,115.20999908447266,106.6591567993164
2015-09-18,74285300,112.20999908447266,114.3000030517578,111.87000274658205,113.4499969482422,105.02976989746094
2015-09-17,64112600,115.66000366210938,116.48999786376952,113.72000122070312,113.91999816894533,105.46490478515624
2015-09-16,37173500,116.25,116.54000091552734,115.44000244140624,116.41000366210938,107.77009582519533
2015-09-15,43341200,115.93000030517578,116.52999877929688,114.41999816894533,116.27999877929688,107.64973449707033
2015-09-14,58363400,116.58000183105467,116.88999938964844,114.86000061035156,115.30999755859376,106.751708984375
2015-09-11,49915500,111.79000091552734,114.20999908447266,111.76000213623048,114.20999908447266,105.73336791992188
2015-09-10,62892800,110.2699966430664,113.27999877929688,109.9000015258789,112.56999969482422,104.21508026123048
2015-09-09,85010800,113.76000213623048,114.0199966430664,109.7699966430664,110.1500015258789,101.97469329833984
2015-09-08,54843600,111.75,112.55999755859376,110.31999969482422,112.30999755859376,103.9743881225586
2015-09-04,49996300,108.97000122070312,110.4499969482422,108.51000213623048,109.2699966430664,101.16001892089844
2015-09-03,53233900,112.48999786376952,112.77999877929688,110.04000091552734,110.37000274658205,102.17838287353516
2015-09-02,61888800,110.2300033569336,112.33999633789062,109.12999725341795,112.33999633789062,104.0021514892578
2015-09-01,76845900,110.1500015258789,111.87999725341795,107.36000061035156,107.72000122070312,99.72505950927734
2015-08-31,56229300,112.02999877929688,114.52999877929688,112.0,112.76000213623048,104.39099884033205
2015-08-28,53164400,112.16999816894533,113.30999755859376,111.54000091552734,113.29000091552734,104.88165283203124
2015-08-27,84616100,112.2300033569336,113.23999786376952,110.0199966430664,112.91999816894533,104.53913116455078
2015-08-26,96774600,107.08999633789062,109.88999938964844,105.0500030517578,109.69000244140624,101.5488510131836
2015-08-25,103601600,111.11000061035156,111.11000061035156,103.5,103.73999786376952,96.04045867919922
2015-08-24,162206300,94.87000274658205,108.8000030517578,92.0,103.12000274658205,95.46646881103516
2015-08-21,128275500,110.43000030517578,111.9000015258789,105.6500015258789,105.76000213623048,97.91051483154295
2015-08-20,68501600,114.08000183105467,114.3499984741211,111.62999725341795,112.6500015258789,104.28914642333984
2015-08-19,48286500,116.0999984741211,116.5199966430664,114.68000030517578,115.01000213623048,106.47400665283205
2015-08-18,34560700,116.43000030517578,117.44000244140624,116.01000213623048,116.5,107.8534164428711
2015-08-17,40884700,116.04000091552734,117.6500015258789,115.5,117.16000366210938,108.46441650390624
2015-08-14,42929500,114.31999969482422,116.30999755859376,114.01000213623048,115.95999908447266,107.35347747802734
2015-08-13,48535800,116.04000091552734,116.4000015258789,114.54000091552734,115.1500015258789,106.60359954833984
2015-08-12,101217500,112.52999877929688,115.41999816894533,109.62999725341795,115.23999786376952,106.6869125366211
2015-08-11,97082800,117.80999755859376,118.18000030517578,113.33000183105467,113.48999786376952,105.06681823730467
2015-08-10,54951600,116.52999877929688,119.98999786376952,116.52999877929688,119.72000122070312,110.83441162109376
2015-08-07,38670400,114.58000183105467,116.25,114.5,115.5199966430664,106.94613647460938
2015-08-06,52903000,115.97000122070312,116.5,114.12000274658205,115.12999725341795,106.5850830078125
2015-08-05,99312600,112.9499969482422,117.44000244140624,112.0999984741211,115.4000015258789,106.35365295410156
2015-08-04,124138600,117.41999816894533,117.6999969482422,113.25,114.63999938964844,105.65322875976562
2015-08-03,69976000,121.5,122.56999969482422,117.5199966430664,118.44000244140624,109.15534210205078
2015-07-31,42885000,122.5999984741211,122.63999938964844,120.91000366210938,121.3000030517578,111.79113006591795
2015-07-30,33628300,122.31999969482422,122.56999969482422,121.70999908447266,122.37000274658205,112.77727508544922
2015-07-29,37011700,123.1500015258789,123.5,122.2699966430664,122.98999786376952,113.34864044189452
2015-07-28,33618100,123.37999725341795,123.91000366210938,122.5500030517578,123.37999725341795,113.70807647705078
2015-07-27,44455500,123.08999633789062,123.61000061035156,122.12000274658205,122.7699966430664,113.14588928222656
2015-07-24,42162300,125.31999969482422,125.73999786376952,123.9000015258789,124.5,114.74028778076172
2015-07-23,50999500,126.1999969482422,127.08999633789062,125.05999755859376,125.16000366210938,115.34852600097656
2015-07-22,115450600,121.98999786376952,125.5,121.98999786376952,125.22000122070312,115.40383911132812
2015-07-21,76756400,132.85000610351562,132.9199981689453,130.32000732421875,130.75,120.5003433227539
2015-07-20,58900200,130.97000122070312,132.97000122070312,130.6999969482422,132.07000732421875,121.71688842773438
2015-07-17,46164700,129.0800018310547,129.6199951171875,128.30999755859375,129.6199951171875,119.45892333984376
2015-07-16,36222400,127.73999786376952,128.57000732421875,127.3499984741211,128.50999450683594,118.43595123291016
2015-07-15,33649200,125.72000122070312,127.1500015258789,125.58000183105467,126.81999969482422,116.87841796875
2015-07-14,31768100,126.04000091552734,126.37000274658205,125.04000091552734,125.61000061035156,115.76325988769533
2015-07-13,41440500,125.02999877929688,125.76000213623048,124.31999969482422,125.66000366210938,115.8093490600586
2015-07-10,61354500,121.94000244140624,123.8499984741211,121.20999908447266,123.27999877929688,113.6159210205078
2015-07-09,78595000,123.8499984741211,124.05999755859376,119.22000122070312,120.06999969482422,110.6575698852539
2015-07-08,60761600,124.4800033569336,124.63999938964844,122.54000091552734,122.56999969482422,112.96159362792967
2015-07-07,46946800,125.88999938964844,126.1500015258789,123.7699966430664,125.69000244140624,115.83700561523438
2015-07-06,28060400,124.94000244140624,126.2300033569336,124.8499984741211,126.0,116.1227035522461
2015-07-02,27211000,126.43000030517578,126.69000244140624,125.7699966430664,126.44000244140624,116.5281982421875
2015-07-01,30238800,126.9000015258789,126.94000244140624,125.98999786376952,126.5999984741211,116.67566680908205
2015-06-30,44370700,125.56999969482422,126.12000274658205,124.86000061035156,125.43000030517578,115.59738159179688
2015-06-29,49161400,125.45999908447266,126.47000122070312,124.4800033569336,124.52999877929688,114.7679214477539
2015-06-26,44066800,127.66999816894533,127.98999786376952,126.51000213623048,126.75,116.81389617919922
2015-06-25,31938100,128.86000061035156,129.1999969482422,127.5,127.5,117.505126953125
2015-06-24,55280900,127.20999908447266,129.8000030517578,127.12000274658205,128.11000061035156,118.06729888916016
2015-06-23,30268900,127.4800033569336,127.61000061035156,126.87999725341795,127.02999877929688,117.07194519042967
2015-06-22,34039300,127.48999786376952,128.05999755859375,127.08000183105467,127.61000061035156,117.6064910888672
2015-06-19,54716900,127.70999908447266,127.81999969482422,126.4000015258789,126.5999984741211,116.67566680908205
2015-06-18,35407200,127.2300033569336,128.30999755859375,127.22000122070312,127.87999725341795,117.8553237915039
2015-06-17,32918100,127.72000122070312,127.87999725341795,126.73999786376952,127.3000030517578,117.32079315185548
2015-06-16,31494100,127.02999877929688,127.8499984741211,126.37000274658205,127.5999984741211,117.5972671508789
2015-06-15,43988900,126.0999984741211,127.23999786376952,125.70999908447266,126.91999816894533,116.9705810546875
2015-06-12,36886200,128.19000244140625,128.3300018310547,127.11000061035156,127.16999816894533,117.20096588134766
2015-06-11,35390900,129.17999267578125,130.17999267578125,128.47999572753906,128.58999633789062,118.5096664428711
2015-06-10,39087300,127.91999816894533,129.33999633789062,127.8499984741211,128.8800048828125,118.77691650390624
2015-06-09,56075400,126.6999969482422,128.0800018310547,125.62000274658205,127.41999816894533,117.43138122558594
2015-06-08,52674800,128.89999389648438,129.2100067138672,126.83000183105467,127.8000030517578,117.78160095214844
2015-06-05,35626800,129.5,129.69000244140625,128.36000061035156,128.64999389648438,118.56495666503906
2015-06-04,38450100,129.5800018310547,130.5800018310547,128.91000366210938,129.36000061035156,119.21930694580078
2015-06-03,30983500,130.66000366210938,130.94000244140625,129.89999389648438,130.1199951171875,119.91971588134766
2015-06-02,33667600,129.86000061035156,130.66000366210938,129.32000732421875,129.9600067138672,119.77225494384766
2015-06-01,32112800,130.27999877929688,131.38999938964844,130.0500030517578,130.5399932861328,120.30680084228516
2015-05-29,50884500,131.22999572753906,131.4499969482422,129.89999389648438,130.27999877929688,120.0671844482422
2015-05-28,30733300,131.86000061035156,131.9499969482422,131.10000610351562,131.77999877929688,121.44957733154295
2015-05-27,45833200,130.33999633789062,132.25999450683594,130.0500030517578,132.0399932861328,121.6892318725586
2015-05-26,70697600,132.60000610351562,132.91000366210938,129.1199951171875,129.6199951171875,119.45892333984376
2015-05-22,45596000,131.60000610351562,132.97000122070312,131.39999389648438,132.5399932861328,122.15003204345705
2015-05-21,39730400,130.07000732421875,131.6300048828125,129.8300018310547,131.38999938964844,121.09017944335938
2015-05-20,36454900,130.0,130.97999572753906,129.33999633789062,130.05999755859375,119.86443328857422
2015-05-19,44633200,130.69000244140625,130.8800048828125,129.63999938964844,130.07000732421875,119.87364196777344
2015-05-18,50882900,128.3800048828125,130.72000122070312,128.36000061035156,130.19000244140625,119.98422241210938
2015-05-15,38208000,129.07000732421875,129.49000549316406,128.2100067138672,128.77000427246094,118.67555236816406
2015-05-14,45203500,127.41000366210938,128.9499969482422,127.16000366210938,128.9499969482422,118.84144592285156
2015-05-13,34694200,126.1500015258789,127.19000244140624,125.87000274658205,126.01000213623048,116.13192749023438
2015-05-12,48160000,125.5999984741211,126.87999725341795,124.81999969482422,125.87000274658205,116.0028839111328
2015-05-11,42035800,127.38999938964844,127.55999755859376,125.62999725341795,126.31999969482422,116.4176254272461
2015-05-08,55550400,126.68000030517578,127.62000274658205,126.11000061035156,127.62000274658205,117.61570739746094
2015-05-07,43940900,124.7699966430664,126.08000183105467,124.0199966430664,125.26000213623048,115.44071197509766
2015-05-06,72141000,126.55999755859376,126.75,123.36000061035156,125.01000213623048,114.73107147216795
2015-05-05,49271400,128.14999389648438,128.4499969482422,125.77999877929688,125.8000030517578,115.45610809326172
2015-05-04,50988300,129.5,130.57000732421875,128.25999450683594,128.6999969482422,118.11764526367188
2015-05-01,58512600,126.0999984741211,130.1300048828125,125.3000030517578,128.9499969482422,118.34708404541016
2015-04-30,83195400,128.63999938964844,128.63999938964844,124.58000183105467,125.1500015258789,114.85955810546876
2015-04-29,63386100,130.16000366210938,131.58999633789062,128.3000030517578,128.63999938964844,118.06259155273438
2015-04-28,118924000,134.4600067138672,134.5399932861328,129.57000732421875,130.55999755859375,119.82470703125
2015-04-27,96954200,132.30999755859375,133.1300048828125,131.14999389648438,132.64999389648438,121.74283599853516
2015-04-24,44525900,130.49000549316406,130.6300048828125,129.22999572753906,130.27999877929688,119.56774139404295
2015-04-23,45770900,128.3000030517578,130.4199981689453,128.13999938964844,129.6699981689453,119.0079116821289
2015-04-22,37654500,126.98999786376952,128.8699951171875,126.31999969482422,128.6199951171875,118.04424285888672
2015-04-21,32435100,128.10000610351562,128.1999969482422,126.66999816894533,126.91000366210938,116.47483825683594
2015-04-20,47054300,125.56999969482422,128.1199951171875,125.16999816894533,127.5999984741211,117.10810089111328
2015-04-17,51957000,125.5500030517578,126.13999938964844,124.45999908447266,124.75,114.49243927001952
2015-04-16,28369000,126.27999877929688,127.0999984741211,126.11000061035156,126.16999816894533,115.7956771850586
2015-04-15,28970400,126.41000366210938,127.12999725341795,126.01000213623048,126.77999877929688,116.35552215576172
2015-04-14,25524600,127.0,127.29000091552734,125.91000366210938,126.3000030517578,115.91498565673828
2015-04-13,36365100,128.3699951171875,128.57000732421875,126.61000061035156,126.8499984741211,116.41976928710938
2015-04-10,40188000,125.9499969482422,127.20999908447266,125.26000213623048,127.0999984741211,116.6492156982422
2015-04-09,32484000,125.8499984741211,126.58000183105467,124.66000366210938,126.55999755859376,116.15361785888672
2015-04-08,37329200,125.8499984741211,126.4000015258789,124.97000122070312,125.5999984741211,115.27254486083984
2015-04-07,35012300,127.63999938964844,128.1199951171875,125.9800033569336,126.01000213623048,115.64884948730467
2015-04-06,37194000,124.47000122070312,127.51000213623048,124.33000183105467,127.3499984741211,116.87864685058594
2015-04-02,32220100,125.02999877929688,125.55999755859376,124.19000244140624,125.31999969482422,115.01556396484376
2015-04-01,40621400,124.81999969482422,125.12000274658205,123.0999984741211,124.25,114.03356170654295
2015-03-31,42090600,126.08999633789062,126.48999786376952,124.36000061035156,124.43000030517578,114.19874572753906
2015-03-30,47099700,124.0500030517578,126.4000015258789,124.0,126.37000274658205,115.97924041748048
2015-03-27,39546200,124.56999969482422,124.6999969482422,122.91000366210938,123.25,113.11578369140624
2015-03-26,47572900,122.76000213623048,124.87999725341795,122.5999984741211,124.23999786376952,114.0243682861328
2015-03-25,51655200,126.54000091552734,126.81999969482422,123.37999725341795,123.37999725341795,113.23509979248048
2015-03-24,32842300,127.2300033569336,128.0399932861328,126.55999755859376,126.69000244140624,116.27291107177734
2015-03-23,37709700,127.12000274658205,127.8499984741211,126.5199966430664,127.20999908447266,116.75016784667967
2015-03-20,68695100,128.25,128.39999389648438,125.16000366210938,125.9000015258789,115.54790496826172
2015-03-19,45809500,128.75,129.25,127.4000015258789,127.5,117.01634216308594
2015-03-18,65270900,127.0,129.16000366210938,126.37000274658205,128.47000122070312,117.90654754638672
2015-03-17,51023100,125.9000015258789,127.31999969482422,125.6500015258789,127.04000091552734,116.5941390991211
2015-03-16,35874300,123.87999725341795,124.9499969482422,122.87000274658205,124.9499969482422,114.6760025024414
2015-03-13,51827300,124.4000015258789,125.4000015258789,122.58000183105467,123.58999633789062,113.42781829833984
2015-03-12,48362700,122.30999755859376,124.9000015258789,121.62999725341795,124.4499969482422,114.21710968017578
2015-03-11,68939000,124.75,124.7699966430664,122.11000061035156,122.23999786376952,112.1888427734375
2015-03-10,68856600,126.41000366210938,127.22000122070312,123.8000030517578,124.51000213623048,114.2721710205078
2015-03-09,88528500,127.95999908447266,129.57000732421875,125.05999755859376,127.13999938964844,116.68592071533205
2015-03-06,72842100,128.39999389648438,129.3699951171875,126.26000213623048,126.5999984741211,116.1903305053711
2015-03-05,56517100,128.5800018310547,128.75,125.76000213623048,126.41000366210938,116.01594543457033
2015-03-04,31666300,129.10000610351562,129.55999755859375,128.32000732421875,128.5399932861328,117.9708023071289
2015-03-03,37816300,128.9600067138672,129.52000427246094,128.08999633789062,129.36000061035156,118.72338104248048
2015-03-02,48096700,129.25,130.27999877929688,128.3000030517578,129.08999633789062,118.47557830810548
2015-02-27,62014800,130.0,130.57000732421875,128.24000549316406,128.4600067138672,117.89739990234376
2015-02-26,91287500,128.7899932861328,130.8699951171875,126.61000061035156,130.4199981689453,119.69622802734376
2015-02-25,74711700,131.55999755859375,131.60000610351562,128.14999389648438,128.7899932861328,118.20025634765624
2015-02-24,69228100,132.94000244140625,133.60000610351562,131.1699981689453,132.1699981689453,121.30231475830078
2015-02-23,70974100,130.02000427246094,133.0,129.66000366210938,133.0,122.06407928466795
2015-02-20,48948400,128.6199951171875,129.5,128.0500030517578,129.5,118.85188293457033
2015-02-19,37362400,128.47999572753906,129.02999877929688,128.3300018310547,128.4499969482422,117.88821411132812
2015-02-18,44891700,127.62999725341795,128.77999877929688,127.4499969482422,128.72000122070312,118.1360321044922
2015-02-17,63152400,127.48999786376952,128.8800048828125,126.91999816894533,127.83000183105467,117.3191909790039
2015-02-13,54272200,127.27999877929688,127.27999877929688,125.6500015258789,127.08000183105467,116.630859375
2015-02-12,74474500,126.05999755859376,127.4800033569336,125.56999969482422,126.45999908447266,116.06184387207033
2015-02-11,73561800,122.7699966430664,124.91999816894533,122.5,124.87999725341795,114.61176300048828
2015-02-10,62008500,120.16999816894533,122.1500015258789,120.16000366210938,122.0199966430664,111.98690032958984
2015-02-09,38889800,118.5500030517578,119.83999633789062,118.43000030517578,119.72000122070312,109.8760223388672
2015-02-06,43706600,120.0199966430664,120.25,118.4499969482422,118.93000030517578,109.1509780883789
2015-02-05,42246200,120.0199966430664,120.2300033569336,119.25,119.94000244140624,110.07794189453124
2015-02-04,70149700,118.5,120.51000213623048,118.30999755859376,119.55999755859376,109.29783630371094
2015-02-03,51915700,118.5,119.08999633789062,117.61000061035156,118.6500015258789,108.46593475341795
2015-02-02,62739100,118.0500030517578,119.16999816894533,116.08000183105467,118.62999725341795,108.44766235351562
2015-01-30,83745500,118.4000015258789,120.0,116.8499984741211,117.16000366210938,107.10383605957033
2015-01-29,84436400,116.31999969482422,119.19000244140624,115.55999755859376,118.9000015258789,108.6944808959961
2015-01-28,146477100,117.62999725341795,118.12000274658205,115.30999755859376,115.30999755859376,105.41262817382812
2015-01-27,95568700,112.41999816894533,112.4800033569336,109.02999877929688,109.13999938964844,99.77220916748048
2015-01-26,55615000,113.73999786376952,114.36000061035156,112.8000030517578,113.0999984741211,103.3923110961914
2015-01-23,46464800,112.3000030517578,113.75,111.52999877929688,112.9800033569336,103.28260803222656
2015-01-22,53796400,110.26000213623048,112.47000122070312,109.72000122070312,112.4000015258789,102.75240325927734
2015-01-21,48575900,108.9499969482422,111.05999755859376,108.2699966430664,109.5500030517578,100.14701080322266
2015-01-20,49899900,107.83999633789062,108.97000122070312,106.5,108.72000122070312,99.38829040527344
2015-01-16,78513300,107.02999877929688,107.58000183105467,105.1999969482422,105.98999786376952,96.89256286621094
2015-01-15,60014000,110.0,110.05999755859376,106.66000366210938,106.81999969482422,97.65131378173828
2015-01-14,48956600,109.04000091552734,110.48999786376952,108.5,109.8000030517578,100.37557220458984
2015-01-13,67091900,111.43000030517578,112.8000030517578,108.91000366210938,110.22000122070312,100.75951385498048
2015-01-12,49650800,112.5999984741211,112.62999725341795,108.8000030517578,109.25,99.8727569580078
2015-01-09,53699500,112.66999816894533,113.25,110.20999908447266,112.01000213623048,102.39584350585938
2015-01-08,59364500,109.2300033569336,112.1500015258789,108.6999969482422,111.88999938964844,102.28618621826172
2015-01-07,40105900,107.1999969482422,108.1999969482422,106.6999969482422,107.75,98.50151824951172
2015-01-06,65797100,106.54000091552734,107.43000030517578,104.62999725341795,106.26000213623048,97.13941955566406
2015-01-05,64285500,108.29000091552734,108.6500015258789,105.41000366210938,106.25,97.13024139404295
2015-01-02,53204600,111.38999938964844,111.44000244140624,107.3499984741211,109.33000183105467,99.94588470458984
2014-12-31,41403400,112.81999969482422,113.12999725341795,110.20999908447266,110.37999725341795,100.9057846069336
2014-12-30,29881500,113.63999938964844,113.91999816894533,112.11000061035156,112.5199966430664,102.86209869384766
2014-12-29,27598900,113.79000091552734,114.7699966430664,113.6999969482422,113.91000366210938,104.13279724121094
2014-12-26,33721000,112.0999984741211,114.5199966430664,112.01000213623048,113.98999786376952,104.20594024658205
2014-12-24,14479600,112.58000183105467,112.70999908447266,112.01000213623048,112.01000213623048,102.39584350585938
2014-12-23,26028400,113.2300033569336,113.33000183105467,112.45999908447266,112.54000091552734,102.8803939819336
2014-12-22,45167500,112.16000366210938,113.48999786376952,111.97000122070312,112.94000244140624,103.24605560302734
2014-12-19,88429800,112.26000213623048,113.23999786376952,111.66000366210938,111.77999877929688,102.18561553955078
2014-12-18,59006200,111.87000274658205,112.6500015258789,110.66000366210938,112.6500015258789,102.98091888427734
2014-12-17,53411800,107.12000274658205,109.83999633789062,106.81999969482422,109.41000366210938,100.01904296875
2014-12-16,60790700,106.37000274658205,110.16000366210938,106.26000213623048,106.75,97.58734130859376
2014-12-15,67218100,110.6999969482422,111.5999984741211,106.3499984741211,108.2300033569336,98.94033813476562
2014-12-12,56028100,110.45999908447266,111.87000274658205,109.58000183105467,109.7300033569336,100.3115692138672
2014-12-11,41401700,112.26000213623048,113.8000030517578,111.33999633789062,111.62000274658205,102.03936767578124
2014-12-10,44565300,114.41000366210938,114.8499984741211,111.54000091552734,111.9499969482422,102.34101104736328
2014-12-09,60208000,110.19000244140624,114.3000030517578,109.3499984741211,114.12000274658205,104.3247528076172
2014-12-08,57664900,114.0999984741211,114.6500015258789,111.62000274658205,112.4000015258789,102.75240325927734
2014-12-05,38318900,115.98999786376952,116.08000183105467,114.63999938964844,115.0,105.12921905517578
2014-12-04,42044500,115.7699966430664,117.1999969482422,115.29000091552734,115.48999786376952,105.5771713256836
2014-12-03,43063400,115.75,116.3499984741211,115.11000061035156,115.93000030517578,105.97940063476562
2014-12-02,59348900,113.5,115.75,112.75,114.62999725341795,104.79097747802734
2014-12-01,83814000,118.80999755859376,119.25,111.2699966430664,115.06999969482422,105.19322204589844
2014-11-28,24814400,119.2699966430664,119.4000015258789,118.0500030517578,118.93000030517578,108.72189331054688
2014-11-26,40768300,117.94000244140624,119.0999984741211,117.83000183105467,119.0,108.78590393066406
2014-11-25,68840400,119.06999969482422,119.75,117.4499969482422,117.5999984741211,107.50606536865234
2014-11-24,47450800,116.8499984741211,118.7699966430664,116.62000274658205,118.62999725341795,108.44766235351562
2014-11-21,57179300,117.51000213623048,117.56999969482422,116.02999877929688,116.47000122070312,106.47306060791016
2014-11-20,43395500,114.91000366210938,116.86000061035156,114.8499984741211,116.30999755859376,106.3267822265625
2014-11-19,41869200,115.44000244140624,115.73999786376952,113.8000030517578,114.66999816894533,104.82757568359376
2014-11-18,44224000,113.94000244140624,115.69000244140624,113.88999938964844,115.47000122070312,105.55889892578124
2014-11-17,46746700,114.2699966430664,117.27999877929688,113.3000030517578,113.98999786376952,104.20594024658205
2014-11-14,44063600,113.1500015258789,114.19000244140624,111.20999908447266,114.18000030517578,104.37963104248048
2014-11-13,59522900,111.8000030517578,113.4499969482422,111.5999984741211,112.81999969482422,103.13633728027344
2014-11-12,46942400,109.37999725341795,111.43000030517578,109.37000274658205,111.25,101.70108795166016
2014-11-11,27442300,108.6999969482422,109.75,108.4000015258789,109.6999969482422,100.28414154052734
2014-11-10,27195500,109.0199966430664,109.33000183105467,108.66999816894533,108.83000183105467,99.48883819580078
2014-11-07,33691500,108.75,109.31999969482422,108.5500030517578,109.01000213623048,99.65337371826172
2014-11-06,34968500,108.5999984741211,108.79000091552734,107.8000030517578,108.6999969482422,99.36996459960938
2014-11-05,37435900,109.0999984741211,109.3000030517578,108.12999725341795,108.86000061035156,99.08657836914062
2014-11-04,41574400,109.36000061035156,109.48999786376952,107.72000122070312,108.5999984741211,98.84994506835938
2014-11-03,52282600,108.22000122070312,110.3000030517578,108.01000213623048,109.4000015258789,99.57810974121094
2014-10-31,44639300,108.01000213623048,108.04000091552734,107.20999908447266,108.0,98.30377960205078
2014-10-30,40654800,106.95999908447266,107.3499984741211,105.9000015258789,106.9800033569336,97.37537384033205
2014-10-29,52687900,106.6500015258789,107.37000274658205,106.36000061035156,107.33999633789062,97.70304107666016
2014-10-28,48060900,105.4000015258789,106.73999786376952,105.3499984741211,106.73999786376952,97.15690612792967
2014-10-27,34187700,104.8499984741211,105.4800033569336,104.6999969482422,105.11000061035156,95.67325592041016
2014-10-24,47053900,105.18000030517578,105.48999786376952,104.52999877929688,105.22000122070312,95.7733917236328
2014-10-23,71074700,104.08000183105467,105.0500030517578,103.62999725341795,104.83000183105467,95.41840362548828
2014-10-22,68263100,102.83999633789062,104.11000061035156,102.5999984741211,102.98999786376952,93.74359893798828
2014-10-21,94623900,103.0199966430664,103.0199966430664,101.2699966430664,102.47000122070312,93.27029418945312
2014-10-20,77517300,98.31999969482422,99.95999908447266,98.22000122070312,99.76000213623048,90.80358123779295
2014-10-17,68179700,97.5,99.0,96.80999755859376,97.66999816894533,88.90121459960938
2014-10-16,72154500,95.5500030517578,97.72000122070312,95.41000366210938,96.26000213623048,87.61780548095703
2014-10-15,100933600,97.97000122070312,99.1500015258789,95.18000030517578,97.54000091552734,88.78289794921875
2014-10-14,63688600,100.38999938964844,100.5199966430664,98.56999969482422,98.75,89.88423919677734
2014-10-13,53583400,101.33000183105467,101.77999877929688,99.80999755859376,99.80999755859376,90.8490982055664
2014-10-10,66331600,100.69000244140624,102.02999877929688,100.3000030517578,100.7300033569336,91.68649291992188
2014-10-09,77376500,101.54000091552734,102.37999725341795,100.61000061035156,101.0199966430664,91.9504623413086
2014-10-08,57404700,98.76000213623048,101.11000061035156,98.30999755859376,100.8000030517578,91.75020599365234
2014-10-07,42094200,99.43000030517578,100.12000274658205,98.7300033569336,98.75,89.88423919677734
2014-10-06,37051200,99.9499969482422,100.6500015258789,99.41999816894533,99.62000274658205,90.67615509033205
2014-10-03,43469600,99.44000244140624,100.20999908447266,99.04000091552734,99.62000274658205,90.67615509033205
2014-10-02,47757800,99.2699966430664,100.22000122070312,98.04000091552734,99.9000015258789,90.93102264404295
2014-10-01,51491300,100.58999633789062,100.69000244140624,98.6999969482422,99.18000030517578,90.27564239501952
2014-09-30,55264100,100.80999755859376,101.54000091552734,100.52999877929688,100.75,91.70471954345705
2014-09-29,49766300,98.6500015258789,100.44000244140624,98.62999725341795,100.11000061035156,91.12217712402344
2014-09-26,62370500,98.52999877929688,100.75,98.4000015258789,100.75,91.70471954345705
2014-09-25,100092000,100.51000213623048,100.70999908447266,97.72000122070312,97.87000274658205,89.08328247070312
2014-09-24,60171800,102.16000366210938,102.8499984741211,101.1999969482422,101.75,92.61492919921876
2014-09-23,63402200,100.5999984741211,102.94000244140624,100.54000091552734,102.63999938964844,93.42501831054688
2014-09-22,52788400,101.8000030517578,102.13999938964844,100.58000183105467,101.05999755859376,91.9868621826172
2014-09-19,70902400,102.29000091552734,102.3499984741211,100.5,100.95999908447266,91.89585876464844
2014-09-18,37299400,101.93000030517578,102.3499984741211,101.55999755859376,101.79000091552734,92.6513214111328
2014-09-17,60926500,101.2699966430664,101.8000030517578,100.58999633789062,101.58000183105467,92.4601821899414
2014-09-16,66908100,99.8000030517578,101.26000213623048,98.88999938964844,100.86000061035156,91.8048324584961
2014-09-15,61316500,102.80999755859376,103.0500030517578,101.44000244140624,101.62999725341795,92.50569152832033
2014-09-12,62626100,101.20999908447266,102.19000244140624,101.08000183105467,101.66000366210938,92.53302764892578
2014-09-11,62353100,100.41000366210938,101.44000244140624,99.62000274658205,101.43000030517578,92.32363891601562
2014-09-10,100869600,98.01000213623048,101.11000061035156,97.76000213623048,101.0,91.93225860595705
2014-09-09,189846300,99.08000183105467,103.08000183105467,96.13999938964844,97.98999786376952,89.19248962402344
2014-09-08,46356700,99.3000030517578,99.30999755859376,98.0500030517578,98.36000061035156,89.5292739868164
2014-09-05,58457000,98.8000030517578,99.38999938964844,98.30999755859376,98.97000122070312,90.0845184326172
2014-09-04,85718000,98.8499984741211,100.08999633789062,97.79000091552734,98.12000274658205,89.31082153320312
2014-09-03,125421000,103.0999984741211,103.1999969482422,98.58000183105467,98.94000244140624,90.05722045898438
2014-09-02,53564000,103.05999755859376,103.73999786376952,102.72000122070312,103.3000030517578,94.02578735351562
2014-08-29,44595000,102.86000061035156,102.9000015258789,102.1999969482422,102.5,93.2975845336914
2014-08-28,68460000,101.58999633789062,102.77999877929688,101.55999755859376,102.25,93.07003784179688
2014-08-27,52369000,101.0199966430664,102.56999969482422,100.6999969482422,102.12999725341795,92.96080017089844
2014-08-26,33152000,101.41999816894533,101.5,100.86000061035156,100.88999938964844,91.83211517333984
2014-08-25,40270000,101.79000091552734,102.16999816894533,101.27999877929688,101.54000091552734,92.42378997802734
2014-08-22,44184000,100.29000091552734,101.47000122070312,100.19000244140624,101.31999969482422,92.22352600097656
2014-08-21,33478000,100.56999969482422,100.94000244140624,100.11000061035156,100.58000183105467,91.54996490478516
2014-08-20,52699000,100.44000244140624,101.08999633789062,99.9499969482422,100.56999969482422,91.5408706665039
2014-08-19,69399000,99.41000366210938,100.68000030517578,99.31999969482422,100.52999877929688,91.50443267822266
2014-08-18,47572000,98.48999786376952,99.37000274658205,97.9800033569336,99.16000366210938,90.25746154785156
2014-08-15,48951000,97.9000015258789,98.19000244140624,96.86000061035156,97.9800033569336,89.18341827392578
2014-08-14,28116000,97.33000183105467,97.56999969482422,96.8000030517578,97.5,88.74647521972656
2014-08-13,31916000,96.1500015258789,97.23999786376952,96.04000091552734,97.23999786376952,88.50983428955078
2014-08-12,33795000,96.04000091552734,96.87999725341795,95.61000061035156,95.97000122070312,87.35383605957031
2014-08-11,36585000,95.2699966430664,96.08000183105467,94.83999633789062,95.98999786376952,87.3720474243164
2014-08-08,41865000,94.26000213623048,94.81999969482422,93.27999877929688,94.73999786376952,86.23428344726562
2014-08-07,46711000,94.93000030517578,95.9499969482422,94.0999984741211,94.4800033569336,85.99759674072266
2014-08-06,38558000,94.75,95.4800033569336,94.70999908447266,94.95999908447266,86.0067138671875
2014-08-05,55933000,95.36000061035156,95.68000030517578,94.36000061035156,95.12000274658205,86.15165710449219
2014-08-04,39958000,96.37000274658205,96.58000183105467,95.16999816894533,95.58999633789062,86.57731628417969
2014-08-01,48511000,94.9000015258789,96.62000274658205,94.80999755859376,96.12999725341795,87.06640625
2014-07-31,56843000,97.16000366210938,97.4499969482422,95.33000183105467,95.5999984741211,86.58639526367188
2014-07-30,33010000,98.44000244140624,98.6999969482422,97.66999816894533,98.1500015258789,88.89594268798828
2014-07-29,43143000,99.33000183105467,99.44000244140624,98.25,98.37999725341795,89.10427856445312
2014-07-28,55318000,97.81999969482422,99.23999786376952,97.5500030517578,99.0199966430664,89.68392181396484
2014-07-25,43469000,96.8499984741211,97.83999633789062,96.63999938964844,97.66999816894533,88.4612045288086
2014-07-24,45729000,97.04000091552734,97.31999969482422,96.41999816894533,97.02999877929688,87.88153076171875
2014-07-23,92918000,95.41999816894533,97.87999725341795,95.16999816894533,97.19000244140624,88.02648162841797
2014-07-22,55197000,94.68000030517578,94.88999938964844,94.12000274658205,94.72000122070312,85.78935241699219
2014-07-21,39079000,94.98999786376952,95.0,93.72000122070312,93.94000244140624,85.08290100097656
2014-07-18,49988000,93.62000274658205,94.73999786376952,93.0199966430664,94.43000030517578,85.52669525146484
2014-07-17,57298000,95.02999877929688,95.27999877929688,92.56999969482422,93.08999633789062,84.31303405761719
2014-07-16,53396300,96.97000122070312,97.0999984741211,94.73999786376952,94.77999877929688,85.84369659423828
2014-07-15,45477900,96.8000030517578,96.8499984741211,95.02999877929688,95.31999969482422,86.3327865600586
2014-07-14,42810000,95.86000061035156,96.88999938964844,95.6500015258789,96.4499969482422,87.35623168945312
2014-07-11,34018000,95.36000061035156,95.88999938964844,94.86000061035156,95.22000122070312,86.2422103881836
2014-07-10,39686000,93.76000213623048,95.5500030517578,93.5199966430664,95.04000091552734,86.07919311523438
2014-07-09,36436000,95.44000244140624,95.9499969482422,94.76000213623048,95.38999938964844,86.39616394042969
2014-07-08,65222000,96.2699966430664,96.8000030517578,93.91999816894533,95.3499984741211,86.35994720458984
2014-07-07,56468000,94.13999938964844,95.98999786376952,94.0999984741211,95.97000122070312,86.92149353027344
2014-07-03,22891800,93.66999816894533,94.0999984741211,93.1999969482422,94.02999877929688,85.16439056396484
2014-07-02,28465000,93.87000274658205,94.05999755859376,93.08999633789062,93.4800033569336,84.66626739501953
2014-07-01,38223000,93.5199966430664,94.06999969482422,93.12999725341795,93.5199966430664,84.70246124267578
2014-06-30,49482300,92.0999984741211,93.7300033569336,92.08999633789062,92.93000030517578,84.16812896728516
2014-06-27,64029000,90.81999969482422,92.0,90.7699966430664,91.9800033569336,83.30770111083984
2014-06-26,32629000,90.37000274658205,91.0500030517578,89.80000305175781,90.9000015258789,82.32952880859375
2014-06-25,36869000,90.20999908447266,90.6999969482422,89.6500015258789,90.36000061035156,81.84043884277344
2014-06-24,39036000,90.75,91.73999786376952,90.19000244140624,90.27999877929688,81.76795959472656
2014-06-23,43694000,91.31999969482422,91.62000274658205,90.5999984741211,90.83000183105467,82.26612091064453
2014-06-20,100898000,91.8499984741211,92.5500030517578,90.9000015258789,90.91000366210938,82.33859252929688
2014-06-19,35528000,92.29000091552734,92.3000030517578,91.33999633789062,91.86000061035156,83.19901275634766
2014-06-18,33514000,92.2699966430664,92.29000091552734,91.3499984741211,92.18000030517578,83.48885345458984
2014-06-17,29726000,92.30999755859376,92.6999969482422,91.8000030517578,92.08000183105467,83.39826965332031
2014-06-16,35561000,91.51000213623048,92.75,91.4499969482422,92.1999969482422,83.5069351196289
2014-06-13,54525000,92.1999969482422,92.44000244140624,90.87999725341795,91.27999877929688,82.67369079589844
2014-06-12,54749000,94.04000091552734,94.12000274658205,91.9000015258789,92.29000091552734,83.58847045898438
2014-06-11,45681000,94.12999725341795,94.76000213623048,93.47000122070312,93.86000061035156,85.01043701171875
2014-06-10,62777000,94.7300033569336,95.0500030517578,93.56999969482422,94.25,85.36365509033203
2014-06-09,75415000,92.6999969482422,93.87999725341795,91.75,93.6999969482422,84.86550903320312
2014-06-06,87484600,92.84285736083984,93.03713989257812,92.06714630126952,92.22428894042967,83.52893829345703
2014-06-05,75951400,92.31428527832033,92.76714324951172,91.80142974853516,92.47856903076172,83.75926971435547
2014-06-04,83870500,91.06285858154295,92.55571746826172,90.87285614013672,92.1171417236328,83.43191528320312
2014-06-03,73177300,89.77999877929688,91.24857330322266,89.75,91.07714080810548,82.48995208740234
2014-06-02,92337700,90.56571197509766,90.69000244140624,88.92857360839844,89.80714416503906,81.3396987915039
2014-05-30,141005200,91.13999938964844,92.02428436279295,89.84285736083984,90.42857360839844,81.90255737304688
2014-05-29,94118500,89.69285583496094,90.98143005371094,89.68142700195312,90.76856994628906,82.21047973632812
2014-05-28,78870400,89.43142700195312,89.97571563720703,89.1114273071289,89.144287109375,80.73933410644531
2014-05-27,87216500,87.98285675048828,89.4085693359375,87.9471435546875,89.37571716308594,80.9489517211914
2014-05-23,58052400,86.75,87.81857299804688,86.6385726928711,87.73285675048828,79.46098327636719
2014-05-22,50190000,86.65714263916016,87.12142944335938,86.30000305175781,86.75285339355469,78.5733871459961
2014-05-21,49214900,86.26142883300781,86.67142486572266,86.0085678100586,86.61571502685547,78.44918060302734
2014-05-20,58709000,86.35857391357422,86.62857055664062,85.81857299804688,86.38714599609375,78.24214172363281
2014-05-19,79438800,85.40714263916016,86.76142883300781,85.33285522460938,86.37000274658203,78.22664642333984
2014-05-16,69064100,84.08999633789062,85.3614273071289,83.62857055664062,85.35857391357422,77.31057739257812
2014-05-15,57711500,84.95714569091797,85.22856903076172,84.0057144165039,84.11714172363281,76.1861572265625
2014-05-14,41601000,84.63285827636719,85.34285736083984,84.53428649902344,84.83856964111328,76.83958435058594
2014-05-13,39934300,84.57142639160156,84.93428802490234,84.38571166992188,84.82286071777344,76.82536315917969
2014-05-12,53302200,83.92713928222656,84.8085708618164,83.9142837524414,84.69000244140625,76.70503997802734
2014-05-09,72899400,83.5057144165039,83.75,82.90428924560547,83.64857482910156,75.76178741455078
2014-05-08,57574300,84.03571319580078,84.91571807861328,83.77143096923828,83.99857330322266,76.07878875732422
2014-05-07,70716100,85.03571319580078,85.32714080810547,83.96142578125,84.61856842041016,76.21463775634766
2014-05-06,93641100,85.97142791748047,86.34428405761719,84.91571807861328,84.91571807861328,76.48228454589844
2014-05-05,71766800,84.30571746826172,85.85713958740234,84.28571319580078,85.85142517089844,77.3250503540039
2014-05-02,47878600,84.62000274658203,84.88571166992188,84.2442855834961,84.65428924560547,76.24681091308594
2014-05-01,61012000,84.57142639160156,84.97142791748047,83.76571655273438,84.49714660644531,76.10530853271484
2014-04-30,114160200,84.66285705566406,85.63285827636719,84.25714111328125,84.29856872558594,75.92642974853516
2014-04-29,84344400,84.81999969482422,85.13999938964844,84.21571350097656,84.61856842041016,76.21463775634766
2014-04-28,167371400,81.82857513427734,85.10713958740234,81.79285430908203,84.87000274658203,76.44110870361328
2014-04-25,97568800,80.64714050292969,81.71286010742188,80.56571197509766,81.7057113647461,73.59107208251953
2014-04-24,189977900,81.17285919189453,81.42857360839844,80.10428619384766,81.11000061035156,73.05451965332031
2014-04-23,98735000,75.58000183105469,75.87571716308594,74.92142486572266,74.96428680419922,67.51917266845703
2014-04-22,50640800,75.47285461425781,75.97571563720703,75.21428680419922,75.95714569091797,68.4134292602539
2014-04-21,45637200,75.04856872558594,76.0199966430664,74.85142517089844,75.88143157958984,68.34523010253906
2014-04-17,71083600,74.28571319580078,75.394287109375,74.17142486572266,74.9914321899414,67.54363250732422
2014-04-16,53691400,74.00714111328125,74.4414291381836,73.44857025146484,74.144287109375,66.7806167602539
2014-04-15,66622500,74.32428741455078,74.5199966430664,73.0471420288086,73.9942855834961,66.64552307128906
2014-04-14,51418500,74.55714416503906,74.59428405761719,73.88714599609375,74.52571105957031,67.12416076660156
2014-04-11,67929400,74.14286041259766,74.69000244140625,73.87714385986328,74.2300033569336,66.85781860351562
2014-04-10,59913000,75.81143188476562,76.03428649902344,74.73857116699219,74.7828598022461,67.35576629638672
2014-04-09,51542400,74.66285705566406,75.78428649902344,74.57428741455078,75.76000213623047,68.23588562011719
2014-04-08,60972100,75.02714538574219,75.16000366210938,74.0999984741211,74.77714538574219,67.35062408447266
2014-04-07,72462600,75.43142700195312,75.84285736083984,74.55571746826172,74.78142547607422,67.35449981689453
2014-04-04,68812800,77.11571502685547,77.14286041259766,75.7971420288086,75.97428894042969,68.42887878417969
2014-04-03,40586000,77.3414306640625,77.5,76.80571746826172,76.97000122070312,69.32568359375
2014-04-02,45105200,77.48285675048828,77.63999938964844,77.18000030517578,77.50714111328125,69.80948638916016
2014-04-01,50190000,76.82286071777344,77.41000366210938,76.68142700195312,77.37857055664062,69.69369506835938
2014-03-31,42167300,77.0328598022461,77.2585678100586,76.56143188476562,76.67713928222656,69.06194305419922
2014-03-28,50141000,76.9028549194336,76.9914321899414,76.32142639160156,76.69428253173828,69.07737731933594
2014-03-27,55507900,77.14571380615234,77.35713958740234,76.44571685791016,76.77999877929688,69.15457153320312
2014-03-26,74942000,78.07428741455078,78.42857360839844,76.9800033569336,77.1114273071289,69.45306396484375
2014-03-25,70573300,77.35713958740234,77.96428680419922,77.08428192138672,77.855712890625,70.1234359741211
2014-03-24,88925200,76.91714477539062,77.21428680419922,76.43714141845703,77.02714538574219,69.37715911865234
2014-03-21,93511600,75.98999786376953,76.25,75.19000244140625,76.12428283691406,68.56394958496094
2014-03-20,52099600,75.69857025146484,76.09571075439453,75.3357162475586,75.52857208251953,68.02742767333984
2014-03-19,56189000,76.03713989257812,76.605712890625,75.57142639160156,75.894287109375,68.35682678222656
2014-03-18,52411800,75.12857055664062,75.99571228027344,75.02857208251953,75.9142837524414,68.37483215332031
2014-03-17,49886200,75.38571166992188,75.70999908447266,75.12142944335938,75.24857330322266,67.77523803710938
2014-03-14,59299800,75.54142761230469,75.8414306640625,74.71428680419922,74.9557113647461,67.51146697998047
2014-03-13,64435700,76.77714538574219,77.09428405761719,75.59428405761719,75.80714416503906,68.27832794189453
2014-03-12,49831600,76.35857391357422,76.7642822265625,76.0,76.6585693359375,69.04518127441406
2014-03-11,69806100,76.49285888671875,76.96286010742188,76.08428192138672,76.58428192138672,68.97827911376953
2014-03-10,44646000,75.4800033569336,76.19000244140625,75.47714233398438,75.84571075439453,68.31306457519531
2014-03-07,55182400,75.87000274658203,75.99714660644531,75.1500015258789,75.77714538574219,68.25130462646484
2014-03-06,46372200,76.11285400390625,76.34857177734375,75.44285583496094,75.82142639160156,68.29116821289062
2014-03-05,50015700,75.84571075439453,76.39286041259766,75.58999633789062,76.05142974853516,68.49835205078125
2014-03-04,64785000,75.85713958740234,76.0914306640625,75.39571380615234,75.89142608642578,68.354248046875
2014-03-03,59695300,74.77428436279297,75.80714416503906,74.68714141845703,75.394287109375,67.90646362304688
2014-02-28,92992200,75.58285522460938,76.10713958740234,74.58856964111328,75.17713928222656,67.71089172363281
2014-02-27,75470500,73.87714385986328,75.54000091552734,73.72142791748047,75.38143157958984,67.89488220214844
2014-02-26,69054300,74.80142974853516,75.0,73.65714263916016,73.90714263916016,66.5670394897461
2014-02-25,57988000,75.62571716308594,75.6528549194336,74.42857360839844,74.58000183105469,67.17306518554688
2014-02-24,72227400,74.7357177734375,75.7028579711914,74.63143157958984,75.36428833007812,67.87944793701172
2014-02-21,69696200,76.11285400390625,76.36714172363281,74.94285583496094,75.03571319580078,67.58351135253906
2014-02-20,76464500,76.14142608642578,76.71428680419922,75.57142639160156,75.87857055664062,68.34266662597656
2014-02-19,78442000,77.82142639160156,78.12714385986328,76.3357162475586,76.76714324951172,69.14299011230469
2014-02-18,65062900,78.0,78.7414321899414,77.94428253173828,77.99857330322266,70.25212860107422
2014-02-14,68231100,77.49571228027344,77.99714660644531,77.31571197509766,77.71286010742188,69.99478149414062
2014-02-13,76849500,76.37999725341797,77.8357162475586,76.31428527832031,77.77571105957031,70.05138397216797
2014-02-12,77025200,76.70714569091797,77.08000183105469,76.17713928222656,76.55999755859375,68.95641326904297
2014-02-11,70564200,75.80142974853516,76.82142639160156,75.64286041259766,76.56571197509766,68.96155548095703
2014-02-10,86389800,74.09428405761719,75.99857330322266,74.0,75.56999969482422,68.06472778320312
2014-02-07,92570100,74.48285675048828,74.70428466796875,73.91143035888672,74.23999786376953,66.8668441772461
2014-02-06,64441300,72.86571502685547,73.35713958740234,72.5442886352539,73.21571350097656,65.94427490234375
2014-02-05,82086200,72.36571502685547,73.6114273071289,72.32142639160156,73.22714233398438,65.56211853027344
2014-02-04,94170300,72.2642822265625,72.77999877929688,71.82286071777344,72.68428802490234,65.07609558105469
2014-02-03,100366000,71.80142974853516,72.5328598022461,71.32857513427734,71.64714050292969,64.14751434326172
2014-01-31,116199300,70.73999786376953,71.64714050292969,70.50714111328125,71.5142822265625,64.028564453125
2014-01-30,169625400,71.79142761230469,72.35713958740234,70.95714569091797,71.39714050292969,63.92367172241211
2014-01-29,125702500,71.99285888671875,72.48143005371094,71.23143005371094,71.53571319580078,64.04773712158203
2014-01-28,266380800,72.68000030517578,73.57142639160156,71.72428894042969,72.35713958740234,64.78319549560547
2014-01-27,138719700,78.58142852783203,79.25714111328125,77.96428680419922,78.64286041259766,70.41095733642578
2014-01-24,107338700,79.14286041259766,79.37428283691406,77.82142639160156,78.01000213623047,69.84432983398438
2014-01-23,100809800,78.56285858154297,79.5,77.83000183105469,79.45428466796875,71.13744354248047
2014-01-22,94996300,78.70143127441406,79.61285400390625,78.2585678100586,78.78713989257812,70.5401382446289
2014-01-21,82131700,77.28428649902344,78.58142852783203,77.2028579711914,78.43856811523438,70.22804260253906
2014-01-17,106684900,78.7828598022461,78.86714172363281,77.12857055664062,77.23857116699219,69.15364837646484
2014-01-16,57319500,79.27143096923828,79.55000305175781,78.81143188476562,79.17857360839844,70.8906021118164
2014-01-15,97909700,79.07428741455078,80.02857208251953,78.8085708618164,79.62285614013672,71.28838348388672
2014-01-14,83140400,76.8885726928711,78.10428619384766,76.8085708618164,78.05571746826172,69.8852767944336
2014-01-13,94623200,75.70143127441406,77.5,75.6971435546875,76.5328598022461,68.52180480957031
2014-01-10,76244000,77.11856842041016,77.25714111328125,75.87285614013672,76.13428497314453,68.16496276855469
2014-01-09,69787200,78.11428833007812,78.12285614013672,76.47856903076172,76.64571380615234,68.62286376953125
2014-01-08,64632400,76.97285461425781,77.93714141845703,76.9557113647461,77.63714599609375,69.51053619384766
2014-01-07,79302300,77.76000213623047,77.9942855834961,76.84571075439453,77.14857482910156,69.07307434082031
2014-01-06,103152700,76.77857208251953,78.11428833007812,76.22856903076172,77.70428466796875,69.57062530517578
2014-01-03,98116900,78.9800033569336,79.0999984741211,77.20428466796875,77.2828598022461,69.19330596923828
2014-01-02,58671200,79.38285827636719,79.57571411132812,78.86000061035156,79.01856994628906,70.74732971191406
2013-12-31,55771100,79.16714477539062,80.18285369873047,79.14286041259766,80.14571380615234,71.75650787353516
2013-12-30,63407400,79.63714599609375,80.01285552978516,78.9028549194336,79.2171401977539,70.92514038085938
2013-12-27,56471100,80.54571533203125,80.62999725341797,79.92857360839844,80.01285552978516,71.63753509521484
2013-12-26,51002000,81.15714263916016,81.35713958740234,80.48285675048828,80.55714416503906,72.1248550415039
2013-12-24,41888700,81.41285705566406,81.6971435546875,80.8614273071289,81.09571075439453,72.60706329345703
2013-12-23,125326600,81.14286041259766,81.53142547607422,80.394287109375,81.4414291381836,72.9166030883789
2013-12-20,109103400,77.91857147216797,78.80142974853516,77.83142852783203,78.43142700195312,70.2216567993164
2013-12-19,80077200,78.5,78.57142639160156,77.67571258544922,77.77999877929688,69.63841247558594
2013-12-18,141465800,78.52857208251953,78.77857208251953,76.97142791748047,78.68142700195312,70.44548797607422
2013-12-17,57475600,79.40142822265625,79.91999816894531,79.05428314208984,79.28428649902344,70.98524475097656
2013-12-16,70648200,79.28857421875,80.37714385986328,79.28713989257812,79.64286041259766,71.30626678466797
2013-12-13,83205500,80.40714263916016,80.41143035888672,79.09571075439453,79.20428466796875,70.9135971069336
2013-12-12,65572500,80.30571746826172,80.76285552978516,80.00428771972656,80.07714080810547,71.69511413574219
2013-12-11,89929700,81.0,81.56714630126953,79.9557113647461,80.19428253173828,71.79997253417969
2013-12-10,69567400,80.51142883300781,81.12571716308594,80.17142486572266,80.79285430908203,72.33589172363281
2013-12-09,80123400,80.12857055664062,81.36856842041016,80.12857055664062,80.91857147216797,72.44847106933594
2013-12-06,86088100,80.82714080810547,80.96428680419922,79.93856811523438,80.00285339355469,71.62857818603516
2013-12-05,111895000,81.80714416503906,82.16285705566406,80.91571807861328,81.12857055664062,72.636474609375
2013-12-04,94452400,80.78571319580078,81.31285858154297,80.11714172363281,80.71428680419922,72.26555633544922
2013-12-03,112742000,79.75714111328125,80.91143035888672,79.66857147216797,80.9028549194336,72.43438720703125
2013-12-02,118136200,79.71428680419922,80.61856842041016,78.68856811523438,78.74714660644531,70.50431823730469
2013-11-29,79531900,78.49714660644531,79.76142883300781,78.2585678100586,79.43856811523438,71.12335968017578
2013-11-27,90862100,76.61571502685547,78.0,76.19999694824219,77.9942855834961,69.83027648925781
2013-11-26,100345700,74.87428283691406,76.5914306640625,74.85713958740234,76.19999694824219,68.22379302978516
2013-11-25,57327900,74.43142700195312,75.12428283691406,74.42857360839844,74.81999969482422,66.98825073242188
2013-11-22,55931400,74.2171401977539,74.59428405761719,74.07571411132812,74.25714111328125,66.48431396484375
2013-11-21,65506700,73.94285583496094,74.45857238769531,73.38143157958984,74.44857025146484,66.65570831298828
2013-11-20,48479200,74.17571258544922,74.34571075439453,73.47571563720703,73.57142639160156,65.87037658691406
2013-11-19,52234700,74.14714050292969,74.76856994628906,73.99571228027344,74.22142791748047,66.45232391357422
2013-11-18,61236000,74.99857330322266,75.31285858154297,74.02857208251953,74.08999633789062,66.33467102050781
2013-11-15,79480100,75.22571563720703,75.58428192138672,74.92713928222656,74.99857330322266,67.14812469482422
2013-11-14,70604800,74.68714141845703,75.6114273071289,74.5528564453125,75.45143127441406,67.5535888671875
2013-11-13,49305200,74.0,74.60713958740234,73.85142517089844,74.37571716308594,66.5904541015625
2013-11-12,51069200,73.9528579711914,74.84571075439453,73.85713958740234,74.28713989257812,66.51116943359375
2013-11-11,56863100,74.28428649902344,74.52428436279297,73.48714447021484,74.1500015258789,66.38836669921875
2013-11-08,69829200,73.51142883300781,74.4471435546875,73.22714233398438,74.36571502685547,66.58151245117188
2013-11-07,65655100,74.22571563720703,74.7414321899414,73.1971435546875,73.21286010742188,65.5493392944336
2013-11-06,55843900,74.87857055664062,74.9800033569336,74.02857208251953,74.41714477539062,66.62755584716797
2013-11-05,66303300,74.94000244140625,75.55571746826172,74.71428680419922,75.06428527832031,66.81685638427734
2013-11-04,61156900,74.44285583496094,75.26000213623047,74.11571502685547,75.25,66.98218536376953
2013-11-01,68722500,74.86000061035156,74.97142791748047,73.6914291381836,74.29000091552734,66.12764739990234
2013-10-31,68924100,75.0,75.355712890625,74.4671401977539,74.67142486572266,66.46717834472656
2013-10-30,88540900,74.2300033569336,75.36000061035156,73.86000061035156,74.9857177734375,66.74694061279297
2013-10-29,158951800,76.61000061035156,77.03571319580078,73.5057144165039,73.81143188476562,65.70164489746094
2013-10-28,137610200,75.57714080810547,75.85713958740234,74.7442855834961,75.6971435546875,67.38018798828125
2013-10-25,84448000,75.9028549194336,76.17571258544922,75.01571655273438,75.13714599609375,66.88172912597656
2013-10-24,96191200,75.0,76.06714630126953,74.63571166992188,75.98714447021484,67.6383285522461
2013-10-23,78430800,74.14286041259766,75.09571075439453,74.14286041259766,74.9942855834961,66.75456237792969
2013-10-22,133515900,75.20143127441406,75.49285888671875,72.57571411132812,74.26714324951172,66.10730743408203
2013-10-21,99526700,73.11000061035156,74.9000015258789,73.07428741455078,74.4800033569336,66.29679107666016
2013-10-18,72635500,72.28428649902344,72.75142669677734,72.2442855834961,72.69857025146484,64.71106719970703
2013-10-17,63398300,71.42571258544922,72.1114273071289,71.38285827636719,72.07142639160156,64.15283966064453
2013-10-16,62775300,71.54142761230469,71.79000091552734,71.31857299804688,71.58714294433594,63.72176361083984
2013-10-15,80018400,71.07286071777344,71.71428680419922,70.78857421875,71.23999786376953,63.41275024414063
2013-10-14,65474500,69.97571563720703,71.08285522460938,69.90714263916016,70.86285400390625,63.07706069946289
2013-10-11,66934700,69.56999969482422,70.54856872558594,69.3085708618164,70.40142822265625,62.66633224487305
2013-10-10,69650700,70.18856811523438,70.33999633789062,69.57714080810547,69.94857025146484,62.263221740722656
2013-10-09,75431300,69.23428344726562,69.68428802490234,68.32571411132812,69.51285552978516,61.87538146972656
2013-10-08,72729300,69.9914321899414,70.0914306640625,68.64857482910156,68.7057113647461,61.15691757202149
2013-10-07,78073100,69.5085678100586,70.37857055664062,69.3357162475586,69.67857360839844,62.02288436889648
2013-10-04,64717100,69.12285614013672,69.22856903076172,68.37142944335938,69.00428771972656,61.42268753051758
2013-10-03,80688300,70.07286071777344,70.3357162475586,68.67713928222656,69.0585708618164,61.471004486083984
2013-10-02,72296000,69.37571716308594,70.25714111328125,69.10713958740234,69.93714141845703,62.25303268432617
2013-10-01,88470900,68.3499984741211,69.87714385986328,68.33999633789062,69.70857238769531,62.049583435058594
2013-09-30,65039100,68.17857360839844,68.8085708618164,67.77285766601562,68.10713958740234,60.62409210205078
2013-09-27,57010100,69.1114273071289,69.23857116699219,68.67428588867188,68.96428680419922,61.3870849609375
2013-09-26,59305400,69.42857360839844,69.7942886352539,69.12857055664062,69.45999908447266,61.82832717895508
2013-09-25,79239300,69.88571166992188,69.94857025146484,68.77571105957031,68.79000091552734,61.231964111328125
2013-09-24,91086100,70.6971435546875,70.78142547607422,69.68856811523438,69.87142944335938,62.19454956054688
2013-09-23,190526700,70.87142944335938,70.98714447021484,68.94285583496094,70.0914306640625,62.390384674072266
2013-09-20,174825700,68.28571319580078,68.36428833007812,66.57142639160156,66.77285766601562,59.43643569946289
2013-09-19,101135300,67.24285888671875,67.97571563720703,67.03571319580078,67.47142791748047,60.05824279785156
2013-09-18,114215500,66.16857147216797,66.62142944335938,65.8085708618164,66.38285827636719,59.08929061889648
2013-09-17,99845200,63.994285583496094,65.67285919189453,63.92856979370117,65.04571533203125,57.8990478515625
2013-09-16,135926700,65.85713958740234,65.94428253173828,63.88857269287109,64.3028564453125,57.23780059814453
2013-09-13,74708900,67.04856872558594,67.40428924560547,66.38571166992188,66.4142837524414,59.11724853515625
2013-09-12,101012800,66.92857360839844,67.9142837524414,66.57286071777344,67.52714538574219,60.107852935791016
2013-09-11,224674100,66.71571350097656,67.66999816894531,66.40142822265625,66.81571197509766,59.474586486816406
2013-09-10,185798900,72.31428527832031,72.49285888671875,69.92857360839844,70.66285705566406,62.8990478515625
2013-09-09,85171800,72.14286041259766,72.55999755859375,71.92571258544922,72.30999755859375,64.36518859863281
2013-09-06,89881400,71.2057113647461,71.33999633789062,69.99285888671875,71.17428588867188,63.35425567626953
2013-09-05,59091900,71.46428680419922,71.52571105957031,70.5199966430664,70.75285339355469,62.9791259765625
2013-09-04,86258200,71.36571502685547,71.74857330322266,70.89714050292969,71.2414321899414,63.414024353027344
2013-09-03,82982200,70.44285583496094,71.5142822265625,69.62142944335938,69.7971420288086,62.12843704223633
2013-08-30,68074300,70.28571319580078,70.42142486572266,69.5,69.60285949707031,61.95549392700195
2013-08-29,59914400,70.2357177734375,70.92857360839844,70.16143035888672,70.24285888671875,62.525184631347656
2013-08-28,76902000,69.42857360839844,70.82857513427734,69.42857360839844,70.12857055664062,62.42343521118164
2013-08-27,106047200,71.14286041259766,71.78713989257812,69.47142791748047,69.79856872558594,62.129695892333984
2013-08-26,82741400,71.53571319580078,72.88571166992188,71.5,71.85285949707031,63.958282470703125
2013-08-23,55682900,71.89571380615234,71.90714263916016,71.3357162475586,71.57428741455078,63.71031951904297
2013-08-22,61051900,72.13999938964844,72.22714233398438,71.17142486572266,71.85142517089844,63.9570198059082
2013-08-21,83969900,71.9414291381836,72.44999694824219,71.5999984741211,71.76571655273438,63.88070297241211
2013-08-20,89672100,72.81571197509766,72.93856811523438,71.54571533203125,71.58142852783203,63.71669387817383
2013-08-19,127629600,72.04856872558594,73.39142608642578,72.0,72.53428649902344,64.56484985351562
2013-08-16,90576500,71.44999694824219,71.84857177734375,71.26571655273438,71.76142883300781,63.876895904541016
2013-08-15,122573500,70.91714477539062,71.77143096923828,69.86856842041016,71.12999725341797,63.31484603881836
2013-08-14,189093100,71.12571716308594,72.03571319580078,70.4857177734375,71.21428680419922,63.38985824584961
2013-08-13,220485300,67.27714538574219,70.66571807861328,66.86428833007812,69.93856811523438,62.25432205200195
2013-08-12,91108500,65.26571655273438,66.94999694824219,65.23285675048828,66.76571655273438,59.43007659912109
2013-08-09,66716300,65.5199966430664,65.77999877929688,64.80714416503906,64.92142486572266,57.78841781616211
2013-08-08,63944300,66.26571655273438,66.30000305175781,65.42142486572266,65.85857391357422,58.62260055541992
2013-08-07,74714500,66.25714111328125,66.71428680419922,65.9671401977539,66.42571258544922,58.73958587646485
2013-08-06,83714400,66.86000061035156,67.41285705566406,66.02428436279297,66.46428680419922,58.773704528808594
2013-08-05,79713900,66.38428497314453,67.23857116699219,66.02143096923828,67.06428527832031,59.30426025390625
2013-08-02,68695900,65.43000030517578,66.12142944335938,65.23714447021484,66.07714080810547,58.43135070800781
2013-08-01,51562700,65.10713958740234,65.25714111328125,64.75142669677734,65.23999786376953,57.69107437133789
2013-07-31,80739400,64.99857330322266,65.33428192138672,64.20428466796875,64.64714050292969,57.16681289672852
2013-07-30,77355600,64.27999877929688,65.30714416503906,64.17571258544922,64.76000213623047,57.2666244506836
2013-07-29,62014400,62.97142791748047,64.28428649902344,62.88571548461914,63.970001220703125,56.56802368164063
2013-07-26,50038100,62.18571472167969,63.00571441650391,62.0485725402832,62.998573303222656,55.70901107788086
2013-07-25,57373400,62.9571418762207,63.05714416503906,62.25857162475586,62.64285659790039,55.39445877075195
2013-07-24,147984200,62.70428466796875,63.51285552978516,62.18000030517578,62.93000030517578,55.64836502075195
2013-07-23,92348900,60.85714340209961,60.994285583496094,59.81571578979492,59.855712890625,52.9297981262207
2013-07-22,51949100,61.3514289855957,61.39285659790039,60.78142929077149,60.90142822265625,53.854522705078125
2013-07-19,67180400,61.871429443359375,61.99714279174805,60.621429443359375,60.7071418762207,53.682716369628906
2013-07-18,54719700,61.91143035888672,62.12428665161133,61.51571273803711,61.68000030517578,54.542999267578125
2013-07-17,49747600,61.38571548461914,61.7457160949707,61.17428588867188,61.47285842895508,54.35982131958008
2013-07-16,54134500,60.931427001953125,61.52999877929688,60.5957145690918,61.4571418762207,54.34592819213867
2013-07-15,60479300,60.71571350097656,61.63714218139648,60.68571472167969,61.06285858154297,53.99726867675781
2013-07-12,69890800,61.09285736083984,61.3985710144043,60.48714447021485,60.93000030517578,53.87978363037109
2013-07-11,81573100,60.42142868041992,61.17856979370117,60.16714096069336,61.04142761230469,53.978309631347656
2013-07-10,70351400,59.94285583496094,60.68571472167969,59.75,60.104286193847656,53.14961242675781
2013-07-09,88146100,59.08571243286133,60.5,58.62571334838867,60.33571243286133,53.354248046875
2013-07-08,74534600,60.01571273803711,60.14285659790039,58.66428756713867,59.2928581237793,52.432071685791016
2013-07-05,68506200,60.05571365356445,60.470001220703125,59.33571243286133,59.63142776489258,52.7314682006836
2013-07-03,60232200,60.12285614013672,60.42571258544922,59.63571548461914,60.11428451538086,53.15845489501953
2013-07-02,117466300,58.56571578979492,60.23285675048828,58.4957160949707,59.78428649902344,52.86663818359375
2013-07-01,97763400,57.52714157104492,58.89571380615234,57.317142486572266,58.459999084472656,51.695587158203125
2013-06-28,144629100,55.908573150634766,57.181427001953125,55.5528564453125,56.64714431762695,50.09249877929688
2013-06-27,84311500,57.03571319580078,57.341426849365234,56.220001220703125,56.2542839050293,49.74509811401367
2013-06-26,91931000,57.70000076293945,57.827144622802734,56.522857666015625,56.86714172363281,50.28705596923828
2013-06-25,78540700,57.9571418762207,58.25571441650391,56.97571563720703,57.51856994628906,50.86307907104492
2013-06-24,120186500,58.20000076293945,58.380001068115234,56.86428451538086,57.50571441650391,50.85171127319336
2013-06-21,120279600,59.78428649902344,60.0,58.29999923706055,59.07143020629883,52.23626708984375
2013-06-20,89327700,59.900001525878906,60.854286193847656,59.310001373291016,59.5485725402832,52.658199310302734
2013-06-19,77735000,61.62857055664063,61.665714263916016,60.42856979370117,60.42856979370117,53.43638610839844
2013-06-18,48756400,61.65142822265625,62.12857055664063,61.45857238769531,61.681427001953125,54.54425430297852
2013-06-17,64853600,61.63428497314453,62.24285888671875,61.47999954223633,61.71428680419922,54.57332229614258
2013-06-14,67966500,62.20000076293945,62.327144622802734,61.21428680419922,61.43571472167969,54.32698822021485
2013-06-13,71458100,61.78571319580078,62.44857025146485,61.25,62.27999877929688,55.07357406616211
2013-06-12,66306800,62.78571319580078,63.03571319580078,61.64285659790039,61.74142837524414,54.59732818603516
2013-06-11,71528100,62.248573303222656,63.251426696777344,61.90285873413086,62.514286041259766,55.28074645996094
2013-06-10,112538300,63.53285598754883,64.15428924560547,62.400001525878906,62.69857025146485,55.4437141418457
2013-06-07,101133900,62.35714340209961,63.31999969482422,61.82428741455078,63.11571502685547,55.81258392333984
2013-06-06,104233500,63.63857269287109,63.85714340209961,62.00714111328125,62.63714218139648,55.389381408691406
2013-06-05,72647400,63.66428756713867,64.3885726928711,63.38714218139648,63.58714294433594,56.22946548461914
2013-06-04,73182200,64.74571228027344,64.91857147216797,63.91285705566406,64.18714141845703,56.76003646850586
2013-06-03,93088100,64.38999938964844,64.62285614013672,63.21142959594727,64.3885726928711,56.938175201416016
2013-05-31,96075700,64.64286041259766,65.30000305175781,64.21428680419922,64.24714660644531,56.813087463378906
2013-05-30,88379900,63.66428756713867,64.92857360839844,63.501426696777344,64.51142883300781,57.04680252075195
2013-05-29,82644100,62.85714340209961,63.92856979370117,62.771427154541016,63.56428527832031,56.20925521850586
2013-05-28,96536300,64.27143096923828,64.44428253173828,62.97857284545898,63.06285858154297,55.76585006713867
2013-05-24,69041700,62.97857284545898,63.665714263916016,62.908573150634766,63.59285736083984,56.234519958496094
2013-05-23,88255300,62.27857208251953,63.73714447021485,62.25571441650391,63.16285705566406,55.85427474975586
2013-05-22,110759600,63.43571472167969,64.05000305175781,62.60285568237305,63.04999923706055,55.75447463989258
2013-05-21,114005500,62.59285736083984,63.63999938964844,62.02857208251953,62.808570861816406,55.54098510742188
2013-05-20,112894600,61.7014274597168,63.68571472167969,61.44285583496094,63.27571487426758,55.95407104492188
2013-05-17,106976100,62.72142791748047,62.869998931884766,61.57285690307617,61.894287109375,54.73249053955078
2013-05-16,150801000,60.46285629272461,62.54999923706055,59.84285736083984,62.08285903930664,54.89925003051758
2013-05-15,185403400,62.73714447021485,63.0,60.33714294433594,61.264286041259766,54.175392150878906
2013-05-14,111779500,64.8357162475586,65.02857208251953,63.16428756713867,63.408573150634766,56.07155990600586
2013-05-13,79237200,64.50142669677734,65.4142837524414,64.5,64.96286010742188,57.44599914550781
2013-05-10,83713000,65.42428588867188,65.67285919189453,64.35428619384766,64.70999908447266,57.222412109375
2013-05-09,99621900,65.68714141845703,66.14286041259766,65.08285522460938,65.25285339355469,57.70243835449219
2013-05-08,118149500,65.57714080810547,66.48143005371094,65.11571502685547,66.26285552978516,58.21028518676758
2013-05-07,120938300,66.42428588867188,66.53571319580078,64.81428527832031,65.52285766601562,57.56021881103516
2013-05-06,124160400,65.10142517089844,66.02857208251953,64.90142822265625,65.81571197509766,57.817474365234375
2013-05-03,90325200,64.47285461425781,64.74714660644531,64.1642837524414,64.2828598022461,56.470890045166016
2013-05-02,105457100,63.111427307128906,64.08428192138672,62.9471435546875,63.64571380615234,55.91118240356445
2013-05-01,126727300,63.494285583496094,63.56142807006836,62.05571365356445,62.75571441650391,55.129337310791016
2013-04-30,172884600,62.15714263916016,63.60714340209961,61.72428512573242,63.2542839050293,55.56731414794922
2013-04-29,160081600,60.06428527832031,61.94571304321289,60.0,61.44571304321289,53.97853088378906
2013-04-26,191024400,58.54428482055664,59.82428741455078,58.32143020629883,59.59999847412109,52.35713195800781
2013-04-25,96209400,58.74714279174805,59.13428497314453,58.14285659790039,58.34000015258789,51.250247955322266
2013-04-24,242412800,56.220001220703125,59.32143020629883,56.07143020629883,57.92285537719727,50.88379287719727
2013-04-23,166059600,57.71285629272461,58.34000015258789,56.97285842895508,58.01856994628906,50.96787643432617
2013-04-22,107480100,56.091426849365234,57.4571418762207,55.89571380615234,56.952857971191406,50.03167724609375
2013-04-19,152318600,55.42428588867188,57.08571243286133,55.014286041259766,55.790000915527344,49.010135650634766
2013-04-18,166574800,57.855712890625,57.970001220703125,55.67714309692383,56.00714111328125,49.20088195800781
2013-04-17,236264000,60.038570404052734,60.08571243286133,56.87285614013672,57.5428581237793,50.54998016357422
2013-04-16,76442800,60.22428512573242,60.94428634643555,60.08142852783203,60.89142990112305,53.49162292480469
2013-04-15,79380000,61.0,61.12714385986328,59.93571472167969,59.97857284545898,52.689701080322266
2013-04-12,59653300,62.021427154541016,62.021427154541016,61.2985725402832,61.400001525878906,53.938385009765625
2013-04-11,82091100,61.959999084472656,62.56999969482422,61.59999847412109,62.047142028808594,54.50687789916992
2013-04-10,93982000,61.15714263916016,62.43714141845703,60.85857009887695,62.24142837524414,54.67756652832031
2013-04-09,76653500,60.908573150634766,61.21428680419922,60.39285659790039,60.99714279174805,53.58447647094727
2013-04-08,75207300,60.69285583496094,61.07143020629883,60.355712890625,60.88714218139648,53.48785400390625
2013-04-05,95923800,60.64285659790039,60.7071418762207,59.95428466796875,60.4571418762207,53.110111236572266
2013-04-04,89611900,61.96571350097656,62.14285659790039,60.75,61.10285568237305,53.677345275878906
2013-04-03,90804000,61.62428665161133,62.46857070922852,61.47285842895508,61.71285629272461,54.21322250366211
2013-04-02,132379800,61.08571243286133,62.591426849365234,60.91428756713867,61.3985710144043,53.9371223449707
2013-04-01,97433000,63.12857055664063,63.38571548461914,61.105712890625,61.272857666015625,53.8266830444336
2013-03-28,110709900,64.26000213623047,64.54571533203125,63.08856964111328,63.23714447021485,55.55226135253906
2013-03-27,82809300,65.20857238769531,65.25714111328125,64.38999938964844,64.58285522460938,56.73443222045898
2013-03-26,73573500,66.4914321899414,66.54856872558594,65.79000091552734,65.87714385986328,57.87143325805664
2013-03-25,125283900,66.38428497314453,67.13571166992188,65.96857452392578,66.22571563720703,58.177642822265625
2013-03-22,98776300,64.94000244140625,66.0142822265625,64.7300033569336,65.98714447021484,57.96807861328125
2013-03-21,95813900,64.31714630126953,65.42571258544922,64.30000305175781,64.67571258544922,56.816009521484375
2013-03-20,77165200,65.34571075439453,65.37571716308594,64.22714233398438,64.58285522460938,56.73443222045898
2013-03-19,131693800,65.64286041259766,65.85285949707031,64.07142639160156,64.92713928222656,57.036888122558594
2013-03-18,151549300,63.06428527832031,65.35142517089844,63.02857208251953,65.10285949707031,57.19125747680664
2013-03-15,160990200,62.56142807006836,63.46142959594727,62.46428680419922,63.380001068115234,55.677764892578125
2013-03-14,75968900,61.83285903930664,62.091426849365234,61.49285888671875,61.78571319580078,54.277225494384766
2013-03-13,101387300,61.2071418762207,62.07143020629883,60.76571273803711,61.19285583496094,53.75641250610352
2013-03-12,116477900,62.22857284545898,62.6971435546875,61.08142852783203,61.20428466796875,53.766448974609375
2013-03-11,118559000,61.39285659790039,62.71571350097656,60.73428726196289,62.5528564453125,54.95114517211914
2013-03-08,97870500,61.400001525878906,62.20428466796875,61.22999954223633,61.67428588867188,54.179344177246094
2013-03-07,117118400,60.64285659790039,61.71571350097656,60.15142822265625,61.51142883300781,54.03626251220703
2013-03-06,115062500,62.07285690307617,62.17856979370117,60.63285827636719,60.808570861816406,53.418827056884766
2013-03-05,159608400,60.21142959594727,62.16999816894531,60.10714340209961,61.591426849365234,54.106544494628906
2013-03-04,145688900,61.11428451538086,61.17142868041992,59.85714340209961,60.00714111328125,52.71477890014648
2013-03-01,138112100,62.57143020629883,62.59714126586914,61.42571258544922,61.4957160949707,54.02247619628906
2013-02-28,80628800,63.43571472167969,63.98143005371094,63.05714416503906,63.05714416503906,55.39413833618164
2013-02-27,146837600,64.06143188476562,64.63428497314453,62.95000076293945,63.5099983215332,55.79196548461914
2013-02-26,125374900,63.40285873413086,64.5057144165039,62.522857666015625,64.1385726928711,56.34415054321289
2013-02-25,93144800,64.8357162475586,65.01714324951172,63.22428512573242,63.25714111328125,55.56982803344727
2013-02-22,82663700,64.17857360839844,64.5142822265625,63.79999923706055,64.40142822265625,56.57505416870117
2013-02-21,111795600,63.71428680419922,64.16714477539062,63.2599983215332,63.72285842895508,55.97895431518555
2013-02-20,119075600,65.38428497314453,65.38428497314453,64.11428833007812,64.12142944335938,56.32909393310547
2013-02-19,108945900,65.87142944335938,66.10428619384766,64.8357162475586,65.71286010742188,57.72711944580078
2013-02-15,97936300,66.97856903076172,67.16571807861328,65.7028579711914,65.73714447021484,57.74844741821289
2013-02-14,88818800,66.36000061035156,67.37714385986328,66.28857421875,66.65571594238281,58.55538558959961
2013-02-13,118801900,66.7442855834961,67.66285705566406,66.17428588867188,66.71571350097656,58.60810852050781
2013-02-12,152263300,68.50142669677734,68.91143035888672,66.81999969482422,66.84285736083984,58.71979141235352
2013-02-11,129372600,68.07142639160156,69.27714538574219,67.60713958740234,68.56143188476562,60.22951126098633
2013-02-08,158289600,67.71428680419922,68.40142822265625,66.89286041259766,67.85428619384766,59.60829925537109
2013-02-07,176145200,66.17857360839844,67.14286041259766,64.87428283691406,66.8885726928711,58.75997161865234
2013-02-06,148426600,65.20999908447266,66.64286041259766,64.65428924560547,65.3357162475586,57.063232421875
2013-02-05,143336900,63.43571472167969,65.67713928222656,63.17428588867188,65.40571594238281,57.12438583374024
2013-02-04,119279300,64.84428405761719,65.13428497314453,63.14285659790039,63.18857192993164,55.18795394897461
2013-02-01,134871100,65.58714294433594,65.63999938964844,64.05000305175781,64.8028564453125,56.59786605834961
2013-01-31,79833600,65.2828598022461,65.6114273071289,64.99714660644531,65.06999969482422,56.83116912841797
2013-01-30,104288800,65.28571319580078,66.0857162475586,64.92857360839844,65.26142883300781,56.99837112426758
2013-01-29,142789500,65.5,65.74285888671875,64.58856964111328,65.4671401977539,57.17803955078125
2013-01-28,196379400,62.547142028808594,64.7442855834961,62.26571273803711,64.26142883300781,56.12497329711914
2013-01-25,302006600,64.52714538574219,65.17571258544922,62.14285659790039,62.84000015258789,54.883522033691406
2013-01-24,365213100,65.71428680419922,66.5328598022461,64.32142639160156,64.35713958740234,56.20857620239258
2013-01-23,215377400,72.68714141845703,73.56999969482422,72.11000061035156,73.43000030517578,64.13265991210938
2013-01-22,115386600,72.08000183105469,72.55428314208984,70.9471435546875,72.11000061035156,62.97981262207031
2013-01-18,118230700,71.2171401977539,71.74571228027344,70.9142837524414,71.42857360839844,62.38465881347656
2013-01-17,113419600,72.90142822265625,72.96428680419922,71.71857452392578,71.81143188476562,62.71903610229492
2013-01-16,172701200,70.66285705566406,72.77714538574219,70.35713958740234,72.29856872558594,63.14450454711914
2013-01-15,219193100,71.18571472167969,71.28428649902344,69.05428314208984,69.41714477539062,60.62790298461914
2013-01-14,183551900,71.81143188476562,72.5,71.21571350097656,71.67857360839844,62.60299682617188
2013-01-11,87626700,74.42857360839844,75.04571533203125,74.14571380615234,74.32857513427734,64.91746520996094
2013-01-10,150286500,75.50714111328125,75.53142547607422,73.64571380615234,74.78713989257812,65.31797790527344
2013-01-09,101901100,74.64286041259766,75.00142669677734,73.71286010742188,73.87142944335938,64.5182113647461
2013-01-08,114676800,75.60142517089844,75.98428344726562,74.46428680419922,75.0442886352539,65.54258728027344
2013-01-07,121039100,74.57142639160156,75.61428833007812,73.5999984741211,74.84285736083984,65.36664581298828
2013-01-04,148583400,76.70999908447266,76.9471435546875,75.11856842041016,75.28571319580078,65.75341796875
2013-01-03,88241300,78.26856994628906,78.52428436279297,77.28571319580078,77.44285583496094,67.63743591308594
2013-01-02,140129500,79.11714172363281,79.28571319580078,77.37571716308594,78.43285369873047,68.50210571289062
2012-12-31,164873100,72.93285369873047,76.4857177734375,72.71428680419922,76.02428436279297,66.39847564697266
2012-12-28,88569600,72.89857482910156,73.49714660644531,72.58856964111328,72.79856872558594,63.58119201660156
2012-12-27,113780100,73.36285400390625,73.75,72.09428405761719,73.58000183105469,64.26368713378906
2012-12-26,75609100,74.14286041259766,74.20857238769531,73.01714324951172,73.28571319580078,64.00666809082031
2012-12-24,43938300,74.3357162475586,74.89286041259766,74.10142517089844,74.30999755859375,64.90125274658203
2012-12-21,149067100,73.20999908447266,74.23857116699219,72.89142608642578,74.19000244140625,64.79645538330078
2012-12-20,120422400,75.71428680419922,75.74285888671875,74.12571716308594,74.5328598022461,65.09589385986328
2012-12-19,112342300,75.92428588867188,76.24285888671875,75.07142639160156,75.18714141845703,65.66734313964844
2012-12-18,156421300,75.0,76.4142837524414,74.32142639160156,76.27143096923828,66.61432647705078
2012-12-17,189401800,72.70428466796875,74.28571319580078,71.60428619384766,74.11856842041016,64.73406219482422
2012-12-14,252394800,73.53571319580078,74.01856994628906,72.22571563720703,72.82714080810547,63.60612869262695
2012-12-13,156314900,75.87857055664062,76.80571746826172,75.11428833007812,75.66999816894531,66.08903503417969
2012-12-12,121786000,78.25285339355469,78.28571319580078,76.61000061035156,77.0,67.25064849853516
2012-12-11,148086400,77.11000061035156,78.5085678100586,76.76714324951172,77.3414306640625,67.54885864257812
2012-12-10,157621100,75.0,76.93000030517578,74.51142883300781,75.68856811523438,66.10528564453125
2012-12-07,196760200,79.05714416503906,79.31428527832031,75.71428680419922,76.17857360839844,66.53324890136719
2012-12-06,294303100,75.56285858154297,79.0442886352539,74.08999633789062,78.17713928222656,68.27875518798828
2012-12-05,261159500,81.27285766601562,81.32142639160156,76.9671401977539,76.97000122070312,67.22445678710938
2012-12-04,139267100,83.11428833007812,83.11428833007812,81.73285675048828,82.2642822265625,71.84839630126953
2012-12-03,91070000,84.80714416503906,84.9414291381836,83.64286041259766,83.7414321899414,73.13851928710938
2012-11-30,97829900,83.82714080810547,84.05714416503906,83.23999786376953,83.6114273071289,73.02499389648438
2012-11-29,128674700,84.31714630126953,84.89286041259766,83.60713958740234,84.19428253173828,73.53404235839844
2012-11-28,130216100,82.4671401977539,83.68571472167969,81.75142669677734,83.27714538574219,72.7330093383789
2012-11-27,133332500,84.22142791748047,84.34571075439453,82.87142944335938,83.54000091552734,72.96260070800781
2012-11-26,157644900,82.27143096923828,84.28571319580078,81.95857238769531,84.21857452392578,73.55525970458984
2012-11-23,68206600,81.02428436279297,81.71428680419922,80.37142944335938,81.64286041259766,71.30567932128906
2012-11-21,93250500,80.60713958740234,81.0528564453125,79.5142822265625,80.24285888671875,70.08291625976562
2012-11-20,160688500,81.70143127441406,81.70714569091797,79.22571563720703,80.12999725341797,69.98436737060547
2012-11-19,205829400,77.2442855834961,81.07142639160156,77.12571716308594,80.81857299804688,70.58573913574219
2012-11-16,316723400,75.02857208251953,75.71428680419922,72.25,75.38285827636719,65.8382568359375
2012-11-15,197477700,76.79000091552734,77.07142639160156,74.66000366210938,75.08856964111328,65.58126068115234
2012-11-14,119292600,77.92857360839844,78.20714569091797,76.5971450805664,76.6971435546875,66.98614501953125
2012-11-13,133237300,76.98714447021484,78.63999938964844,76.62285614013672,77.55714416503906,67.73725128173828
2012-11-12,128950500,79.1642837524414,79.21428680419922,76.94999694824219,77.5471420288086,67.72853088378906
2012-11-09,232478400,77.2028579711914,79.26856994628906,76.24571228027344,78.15142822265625,68.25630187988281
2012-11-08,264036500,80.08999633789062,80.31857299804688,76.47000122070312,76.82142639160156,67.09468078613281
2012-11-07,198412200,81.97714233398438,82.07714080810547,79.39286041259766,79.71428680419922,69.62129211425781
2012-11-06,93729300,84.31857299804688,84.39142608642578,82.87000274658203,83.2642822265625,72.39115142822266
2012-11-05,132283900,83.36000061035156,83.9671401977539,82.5142822265625,83.51714324951172,72.61100769042969
2012-11-02,149843400,85.12714385986328,85.27857208251953,82.10713958740234,82.4000015258789,71.63973999023438
2012-11-01,90324500,85.45999908447266,86.14286041259766,84.88143157958984,85.22000122070312,74.09149169921875
2012-10-31,127500800,84.98285675048828,85.9942855834961,83.95714569091797,85.04571533203125,73.9399642944336
2012-10-26,254608200,87.06143188476562,87.71428680419922,84.42857360839844,86.28571319580078,75.0180435180664
2012-10-25,164081400,88.57142639160156,88.85713958740234,86.50714111328125,87.07714080810547,75.70611572265625
2012-10-24,139631800,88.77714538574219,89.50714111328125,87.23428344726562,88.11856842041016,76.61155700683594
2012-10-23,176786400,90.14286041259766,90.55714416503906,87.38571166992188,87.62285614013672,76.18055725097656
2012-10-22,136682700,87.48857116699219,90.76856994628906,87.25142669677734,90.57571411132812,78.74781036376953
2012-10-19,186021500,90.1500015258789,90.25285339355467,87.08856964111328,87.12000274658203,75.74337768554688
2012-10-18,119156100,91.37000274658205,91.7228546142578,90.0,90.37714385986328,78.5751724243164
2012-10-17,97259400,92.69571685791016,93.2557144165039,92.0,92.08714294433594,80.06185913085938
2012-10-16,137442900,90.76714324951172,92.9000015258789,90.14286041259766,92.82714080810548,80.70523834228516
2012-10-15,108125500,90.3357162475586,90.73285675048828,89.12142944335938,90.68000030517578,78.83849334716797
2012-10-12,115003700,89.93714141845703,90.76856994628906,89.32857513427734,89.95857238769531,78.21126556396484
2012-10-11,136520300,92.35713958740234,92.45714569091795,89.72856903076172,89.72856903076172,78.01129913330078
2012-10-10,127589000,91.39142608642578,92.13999938964844,91.0,91.5585708618164,79.60234832763672
2012-10-09,209649300,91.2357177734375,91.49857330322266,89.07857513427734,90.8357162475586,78.9738540649414
2012-10-08,159498500,92.41143035888672,92.5085678100586,90.87285614013672,91.16714477539062,79.26201629638672
2012-10-05,148501500,95.02857208251952,95.14286041259766,93.04000091552734,93.22714233398438,81.05301666259766
2012-10-04,92681400,95.89286041259766,96.32142639160156,95.07857513427734,95.25714111328124,82.81788635253906
2012-10-03,106070300,94.9800033569336,95.9800033569336,94.66143035888672,95.92142486572266,83.39547729492188
2012-10-02,156998100,94.5442886352539,95.19285583496094,92.9499969482422,94.4728546142578,82.13605499267578
2012-10-01,135898700,95.87999725341795,96.67857360839844,93.78571319580078,94.19857025146484,81.89756774902344
2012-09-28,133777700,96.96428680419922,97.30142974853516,95.25,95.3000030517578,82.85518646240234
2012-09-27,148522500,94.89857482910156,97.4528579711914,94.3357162475586,97.33142852783205,84.62133026123047
2012-09-26,144125800,95.53428649902344,96.09857177734376,94.45714569091795,95.02571105957033,82.61674499511719
2012-09-25,129697400,98.32286071777344,98.96857452392578,96.14286041259766,96.22000122070312,83.6550521850586
2012-09-24,159941600,98.12285614013672,99.3028564453125,97.57142639160156,98.68428802490234,85.79753875732422
2012-09-21,142897300,100.3442840576172,100.72428894042967,99.9085693359375,100.01285552978516,86.95263671875
2012-09-20,84142100,99.87999725341795,100.0085678100586,99.08856964111328,99.81428527832033,86.77995300292969
2012-09-19,81718700,100.03713989257812,100.56999969482422,99.93856811523438,100.3000030517578,87.20227813720703
2012-09-18,93375800,99.98285675048828,100.33285522460938,99.4885711669922,100.27285766601562,87.17864990234375
2012-09-17,99507800,99.90714263916016,99.97142791748048,99.2300033569336,99.96857452392578,86.9140853881836
2012-09-14,150118500,98.56571197509766,99.56857299804688,98.2699966430664,98.75428771972656,85.8583984375
2012-09-13,149590000,96.76714324951172,97.92857360839844,96.39571380615234,97.56857299804688,84.82750701904297
2012-09-12,178058300,95.2642822265625,95.6999969482422,93.71428680419922,95.68428802490234,83.18929290771484
2012-09-11,125995800,95.01571655273438,95.72856903076172,93.78571319580078,94.37000274658205,82.04663848876953
2012-09-10,121999500,97.20714569091795,97.61285400390624,94.5857162475586,94.67713928222656,82.31365966796875
2012-09-07,82416600,96.86428833007812,97.49714660644533,96.53857421875,97.2057113647461,84.5120620727539
2012-09-06,97799100,96.16714477539062,96.89857482910156,95.82857513427734,96.61000061035156,83.99413299560547
2012-09-05,84093800,96.51000213623048,96.62142944335938,95.65714263916016,95.74714660644533,83.24393463134766
2012-09-04,91973000,95.10857391357422,96.44857025146484,94.92857360839844,96.42428588867188,83.83265686035156
2012-08-31,84580300,95.32142639160156,95.5142822265625,93.89286041259766,95.03428649902344,82.6241683959961
2012-08-30,75674900,95.80571746826172,95.93571472167967,94.69285583496094,94.83856964111328,82.4540023803711
2012-08-29,50701700,96.46428680419922,96.80999755859376,96.0857162475586,96.20999908447266,83.64634704589844
2012-08-28,66854200,96.42571258544922,96.5857162475586,95.80999755859376,96.4000015258789,83.81151580810547
2012-08-27,106752100,97.14142608642578,97.26714324951172,96.22000122070312,96.52571105957033,83.92082214355469
2012-08-24,109335100,94.21571350097656,95.63999938964844,93.6500015258789,94.74571228027344,82.37327575683594
2012-08-23,105032200,95.1585693359375,95.6999969482422,94.4499969482422,94.66143035888672,82.29999542236328
2012-08-22,141330700,93.4885711669922,95.57142639160156,92.58714294433594,95.5528564453125,83.07501983642578
2012-08-21,203179900,95.83142852783205,96.41143035888672,92.90428924560548,93.7228546142578,81.48397827148438
2012-08-20,153346200,92.85857391357422,95.02143096923828,92.84285736083984,95.02143096923828,82.61299133300781
2012-08-17,110690300,91.42857360839844,92.59857177734376,91.2585678100586,92.58714294433594,80.49658966064453
2012-08-16,63633500,90.17285919189452,90.96571350097656,90.07142639160156,90.9057159423828,79.03473663330078
2012-08-15,64335600,90.18571472167967,90.57142639160156,89.67857360839844,90.11856842041016,78.35034942626953
2012-08-14,85042300,90.26714324951172,91.2300033569336,90.02999877929688,90.2414321899414,78.4571762084961
2012-08-13,69708100,89.05571746826172,90.0,89.03571319580078,90.0,78.2472915649414
2012-08-10,48734700,88.38714599609375,88.82286071777344,88.38571166992188,88.81428527832031,77.2164077758789
2012-08-09,55410600,88.2642822265625,88.81857299804688,88.25714111328125,88.67571258544922,77.0959243774414
2012-08-08,61176500,88.48428344726562,89.12571716308594,88.15714263916016,88.55142974853516,76.65875244140625
2012-08-07,72611700,88.9671401977539,89.28571319580078,88.29142761230469,88.70143127441406,76.78858947753906
2012-08-06,75525800,88.18428802490234,89.26714324951172,87.894287109375,88.93571472167969,76.99140930175781
2012-08-03,86230200,87.66143035888672,88.2828598022461,87.36571502685547,87.95714569091797,76.14427185058594
2012-08-02,83039600,86.12000274658203,87.2414321899414,85.75,86.82714080810547,75.16604614257812
2012-08-01,96125400,87.98714447021484,88.05714416503906,86.14286041259766,86.68714141845703,75.04483795166016
2012-07-31,115581900,86.17571258544922,87.38571166992188,86.10285949707031,87.25142669677734,75.5333251953125
2012-07-30,94785600,84.41714477539062,85.63428497314453,83.97428894042969,85.00428771972656,73.58800506591797
2012-07-27,100984100,82.144287109375,83.69000244140625,81.65571594238281,83.59428405761719,72.36734008789062
2012-07-26,101658200,82.82286071777344,82.9142837524414,81.4800033569336,82.12571716308594,71.09601593017578
2012-07-25,219328200,82.06571197509766,82.97142791748047,81.42857360839844,82.1385726928711,71.1071548461914
2012-07-24,141283100,86.76856994628906,87.0971450805664,85.50142669677734,85.84571075439453,74.31642150878906
2012-07-23,121993900,84.9142837524414,86.55714416503906,83.95857238769531,86.26142883300781,74.67628479003906
2012-07-20,99367800,87.57571411132812,87.77714538574219,86.24285888671875,86.32857513427734,74.73443603515625
2012-07-19,109215400,87.32571411132812,87.90714263916016,86.57142639160156,87.76000213623047,75.97361755371094
2012-07-18,63175000,86.65571594238281,86.90571594238281,86.22285461425781,86.60857391357422,74.9768295288086
2012-07-17,73406200,87.2557144165039,87.35713958740234,86.1642837524414,86.7057113647461,75.06090545654297
2012-07-16,75315100,86.44571685791016,87.37428283691406,86.43142700195312,86.70143127441406,75.05720520019531
2012-07-13,77856800,86.13571166992188,86.7414321899414,85.71428680419922,86.42428588867188,74.8172607421875
2012-07-12,107010400,85.74857330322266,86.20999908447266,84.66857147216797,85.55714416503906,74.06657409667969
2012-07-11,117330500,86.58856964111328,86.8085708618164,85.31714630126953,86.3471450805664,74.7505111694336
2012-07-10,127989400,88.28142547607422,88.5528564453125,86.47285461425781,86.88714599609375,75.21797943115234
2012-07-09,94851400,86.47142791748047,87.69999694824219,86.30142974853516,87.69857025146484,75.9204330444336
2012-07-06,104732600,86.72714233398438,86.91999816894531,85.94000244140625,86.55428314208984,74.92982482910156
2012-07-05,121095800,85.7942886352539,87.76285552978516,85.6642837524414,87.13428497314453,75.4319076538086
2012-07-03,60428200,84.98285675048828,85.71428680419922,84.85713958740234,85.62999725341797,74.1296615600586
2012-07-02,100023000,83.5328598022461,84.78142547607422,83.37142944335938,84.64571380615234,73.2775650024414
2012-06-29,105375200,82.57142639160156,83.42857360839844,82.03571319580078,83.42857360839844,72.2238998413086
2012-06-28,70709100,81.66714477539062,82.0,80.80142974853516,81.29285430908203,70.37500762939453
2012-06-27,50749300,82.14286041259766,82.39142608642578,81.7028579711914,82.07142639160156,71.04901885986328
2012-06-26,69134100,81.61856842041016,82.06999969482422,81.0471420288086,81.71857452392578,70.74354553222656
2012-06-25,76095600,82.47142791748047,82.82857513427734,81.48143005371094,81.53857421875,70.58773040771484
2012-06-22,71117900,82.72000122070312,83.16999816894531,82.2028579711914,83.15714263916016,71.98892974853516
2012-06-21,81587800,83.63428497314453,84.03142547607422,82.4914321899414,82.52428436279297,71.44105529785156
2012-06-20,89735800,84.02999877929688,84.17857360839844,82.97142791748047,83.67713928222656,72.43907928466797
2012-06-19,90351100,83.34285736083984,84.28571319580078,83.30000305175781,83.91571807861328,72.6456298828125
2012-06-18,110103000,81.56571197509766,83.98428344726562,81.48143005371094,83.68285369873047,72.44401550292969
2012-06-15,83813800,81.57142639160156,82.08856964111328,81.36428833007812,82.01856994628906,71.00325775146484
2012-06-14,86393300,81.605712890625,81.92857360839844,81.03713989257812,81.64714050292969,70.68170928955078
2012-06-13,73395000,82.07428741455078,82.63999938964844,81.48285675048828,81.73714447021484,70.75961303710938
2012-06-12,108845100,82.06571197509766,82.37428283691406,80.95714569091797,82.3085708618164,71.2542953491211
2012-06-11,147816200,83.95999908447266,84.07142639160156,81.51856994628906,81.59571075439453,70.63721466064453
2012-06-08,86879100,81.65714263916016,82.94000244140625,81.28571319580078,82.9028549194336,71.76878356933594
2012-06-07,94941700,82.47000122070312,82.47428894042969,81.5,81.67428588867188,70.7052001953125
2012-06-06,100363900,81.11000061035156,81.97856903076172,80.78571319580078,81.63714599609375,70.67308044433594
2012-06-05,97053600,80.18142700195312,80.92428588867188,79.76142883300781,80.40428924560547,69.60578918457031
2012-06-04,139248900,80.21428680419922,81.07142639160156,78.35713958740234,80.61285400390625,69.78633117675781
2012-06-01,130246900,81.3085708618164,81.80714416503906,80.07428741455078,80.14142608642578,69.37823486328125
2012-05-31,122918600,82.96286010742188,83.07142639160156,81.63714599609375,82.5328598022461,71.44845581054688
2012-05-30,132357400,81.31428527832031,82.855712890625,80.93714141845703,82.73857116699219,71.62657928466797
2012-05-29,95127200,81.55714416503906,82.0,80.7585678100586,81.75285339355469,70.77325439453125
2012-05-25,82126800,80.65571594238281,80.8357162475586,79.78142547607422,80.32714080810547,69.53899383544922
2012-05-24,124057500,82.26714324951172,82.35713958740234,80.17571258544922,80.76000213623047,69.91373443603516
2012-05-23,146224400,79.64286041259766,81.82857513427734,79.0328598022461,81.5085678100586,70.561767578125
2012-05-22,173717600,81.36428833007812,81.98285675048828,78.94000244140625,79.56714630126953,68.88106536865234
2012-05-21,157776500,76.35713958740234,80.22000122070312,76.29285430908203,80.18285369873047,69.41410064697266
2012-05-18,183073100,76.27999877929688,77.62999725341797,74.5971450805664,75.76856994628906,65.59265899658203
2012-05-17,179305000,77.90142822265625,78.21428680419922,75.73143005371094,75.73143005371094,65.56050872802734
2012-05-16,140224000,79.1500015258789,79.55571746826172,77.29142761230469,78.01142883300781,67.53428649902344
2012-05-15,119084000,80.20714569091797,80.45999908447266,78.82142639160156,79.02428436279297,68.4111099243164
2012-05-14,88156600,80.36714172363281,81.07286071777344,79.65714263916016,79.74571228027344,69.03565979003906
2012-05-11,99886500,80.71428680419922,82.06714630126953,80.62142944335938,80.95857238769531,70.08561706542969
2012-05-10,83300000,82.08285522460938,82.26856994628906,81.2057113647461,81.50285339355469,70.55681610107422
2012-05-09,120176000,80.52857208251953,81.99714660644531,80.12142944335938,81.31143188476562,70.3910903930664
2012-05-08,124313000,81.36856842041016,81.64286041259766,79.81857299804688,81.16857147216797,70.26741027832031
2012-05-07,115029600,80.21428680419922,81.82428741455078,80.17571258544922,81.35428619384766,70.42820739746094
2012-05-04,132498100,82.44000244140625,82.62285614013672,80.73857116699219,80.75,69.9050521850586
2012-05-03,97637400,84.35713958740234,84.4857177734375,82.9000015258789,83.11714172363281,71.95429229736328
2012-05-02,106847300,82.89142608642578,83.9142837524414,82.69428253173828,83.71142578125,72.46876525878906
2012-05-01,152749800,83.55714416503906,85.25142669677734,83.0328598022461,83.16143035888672,71.99263000488281
2012-04-30,126536200,85.4000015258789,85.4857177734375,83.28571319580078,83.42571258544922,72.22142791748047
2012-04-27,101680600,86.43856811523438,86.5971450805664,85.78571319580078,86.14286041259766,74.57363891601562
2012-04-26,134017100,87.75285339355469,87.81285858154297,86.01856994628906,86.81428527832031,75.15489959716797
2012-04-25,226444400,87.94857025146484,88.28571319580078,86.57142639160156,87.14286041259766,75.43934631347656
2012-04-24,269037300,80.37285614013672,81.09857177734375,79.28571319580078,80.04000091552734,69.29041290283203
2012-04-23,241632300,81.51571655273438,82.38143157958984,79.51714324951172,81.67142486572266,70.7027359008789
2012-04-20,257746300,84.48285675048828,84.94571685791016,81.48857116699219,81.85428619384766,70.86104583740234
2012-04-19,208679800,85.74571228027344,86.38999938964844,83.50285339355469,83.91999816894531,72.64933776855469
2012-04-18,238632800,87.67428588867188,88.60713958740234,86.10142517089844,86.90571594238281,75.2340316772461
2012-04-17,256382000,82.7057113647461,87.14286041259766,81.70143127441406,87.0999984741211,75.40222930908203
2012-04-16,262696700,87.15142822265625,87.18285369873047,82.60713958740234,82.87571716308594,71.74528503417969
2012-04-13,214911200,89.1585693359375,89.24285888671875,86.21571350097656,86.46142578125,74.84945678710938
2012-04-12,153584200,89.28571319580078,90.19000244140624,88.64286041259766,88.9671401977539,77.01863861083984
2012-04-11,174153700,90.88571166992188,90.98143005371094,89.04856872558594,89.45714569091797,77.44281768798828
2012-04-10,222431300,91.41857147216795,92.0,89.42857360839844,89.77714538574219,77.7198486328125
2012-04-09,149384200,89.4471435546875,91.4057159423828,89.32857513427734,90.88999938964844,78.68323516845703
2012-04-05,160324500,89.56857299804688,90.66571807861328,89.05714416503906,90.52571105957033,78.36786651611328
2012-04-04,143245200,89.19285583496094,89.4085693359375,88.14286041259766,89.18714141845703,77.20906829833984
2012-04-03,208639900,89.61428833007812,90.31571197509766,88.93000030517578,89.9028549194336,77.82866668701172
2012-04-02,149587900,85.97571563720703,88.39571380615234,85.76856994628906,88.37571716308594,76.50662994384766
2012-03-30,182759500,86.9671401977539,87.22285461425781,85.41999816894531,85.6500015258789,74.1469955444336
2012-03-29,152059600,87.54000091552734,88.08000183105469,86.74714660644531,87.12285614013672,75.42202758789062
2012-03-28,163865100,88.33999633789062,88.77857208251953,87.18714141845703,88.23143005371094,76.38172149658203
2012-03-27,151782400,86.5971450805664,88.04000091552734,86.58000183105469,87.7828598022461,75.9933853149414
2012-03-26,148935500,85.68428802490234,86.7357177734375,85.03713989257812,86.71142578125,75.06587219238281
2012-03-23,107622200,85.78428649902344,85.97142791748047,84.9142837524414,85.1500015258789,73.714111328125
2012-03-22,155967700,85.39714050292969,86.35713958740234,85.07571411132812,85.62000274658203,74.12101745605469
2012-03-21,161010500,86.105712890625,87.09285736083984,85.91571807861328,86.07142639160156,74.51181030273438
2012-03-20,204165500,85.644287109375,86.69999694824219,84.49714660644531,86.56571197509766,74.93970489501953
2012-03-19,225309000,85.48143005371094,85.9671401977539,84.1500015258789,85.87142944335938,74.33866882324219
2012-03-16,206371900,83.53142547607422,84.17142486572266,82.57142639160156,83.6528549194336,72.41805267333984
2012-03-15,289929500,85.6585693359375,85.71571350097656,82.6500015258789,83.65142822265625,72.41681671142578
2012-03-14,354711000,82.57857513427734,84.95999908447266,82.19999694824219,84.22571563720703,72.91398620605469
2012-03-13,172713800,79.64857482910156,81.16857147216797,79.39286041259766,81.15714263916016,70.25750732421875
2012-03-12,101820600,78.42571258544922,78.85713958740234,78.14286041259766,78.85713958740234,68.26641082763672
2012-03-09,104729800,77.7442855834961,78.24857330322266,77.58714294433594,77.88143157958984,67.4217758178711
2012-03-08,129114300,76.38428497314453,77.56999969482422,76.01714324951172,77.42713928222656,67.0284652709961
2012-03-07,199630200,76.68571472167969,76.82571411132812,74.75714111328125,75.81285858154297,65.63098907470703
2012-03-06,202559700,74.8085708618164,76.2414321899414,73.74571228027344,75.75142669677734,65.57781219482422
2012-03-05,202281100,77.91714477539062,78.21142578125,75.14286041259766,76.16571807861328,65.93647003173828
2012-03-02,107928100,77.74857330322266,78.11428833007812,77.50285339355469,77.88285827636719,67.42298126220703
2012-03-01,170817500,78.30999755859375,78.31571197509766,76.9671401977539,77.78142547607422,67.33517456054688
2012-02-29,238002800,77.36571502685547,78.2300033569336,76.52857208251953,77.4914321899414,67.08411407470703
2012-02-28,150096800,75.42285919189453,76.48714447021484,75.12142944335938,76.48714447021484,66.2147216796875
2012-02-27,136895500,74.47285461425781,75.5,73.75428771972656,75.10857391357422,65.02130889892578
2012-02-24,103768000,74.23857116699219,74.69999694824219,74.0914306640625,74.62999725341797,64.60700988769531
2012-02-23,142006900,73.58285522460938,73.97571563720703,72.78571319580078,73.7699966430664,63.86249542236328
2012-02-22,120825600,73.2971420288086,73.64142608642578,72.72428894042969,73.29142761230469,63.44820022583008
2012-02-21,151398800,72.41143035888672,73.55000305175781,72.01714324951172,73.55000305175781,63.67204666137695
2012-02-17,133951300,71.87285614013672,72.53857421875,71.47142791748047,71.73143005371094,62.09770965576172
2012-02-16,236138000,70.21428680419922,72.12714385986328,69.51856994628906,71.7442855834961,62.10881423950195
2012-02-15,376530000,73.46571350097656,75.18428802490234,70.98428344726562,71.09571075439453,61.5473747253418
2012-02-14,115099600,72.09428405761719,72.7942886352539,71.71428680419922,72.77999877929688,63.00544738769531
2012-02-13,129304000,71.3614273071289,71.97571563720703,71.01285552978516,71.80000305175781,62.15706634521485
2012-02-10,157825500,70.13714599609375,71.08856964111328,69.79285430908203,70.48857116699219,61.02176284790039
2012-02-09,221053700,68.68000030517578,70.96428680419922,68.65142822265625,70.4528579711914,60.99088287353516
2012-02-08,101972500,67.21428680419922,68.11285400390625,67.0999984741211,68.0971450805664,58.95149993896485
2012-02-07,79055900,66.46428680419922,67.10713958740234,66.36856842041016,66.97571563720703,57.98069381713867
2012-02-06,62353200,65.48285675048828,66.42571258544922,65.45714569091797,66.28142547607422,57.379661560058594
2012-02-03,71649900,65.32857513427734,65.71428680419922,65.08000183105469,65.66857147216797,56.84911346435547
2012-02-02,46699100,65.12857055664062,65.30999755859375,64.85428619384766,65.01714324951172,56.2851676940918
2012-02-01,67511500,65.48714447021484,65.56999969482422,65.07857513427734,65.16999816894531,56.4175033569336
2012-01-31,97920900,65.08428192138672,65.46286010742188,64.72428894042969,65.21142578125,56.4533576965332
2012-01-30,94835300,63.67285537719727,64.84285736083984,63.62714385986328,64.71571350097656,56.02422332763672
2012-01-27,74927300,63.477142333984375,64.06857299804688,63.39571380615234,63.89714431762695,55.31558227539063
2012-01-26,80996300,64.05142974853516,64.11285400390625,63.30571365356445,63.51856994628906,54.98785781860352
2012-01-25,239578500,64.91999816894531,64.92142486572266,63.38999938964844,63.808570861816406,55.238914489746094
2012-01-24,136909500,60.72857284545898,60.72857284545898,59.93571472167969,60.058570861816406,51.99254989624024
2012-01-23,76515600,60.38142776489258,61.2071418762207,60.32857131958008,61.058570861816406,52.858245849609375
2012-01-20,103493600,61.06999969482422,61.07143020629883,59.96428680419922,60.0428581237793,51.97893524169922
2012-01-19,65434600,61.45000076293945,61.62428665161133,60.93000030517578,61.10714340209961,52.90030288696289
2012-01-18,69197800,60.994285583496094,61.35285568237305,60.900001525878906,61.30142974853516,53.06848907470703
2012-01-17,60724300,60.59999847412109,60.855712890625,60.42285537719727,60.67142868041992,52.52309799194336
2012-01-13,56505400,59.9571418762207,60.06428527832031,59.808570861816406,59.97285842895508,51.91834259033203
2012-01-12,53146800,60.325714111328125,60.41428756713867,59.82143020629883,60.19857025146485,52.113746643066406
2012-01-11,53771200,60.38285827636719,60.40714263916016,59.90142822265625,60.36428451538086,52.25719451904297
2012-01-10,64549100,60.84428405761719,60.85714340209961,60.21428680419922,60.46285629272461,52.34253692626953
2012-01-09,98506100,60.78571319580078,61.10714340209961,60.19285583496094,60.24714279174805,52.155792236328125
2012-01-06,79573200,59.96714401245117,60.39285659790039,59.88857269287109,60.34285736083984,52.238651275634766
2012-01-05,67817400,59.27857208251953,59.7928581237793,58.952857971191406,59.71857070922852,51.69821548461914
2012-01-04,65005500,58.57143020629883,59.2400016784668,58.46857070922852,59.06285858154297,51.130558013916016
2012-01-03,75555200,58.48571395874024,58.92856979370117,58.42856979370117,58.74714279174805,50.857234954833984
2011-12-30,44915500,57.644287109375,58.040000915527344,57.64142990112305,57.85714340209961,50.08678436279297
2011-12-29,53994500,57.62857055664063,57.95000076293945,57.21571350097656,57.87428665161133,50.10162734985352
2011-12-28,57165500,58.12714385986328,58.32143020629883,57.334285736083984,57.52000045776367,49.79491424560547
2011-12-27,66269000,57.58571243286133,58.4414291381836,57.57428741455078,58.075714111328125,50.27599334716797
2011-12-23,67349800,57.09857177734375,57.65571594238281,57.06999969482422,57.61857223510742,49.88024139404297
2011-12-22,50589700,56.71428680419922,57.01856994628906,56.58571243286133,56.93571472167969,49.28909683227539
2011-12-21,65737000,56.66999816894531,56.75714111328125,56.001426696777344,56.63571548461914,49.02939987182617
2011-12-20,84303800,55.394287109375,56.58571243286133,55.32285690307617,56.56428527832031,48.967567443847656
2011-12-19,58882600,54.63857269287109,54.97857284545898,54.354286193847656,54.6014289855957,47.2683219909668
2011-12-16,105369600,54.33714294433594,54.87857055664063,54.22428512573242,54.431427001953125,47.12114334106445
2011-12-15,64050000,54.76142883300781,54.81999969482422,54.04428482055664,54.13428497314453,46.86392211914063
2011-12-14,101721900,55.24285888671875,55.34000015258789,53.95428466796875,54.31285858154297,47.01850509643555
2011-12-13,84732200,56.14285659790039,56.48571395874024,55.29999923706055,55.54428482055664,48.08454895019531
2011-12-12,75266800,55.95428466796875,56.271427154541016,55.63571548461914,55.977142333984375,48.45926284790039
2011-12-09,74248300,56.121429443359375,56.29142761230469,55.861427307128906,56.23143005371094,48.67940521240234
2011-12-08,94089100,55.92142868041992,56.5,55.74714279174805,55.808570861816406,48.31333541870117
2011-12-07,76186600,55.70428466796875,55.84857177734375,55.251426696777344,55.584285736083984,48.119171142578125
2011-12-06,70899500,56.07285690307617,56.37571334838867,55.62571334838867,55.84999847412109,48.34920501708984
2011-12-05,89302500,56.21285629272461,56.630001068115234,55.77000045776367,56.144287109375,48.60395812988281
2011-12-02,94763900,55.68999862670898,56.23285675048828,55.51142883300781,55.67142868041992,48.194618225097656
2011-12-01,96795300,54.6485710144043,55.57143020629883,54.39285659790039,55.41857147216797,47.9757080078125
2011-11-30,101484600,54.470001220703125,54.611427307128906,54.0428581237793,54.59999847412109,47.267066955566406
2011-11-29,93963800,53.6914291381836,54.11857223510742,52.88571548461914,53.31428527832031,46.1540412902832
2011-11-28,86603300,53.19285583496094,53.817142486572266,52.9042854309082,53.73143005371094,46.51515579223633
2011-11-25,63690200,52.63142776489258,53.021427154541016,51.90285873413086,51.93857192993164,44.96308135986328
2011-11-23,107067800,53.501426696777344,53.6914291381836,52.41143035888672,52.42714309692383,45.38603591918945
2011-11-22,102255300,53.00285720825195,53.9900016784668,52.99142837524414,53.78714370727539,46.56339263916016
2011-11-21,111995100,52.91428756713867,53.09714126586914,52.272857666015625,52.71571350097656,45.6358642578125
2011-11-18,92984500,54.13142776489258,54.28428649902344,53.55428695678711,53.56285858154297,46.36922454833984
2011-11-17,119975100,54.854286193847656,54.93999862670898,53.64285659790039,53.915714263916016,46.67469787597656
2011-11-16,87302600,55.60714340209961,55.87714385986328,54.90285873413086,54.96714401245117,47.584903717041016
2011-11-15,107702700,54.400001525878906,55.64285659790039,54.2071418762207,55.547142028808594,48.0870246887207
2011-11-14,108226300,54.788570404052734,55.03571319580078,54.02857208251953,54.18000030517578,46.90349197387695
2011-11-11,163446500,55.22999954223633,55.52857208251953,54.32285690307617,54.94571304321289,47.56636428833008
2011-11-10,186188100,56.71857070922852,56.744285583496094,54.59285736083984,55.03142929077149,47.64056015014648
2011-11-09,139671000,56.709999084472656,57.27000045776367,56.31857299804688,56.46857070922852,48.88468551635742
2011-11-08,100110500,57.45857238769531,58.28571319580078,57.36571502685547,58.03285598754883,50.238895416259766
2011-11-07,67568900,57.130001068115234,57.14285659790039,56.59000015258789,57.104286193847656,49.435020446777344
2011-11-04,75557300,57.43285751342773,57.63428497314453,57.022857666015625,57.17714309692383,49.49810791015625
2011-11-03,110346600,57.0099983215332,57.62857055664063,56.47999954223633,57.58142852783203,49.84809875488281
2011-11-02,81837700,57.15571594238281,57.20571517944336,56.44428634643555,56.772857666015625,49.14811325073242
2011-11-01,132947500,56.772857666015625,57.07143020629883,56.17428588867188,56.644287109375,49.036808013916016
2011-10-31,96375300,57.48857116699219,58.47571563720703,57.2928581237793,57.825714111328125,50.05957412719727
2011-10-28,80710700,57.57143020629883,58.04999923706055,57.501426696777344,57.84999847412109,50.08060073852539
2011-10-27,123666200,58.22285842895508,58.42856979370117,57.41285705566406,57.81285858154297,50.04844665527344
2011-10-26,114076200,57.394287109375,57.50714111328125,56.16428756713867,57.22857284545898,49.54262924194336
2011-10-25,107606800,57.861427307128906,58.07857131958008,56.76856994628906,56.82428741455078,49.19264221191406
2011-10-24,125534500,56.59714126586914,58.07143020629883,56.48571395874024,57.96714401245117,50.1820068359375
2011-10-21,155311100,56.871429443359375,57.02000045776367,55.82143020629883,56.12428665161133,48.5866584777832
2011-10-20,137317600,57.14285659790039,57.19285583496094,56.31571578979492,56.47285842895508,48.88838958740234
2011-10-19,276014900,57.33571243286133,58.3457145690918,56.82857131958008,56.94571304321289,49.29775238037109
2011-10-18,220400600,60.251426696777344,60.68714141845703,59.42714309692383,60.31999969482422,52.2188720703125
2011-10-17,171511200,60.248573303222656,60.9571418762207,59.41999816894531,59.998573303222656,51.940616607666016
2011-10-14,143341800,59.547142028808594,60.28571319580078,59.32428741455078,60.28571319580078,52.18918228149414
2011-10-13,106546300,57.854286193847656,58.34714126586914,57.54999923706055,58.34714126586914,50.510963439941406
2011-10-12,155571500,58.1914291381836,58.46428680419922,57.16285705566406,57.45571517944336,49.7392578125
2011-10-11,151421900,56.08142852783203,57.59714126586914,55.92856979370117,57.18428421020508,49.50428771972656
2011-10-10,110628700,54.15571594238281,55.54428482055664,54.02999877929688,55.54428482055664,48.08454895019531
2011-10-07,133864500,53.68285751342773,53.96285629272461,52.64142990112305,52.82857131958008,45.73355484008789
2011-10-06,203145600,53.33285903930664,54.96857070922852,53.11428451538086,53.90999984741211,46.66974258422852
2011-10-05,196617400,52.55142974853516,54.2599983215332,51.47142791748047,54.03571319580078,46.77858352661133
2011-10-04,308419300,53.5099983215332,54.5428581237793,50.605712890625,53.21428680419922,46.06747055053711
2011-10-03,167274800,54.33856964111328,54.66285705566406,53.310001373291016,53.514286041259766,46.32717514038086
2011-09-30,136910200,55.3028564453125,55.55571365356445,54.45428466796875,54.47428512573242,47.15824508666992
2011-09-29,162771700,57.41714096069336,57.45857238769531,55.17285537719727,55.79571533203125,48.30220031738281
2011-09-28,107409400,57.16999816894531,57.67714309692383,56.644287109375,56.71571350097656,49.0986442565918
2011-09-27,158124400,58.38999938964844,58.46428680419922,56.86571502685547,57.03714370727539,49.37689971923828
2011-09-26,203219100,57.12285614013672,57.71142959594727,55.900001525878906,57.5957145690918,49.8604621887207
2011-09-23,136569300,57.18285751342773,58.105712890625,57.121429443359375,57.75714111328125,50.00020980834961
2011-09-22,242120200,57.290000915527344,58.54571533203125,56.67142868041992,57.40285873413086,49.69350814819336
2011-09-21,151494000,59.94857025146485,60.227142333984375,58.85714340209961,58.87714385986328,50.96979522705078
2011-09-20,193938500,59.32143020629883,60.408573150634766,58.74142837524414,59.06428527832031,51.13179397583008
2011-09-19,205965200,56.71428680419922,59.03285598754883,56.4571418762207,58.80428695678711,50.90671157836914
2011-09-16,174628300,56.50571441650391,57.21428680419922,56.43285751342773,57.21428680419922,49.53025436401367
2011-09-15,104454700,55.91857147216797,56.23714447021485,55.70000076293945,56.13714218139648,48.5977897644043
2011-09-14,133681100,55.288570404052734,56.02999877929688,55.10857009887695,55.61428451538086,48.1451416015625
2011-09-13,110140100,54.591426849365234,55.17285537719727,54.32143020629883,54.94571304321289,47.56636428833008
2011-09-12,116958100,53.28571319580078,54.41143035888672,53.12857055664063,54.27714157104492,46.987571716308594
2011-09-09,141203300,54.84714126586914,55.14285659790039,53.57428741455078,53.92571258544922,46.683349609375
2011-09-08,104039600,54.62857055664063,55.51571273803711,54.61571502685547,54.87714385986328,47.50700759887695
2011-09-07,87644200,55.08000183105469,55.08571243286133,54.57143020629883,54.84714126586914,47.48103332519531
2011-09-06,127424500,52.48143005371094,54.33285903930664,52.354286193847656,54.248573303222656,46.96284103393555
2011-09-02,109734800,53.53428649902344,54.0,53.11857223510742,53.43571472167969,46.2591552734375
2011-09-01,85931300,55.11714172363281,55.334285736083984,54.38857269287109,54.43285751342773,47.12239074707031
2011-08-31,130646600,55.79571533203125,56.01142883300781,54.55142974853516,54.97571563720703,47.59233474731445
2011-08-30,104480600,55.46428680419922,55.977142333984375,55.17285537719727,55.71285629272461,48.2304801940918
2011-08-29,101317300,55.45428466796875,55.92856979370117,55.42856979370117,55.709999084472656,48.22799682617188
2011-08-26,160369300,53.02428436279297,54.82857131958008,52.97142791748047,54.797142028808594,47.43774032592773
2011-08-25,217836500,52.1542854309082,53.63571548461914,52.14285659790039,53.38857269287109,46.21834182739258
2011-08-24,156566900,53.35285568237305,54.13714218139648,52.94285583496094,53.7400016784668,46.522579193115234
2011-08-23,164208800,51.47142791748047,53.37714385986328,51.0,53.371429443359375,46.20351028442383
2011-08-22,133828800,52.07285690307617,52.12571334838867,50.727142333984375,50.91999816894531,44.08130645751953
2011-08-19,193972100,51.73857116699219,52.42856979370117,50.85714340209961,50.861427307128906,44.03062057495117
2011-08-18,212858800,52.977142333984375,53.23571395874024,51.62428665161133,52.2928581237793,45.2697868347168
2011-08-17,110515300,54.61571502685547,54.931427001953125,54.0,54.34857177734375,47.049415588378906
2011-08-16,124687500,54.50285720825195,54.76714324951172,53.72285842895508,54.354286193847656,47.05437088012695
2011-08-15,115136000,54.23285675048828,54.9957160949707,54.01285552978516,54.772857666015625,47.41671752929688
2011-08-12,132244000,54.0099983215332,54.23428726196289,53.46142959594727,53.855712890625,46.62274932861328
2011-08-11,185492300,52.931427001953125,53.63571548461914,52.10285568237305,53.38571548461914,46.21587371826172
2011-08-10,219664200,53.021427154541016,53.521427154541016,51.78571319580078,51.95571517944336,44.9779167175293
2011-08-09,270645900,51.61428451538086,53.51571273803711,50.71428680419922,53.43000030517578,46.25421905517578
2011-08-08,285958400,51.66999816894531,52.538570404052734,50.431427001953125,50.45857238769531,43.68185806274414
2011-08-05,301147700,54.34857177734375,54.78571319580078,51.79571533203125,53.37428665161133,46.20597457885742
2011-08-04,217851900,55.630001068115234,55.90285873413086,53.90714263916016,53.90999984741211,46.66974258422852
2011-08-03,183127000,55.854286193847656,56.22142791748047,54.605712890625,56.08142852783203,48.54954147338867
2011-08-02,159884900,56.80714416503906,56.84285736083984,55.47857284545898,55.558570861816406,48.0969123840332
2011-08-01,153209000,56.825714111328125,57.07143020629883,56.0528564453125,56.67856979370117,49.066497802734375
2011-07-29,158146100,55.37714385986328,56.45000076293945,54.85714340209961,55.78285598754883,48.29106521606445
2011-07-28,148508500,55.94571304321289,56.71285629272461,55.4471435546875,55.97428512573242,48.4567985534668
2011-07-27,164831100,57.227142333984375,57.52000045776367,56.021427154541016,56.084285736083984,48.55201721191406
2011-07-26,119145600,57.14285659790039,57.78571319580078,57.09714126586914,57.630001068115234,49.89013671875
2011-07-25,147451500,55.764286041259766,57.14285659790039,55.65999984741211,56.92856979370117,49.28292083740234
2011-07-22,129182200,55.47428512573242,56.43571472167969,55.39285659790039,56.18571472167969,48.63983917236328
2011-07-21,131633600,55.27857208251953,55.72285842895508,54.84285736083984,55.327144622802734,47.89656829833984
2011-07-20,235335100,56.58856964111328,56.61000061035156,55.14285659790039,55.271427154541016,47.84833908081055
2011-07-19,204786400,54.0,54.09285736083984,53.33142852783203,53.83571243286133,46.60543823242188
2011-07-18,143163300,52.20428466796875,53.521427154541016,52.18285751342773,53.400001525878906,46.22824096679688
2011-07-15,121116800,51.5957145690918,52.14285659790039,51.310001373291016,52.13142776489258,45.13005447387695
2011-07-14,107633400,51.57285690307617,51.658573150634766,50.90571594238281,51.11000061035156,44.245792388916016
2011-07-13,97909700,51.18999862670898,51.42856979370117,50.91143035888672,51.14571380615234,44.27670669555664
2011-07-12,112902300,50.5042839050293,51.09714126586914,49.8028564453125,50.53571319580078,43.748634338378906
2011-07-11,110668600,50.90571594238281,51.39571380615234,50.40285873413086,50.57143020629883,43.77956771850586
2011-07-08,122408300,50.477142333984375,51.42856979370117,50.31428527832031,51.38714218139648,44.48571395874024
2011-07-07,99915900,50.66714096069336,51.14285659790039,50.57143020629883,51.02857208251953,44.17530059814453
2011-07-06,111156500,49.84999847412109,50.58571243286133,49.52999877929688,50.251426696777344,43.50252532958984
2011-07-05,88763500,49.0,49.97571563720703,48.92856979370117,49.91857147216797,43.21437454223633
2011-07-01,108828300,47.99285888671875,49.07143020629883,47.74285888671875,49.03714370727539,42.45133209228516
2011-06-30,80738700,47.81428527832031,48.01856994628906,47.5485725402832,47.952857971191406,41.51266098022461
2011-06-29,88136300,48.00571441650391,48.0528564453125,47.41143035888672,47.720001220703125,41.31107711791992
2011-06-28,73574900,47.66428756713867,48.09999847412109,47.63428497314453,47.894287109375,41.46195983886719
2011-06-27,84953400,46.7985725402832,47.70000076293945,46.75,47.43428421020508,41.0637321472168
2011-06-24,109951800,47.33856964111328,47.59285736083984,46.4414291381836,46.621429443359375,40.360050201416016
2011-06-23,139939800,45.56285858154297,47.38428497314453,45.44571304321289,47.31857299804688,40.96355819702149
2011-06-22,97645800,46.4514274597168,46.98571395874024,46.05428695678711,46.08714294433594,39.89751434326172
2011-06-21,123345600,45.2400016784668,46.5428581237793,45.02857208251953,46.47142791748047,40.23019409179688
2011-06-20,160161400,45.33714294433594,45.38571548461914,44.35714340209961,45.04571533203125,38.99595642089844
2011-06-17,153755000,46.998573303222656,47.03571319580078,45.62285614013672,45.751426696777344,39.60688400268555
2011-06-16,127647800,46.70000076293945,46.95428466796875,45.47571563720703,46.4514274597168,40.21287536621094
2011-06-15,99799000,47.10714340209961,47.18571472167969,46.41143035888672,46.67856979370117,40.40951156616211
2011-06-14,83642300,47.14285659790039,47.60714340209961,47.04428482055664,47.49142837524414,41.11320495605469
2011-06-13,82368300,46.74285888671875,46.90142822265625,46.43857192993164,46.65714263916016,40.390960693359375
2011-06-10,108488800,47.22142791748047,47.380001068115234,46.501426696777344,46.55714416503906,40.30439758300781
2011-06-09,68772200,47.60714340209961,47.66714096069336,47.25,47.355712890625,40.9957160949707
2011-06-08,83430900,47.39714431762695,47.82857131958008,47.23571395874024,47.46285629272461,41.08847427368164
2011-06-07,132446300,48.310001373291016,48.317142486572266,47.41428756713867,47.43428421020508,41.0637321472168
2011-06-06,115485300,49.38571548461914,49.57857131958008,48.25857162475586,48.29142761230469,41.80575180053711
2011-06-03,78312500,49.02571487426758,49.33285903930664,48.85857009887695,49.06285858154297,42.47359085083008
2011-06-02,84695800,49.5,49.71142959594727,49.18571472167969,49.44285583496094,42.80253982543945
2011-06-01,138670700,49.83856964111328,50.30428695678711,49.23571395874024,49.35857009887695,42.729583740234375
2011-05-31,104438600,48.72857284545898,49.68999862670898,48.71428680419922,49.68999862670898,43.01649475097656
2011-05-27,50899800,47.82857131958008,48.23285675048828,47.75857162475586,48.2014274597168,41.72785949707031
2011-05-26,55640200,47.9957160949707,48.12714385986328,47.77571487426758,47.85714340209961,41.42979431152344
2011-05-25,73556000,47.63285827636719,48.36571502685547,47.54999923706055,48.111427307128906,41.64992904663086
2011-05-24,80481800,47.92856979370117,47.98571395874024,47.334285736083984,47.45571517944336,41.08229446411133
2011-05-23,95900000,47.13857269287109,47.99714279174805,47.060001373291016,47.771427154541016,41.3556022644043
2011-05-20,84492100,48.50857162475586,48.7071418762207,47.86000061035156,47.88857269287109,41.457008361816406
2011-05-19,65292500,48.86857223510742,48.915714263916016,48.38142776489258,48.64714431762695,42.11369705200195
2011-05-18,83694100,48.067142486572266,48.72142791748047,48.0,48.5528564453125,42.03208160400391
2011-05-17,113083600,47.42856979370117,48.02000045776367,47.24714279174805,48.02000045776367,41.57078552246094
2011-05-16,112443800,48.4571418762207,48.7457160949707,47.514286041259766,47.61428451538086,41.21956634521485
2011-05-13,81529000,49.380001068115234,49.46428680419922,48.621429443359375,48.64285659790039,42.1099853515625
2011-05-12,80500000,49.44571304321289,49.58856964111328,48.89571380615234,49.5099983215332,42.86067962646485
2011-05-11,84000000,49.86000061035156,50.0,49.31999969482422,49.604286193847656,42.94231033325195
2011-05-10,70522900,49.841426849365234,49.95571517944336,49.522857666015625,49.92142868041992,43.21685409545898
2011-05-09,51186800,49.69428634643555,49.88571548461914,49.5042839050293,49.65714263916016,42.98805618286133
2011-05-06,70033600,49.95571517944336,50.0,49.45857238769531,49.522857666015625,42.87182235717773
2011-05-05,83992300,49.771427154541016,50.13571548461914,49.43571472167969,49.53571319580078,42.882938385009766
2011-05-04,97312600,49.751426696777344,50.26142883300781,49.55428695678711,49.93857192993164,43.23168563842773
2011-05-03,78337000,49.71285629272461,49.98428726196289,49.37428665161133,49.74285888671875,43.06227493286133
2011-05-02,110678400,49.96285629272461,50.067142486572266,49.35714340209961,49.46857070922852,42.8248176574707
2011-04-29,251586300,49.540000915527344,50.56428527832031,49.52428436279297,50.01856994628906,43.30094528198242
2011-04-28,90239800,49.45571517944336,49.96428680419922,49.36000061035156,49.53571319580078,42.882938385009766
2011-04-27,89053300,50.31999969482422,50.33571243286133,49.58571243286133,50.021427154541016,43.30342483520508
2011-04-26,84700000,50.51714324951172,50.71285629272461,49.90714263916016,50.060001373291016,43.33681106567383
2011-04-25,66636500,50.0485725402832,50.53571319580078,50.0428581237793,50.43000030517578,43.65712738037109
2011-04-21,188452600,50.71428680419922,50.73285675048828,49.788570404052734,50.09999847412109,43.37143707275391
2011-04-20,175166600,49.07285690307617,49.39285659790039,48.78571319580078,48.915714263916016,42.3462142944336
2011-04-19,104844600,47.58571243286133,48.28285598754883,47.38714218139648,48.26571273803711,41.78348922729492
2011-04-18,152474700,46.58571243286133,47.46142959594727,45.73714447021485,47.40714263916016,41.04024124145508
2011-04-15,113401400,47.61428451538086,47.66285705566406,46.68571472167969,46.77999877929688,40.49733352661133
2011-04-14,75450200,47.82857131958008,48.0,47.43714141845703,47.48857116699219,41.1107292175293
2011-04-13,86555000,47.86000061035156,48.02000045776367,47.50285720825195,48.01856994628906,41.56956100463867
2011-04-12,106409800,47.21285629272461,47.67571258544922,47.17142868041992,47.48571395874024,41.10826873779297
2011-04-11,99736700,47.72285842895508,47.952857971191406,47.14571380615234,47.25714111328125,40.91038131713867
2011-04-08,94383800,48.560001373291016,48.59285736083984,47.7071418762207,47.86571502685547,41.43722152709961
2011-04-07,93361800,48.29999923706055,48.63285827636719,48.0042839050293,48.297142028808594,41.81070709228516
2011-04-06,100634800,48.7457160949707,49.12857055664063,48.16285705566406,48.29142761230469,41.80575180053711
2011-04-05,120682800,48.14142990112305,48.89285659790039,48.0,48.41285705566406,41.9108772277832
2011-04-04,115021200,49.18714141845703,49.22857284545898,48.34285736083984,48.74142837524414,42.19533157348633
2011-04-01,104665400,50.158573150634766,50.227142333984375,49.0428581237793,49.22285842895508,42.61210250854492
2011-03-31,68504800,49.47999954223633,49.97142791748047,49.43714141845703,49.78714370727539,43.10060119628906
2011-03-30,82351500,50.091426849365234,50.12571334838867,49.63428497314453,49.80428695678711,43.115455627441406
2011-03-29,88225200,49.665714263916016,50.13714218139648,49.43714141845703,50.13714218139648,43.40359115600586
2011-03-28,77338800,50.45000076293945,50.61714172363281,50.06285858154297,50.06285858154297,43.33928298950195
2011-03-25,112227500,49.72428512573242,50.29428482055664,49.57428741455078,50.220001220703125,43.47532653808594
2011-03-24,101178000,48.83571243286133,49.42856979370117,48.408573150634766,49.28142929077149,42.66281127929688
2011-03-23,93249100,48.46857070922852,48.60285568237305,47.99285888671875,48.45571517944336,41.9479866027832
2011-03-22,81480700,48.93714141845703,48.94571304321289,48.44857025146485,48.74285888671875,42.19656753540039
2011-03-21,102350500,47.998573303222656,48.53428649902344,47.894287109375,48.47142791748047,41.96158599853516
2011-03-18,188303500,48.16143035888672,48.31428527832031,47.14285659790039,47.23857116699219,40.89430236816406
2011-03-17,164855600,48.11857223510742,48.51571273803711,47.23714447021485,47.80571365356445,41.3852767944336
2011-03-16,290502800,48.85714340209961,49.0,46.60857009887695,47.144287109375,40.812686920166016
2011-03-15,180270300,48.871429443359375,49.6914291381836,48.58571243286133,49.34714126586914,42.71968460083008
2011-03-14,108989300,50.45428466796875,50.92571258544922,50.18714141845703,50.50857162475586,43.725135803222656
2011-03-11,117770100,49.33285903930664,50.33142852783203,49.28571319580078,50.28428649902344,43.53097152709961
2011-03-10,126884800,49.87428665161133,49.96714401245117,49.271427154541016,49.52428436279297,42.873046875
2011-03-09,113326500,50.66999816894531,50.68000030517578,50.08571243286133,50.35285568237305,43.59033203125
2011-03-08,89079200,50.7014274597168,51.05714416503906,50.32143020629883,50.82285690307617,43.99722290039063
2011-03-07,136530800,51.62857055664063,51.66714096069336,50.18714141845703,50.76571273803711,43.94774627685547
2011-03-04,113316700,51.43857192993164,51.470001220703125,51.10714340209961,51.42856979370117,44.521583557128906
2011-03-03,125197100,51.02714157104492,51.3985710144043,50.8457145690918,51.36571502685547,44.46715545654297
2011-03-02,150647700,49.994285583496094,50.621429443359375,49.771427154541016,50.3028564453125,43.54705047607422
2011-03-01,114034200,50.78142929077149,50.817142486572266,49.66857147216797,49.90142822265625,43.19955062866211
2011-02-28,100768500,50.17714309692383,50.72142791748047,50.15999984741211,50.45857238769531,43.68185806274414
2011-02-25,95004700,49.32285690307617,49.77571487426758,49.25714111328125,49.73714447021485,43.057315826416016
2011-02-24,124975200,49.14571380615234,49.30714416503906,48.33856964111328,48.98285675048828,42.40433120727539
2011-02-23,167963600,48.39571380615234,49.23428726196289,48.37285614013672,48.94571304321289,42.37218475341797
2011-02-22,218138900,48.87857055664063,49.34285736083984,48.2457160949707,48.37285614013672,41.876258850097656
2011-02-18,204014300,51.244285583496094,51.35714340209961,49.931427001953125,50.08000183105469,43.35411834716797
2011-02-17,132645800,51.03571319580078,51.46714401245117,50.931427001953125,51.18571472167969,44.31133270263672
2011-02-16,120289400,51.5428581237793,52.12857055664063,51.5,51.87571334838867,44.90866470336914
2011-02-15,71043700,51.31285858154297,51.42428588867188,51.07857131958008,51.41428756713867,44.50921630859375
2011-02-14,77604100,50.970001220703125,51.354286193847656,50.95857238769531,51.31142807006836,44.42016220092773
2011-02-11,91893200,50.67856979370117,51.11428451538086,50.50571441650391,50.97857284545898,44.13202667236328
2011-02-10,232137500,51.05571365356445,51.42856979370117,49.71428680419922,50.6485710144043,43.84634017944336
2011-02-09,120686300,50.74142837524414,51.28571319580078,50.69571304321289,51.165714263916016,44.29401779174805
2011-02-08,95260200,50.52571487426758,50.788570404052734,50.30714416503906,50.74285888671875,43.92796325683594
2011-02-07,121255400,49.69857025146485,50.46428680419922,49.66285705566406,50.26856994628906,43.51736068725586
2011-02-04,80460100,49.091426849365234,49.52857208251953,49.07285690307617,49.5,42.852012634277344
2011-02-03,98449400,49.11428451538086,49.17714309692383,48.36428451538086,49.06285858154297,42.47359085083008
2011-02-02,64738800,49.2071418762207,49.32143020629883,49.07857131958008,49.18857192993164,42.58242034912109
2011-02-01,106658300,48.75714111328125,49.37857055664063,48.71142959594727,49.290000915527344,42.67021560668945
2011-01-31,94311700,47.97142791748047,48.577144622802734,47.75714111328125,48.47428512573242,41.96406936645508
2011-01-28,148014300,49.16714096069336,49.20000076293945,47.64714431762695,48.014286041259766,41.56584167480469
2011-01-27,71256500,49.111427307128906,49.24142837524414,48.97571563720703,49.02999877929688,42.44514465332031
2011-01-26,126718900,48.994285583496094,49.371429443359375,48.78571319580078,49.121429443359375,42.524295806884766
2011-01-25,136717000,48.047142028808594,48.77714157104492,47.79571533203125,48.771427154541016,42.2213020324707
2011-01-24,143670800,46.69571304321289,48.2071418762207,46.67428588867188,48.2071418762207,41.732791900634766
2011-01-21,188600300,47.681427001953125,47.84000015258789,46.66143035888672,46.67428588867188,40.40580368041992
2011-01-20,191197300,48.06142807006836,48.32857131958008,47.15999984741211,47.52571487426758,41.14288330078125
2011-01-19,283903200,49.764286041259766,49.79999923706055,48.12571334838867,48.40571594238281,41.90470504760742
2011-01-18,470249500,47.07428741455078,49.251426696777344,46.57143020629883,48.66428756713867,42.1285514831543
2011-01-14,77210000,49.41285705566406,49.78285598754883,49.20571517944336,49.78285598754883,43.09688186645508
2011-01-13,74195100,49.308570861816406,49.52000045776367,49.121429443359375,49.38285827636719,42.7506103515625
2011-01-12,75647600,49.03571319580078,49.20428466796875,48.85714340209961,49.202857971191406,42.59478759765625
2011-01-11,111027000,49.26856994628906,49.27999877929688,48.4957160949707,48.80571365356445,42.2509765625
2011-01-10,112140000,48.4042854309082,49.03285598754883,48.16714096069336,48.92142868041992,42.35115051269531
2011-01-07,77982800,47.71285629272461,48.04999923706055,47.41428756713867,48.01714324951172,41.56831359863281
2011-01-06,75107200,47.817142486572266,47.89285659790039,47.55714416503906,47.67571258544922,41.272743225097656
2011-01-05,63879900,47.07857131958008,47.76285552978516,47.07143020629883,47.71428680419922,41.30612564086914
2011-01-04,77270200,47.49142837524414,47.5,46.87857055664063,47.327144622802734,40.97099304199219
2011-01-03,111284600,46.52000045776367,47.18000030517578,46.40571594238281,47.08142852783203,40.758277893066406
2010-12-31,48377000,46.13571548461914,46.21142959594727,45.90142822265625,46.08000183105469,39.89134216308594
2010-12-30,39373600,46.49714279174805,46.501426696777344,46.150001525878906,46.23714447021485,40.02737045288086
2010-12-29,40784800,46.60285568237305,46.63571548461914,46.44285583496094,46.470001220703125,40.22896194458008
2010-12-28,43981000,46.558570861816406,46.665714263916016,46.43714141845703,46.4957160949707,40.251224517822266
2010-12-27,62454000,46.121429443359375,46.49142837524414,45.931427001953125,46.38285827636719,40.15352630615234
2010-12-23,55789300,46.42856979370117,46.45000076293945,46.16714096069336,46.22857284545898,40.01994323730469
2010-12-22,66480400,46.33714294433594,46.53142929077149,46.22142791748047,46.4514274597168,40.21287536621094
2010-12-21,64088500,46.14285659790039,46.341426849365234,46.00714111328125,46.31428527832031,40.09415054321289
2010-12-20,96402600,45.94285583496094,46.17856979370117,45.46142959594727,46.02999877929688,39.84804534912109
2010-12-17,96732300,45.9471435546875,45.970001220703125,45.74714279174805,45.80142974853516,39.650184631347656
2010-12-16,80507700,45.869998931884766,46.08714294433594,45.72857284545898,45.89285659790039,39.72933197021485
2010-12-15,104328000,45.71428680419922,46.14285659790039,45.59857177734375,45.76571273803711,39.6192512512207
2010-12-14,87752000,45.96142959594727,46.077144622802734,45.57143020629883,45.75571441650391,39.61060333251953
2010-12-13,109953900,46.33856964111328,46.43714141845703,45.85714340209961,45.952857971191406,39.78127670288086
2010-12-10,65627800,45.66428756713867,45.86428451538086,45.514286041259766,45.79428482055664,39.64399719238281
2010-12-09,73537800,46.01856994628906,46.07143020629883,45.57428741455078,45.68000030517578,39.54505920410156
2010-12-08,80483900,45.66143035888672,45.86000061035156,45.30142974853516,45.85857009887695,39.69963836669922
2010-12-07,97863500,46.25714111328125,46.28428649902344,45.44571304321289,45.45857238769531,39.35337448120117
2010-12-06,112120400,45.52000045776367,46.047142028808594,45.48857116699219,45.73571395874024,39.5932846069336
2010-12-03,85523200,45.28714370727539,45.521427154541016,45.1914291381836,45.34857177734375,39.258148193359375
2010-12-02,115709300,45.361427307128906,45.57143020629883,44.98428726196289,45.45000076293945,39.345947265625
2010-12-01,115437700,45.038570404052734,45.39285659790039,45.0,45.20000076293945,39.12953186035156
2010-11-30,125464500,44.79142761230469,44.908573150634766,44.40999984741211,44.45000076293945,38.480262756347656
2010-11-29,111446300,45.07143020629883,45.354286193847656,44.48285675048828,45.26714324951172,39.187644958496094
2010-11-26,59396400,44.81999969482422,45.38571548461914,44.70571517944336,45.0,38.95638656616211
2010-11-24,103431300,44.57143020629883,45.05714416503906,44.53571319580078,44.97142791748047,38.931640625
2010-11-23,129861900,44.34999847412109,44.53571319580078,43.79428482055664,44.104286193847656,38.180965423583984
2010-11-22,98268800,43.81142807006836,44.76571273803711,43.69571304321289,44.76571273803711,38.75355529785156
2010-11-19,96210800,43.9957160949707,44.05714416503906,43.605712890625,43.81857299804688,37.93362808227539
2010-11-18,123622800,43.59999847412109,44.23857116699219,43.52714157104492,44.06142807006836,38.14387130737305
2010-11-17,119862400,43.02857208251953,43.42714309692383,42.53714370727539,42.92856979370117,37.16313934326172
2010-11-16,164412500,43.67428588867188,43.94285583496094,42.7599983215332,43.084285736083984,37.297950744628906
2010-11-15,100901500,44.06571578979492,44.36285781860352,43.75285720825195,43.86285781860352,37.97196578979492
2010-11-12,198961700,45.14285659790039,45.21428680419922,43.37571334838867,44.0042839050293,38.09439086914063
2010-11-11,90321000,45.0,45.48571395874024,44.89285659790039,45.23571395874024,39.16044235229492
2010-11-10,96056800,45.23428726196289,45.538570404052734,44.7928581237793,45.43285751342773,39.33110427856445
2010-11-09,95886000,45.86428451538086,45.900001525878906,44.92856979370117,45.1542854309082,39.08994674682617
2010-11-08,70439600,45.31428527832031,45.681427001953125,45.251426696777344,45.51714324951172,39.40407180786133
2010-11-05,90313300,45.42714309692383,45.65285873413086,45.25,45.30428695678711,39.21981048583984
2010-11-04,160622000,45.06428527832031,45.7400016784668,45.0042839050293,45.46714401245117,39.360782623291016
2010-11-03,127087100,44.48143005371094,44.6971435546875,44.075714111328125,44.68571472167969,38.68429946899414
2010-11-02,108482500,43.85714340209961,44.31285858154297,43.85714340209961,44.19428634643555,38.25886917114258
2010-11-01,105972300,43.17428588867188,43.65714263916016,43.17142868041992,43.45428466796875,37.61825942993164
2010-10-29,107627800,43.46142959594727,43.6971435546875,42.98143005371094,42.99714279174805,37.22251510620117
2010-10-28,137762800,43.99285888671875,44.0,42.98571395874024,43.605712890625,37.74935531616211
2010-10-27,99750700,43.95000076293945,44.271427154541016,43.65714263916016,43.97571563720703,38.06965255737305
2010-10-26,98232400,43.83856964111328,44.248573303222656,43.66428756713867,44.00714111328125,38.09686279296875
2010-10-25,98115500,44.15571594238281,44.514286041259766,44.06285858154297,44.119998931884766,38.1945686340332
2010-10-22,93194500,44.15285873413086,44.29142761230469,43.75714111328125,43.92428588867188,38.02513885498047
2010-10-21,137865000,44.62285614013672,44.96285629272461,43.82857131958008,44.21714401245117,38.27866744995117
2010-10-20,180406100,44.14285659790039,44.89285659790039,43.83856964111328,44.361427307128906,38.40357971191406
2010-10-19,308196000,43.34285736083984,44.82428741455078,42.86000061035156,44.21285629272461,38.27495956420898
2010-10-18,273252700,45.4957160949707,45.57143020629883,44.8985710144043,45.42856979370117,39.32740020751953
2010-10-15,230548500,43.91999816894531,45.0,43.558570861816406,44.96285629272461,38.92423248291016
2010-10-14,108824100,43.09857177734375,43.209999084472656,42.91428756713867,43.18714141845703,37.387001037597656
2010-10-13,157523100,42.88571548461914,43.13714218139648,42.82857131958008,42.87714385986328,37.118629455566406
2010-10-12,139636000,42.2014274597168,42.78571319580078,41.78428649902344,42.6485710144043,36.92075729370117
2010-10-11,106938300,42.105712890625,42.46285629272461,42.08571243286133,42.19428634643555,36.52748107910156
2010-10-08,164600800,41.67285537719727,42.07143020629883,41.42856979370117,42.0099983215332,36.36795425415039
2010-10-07,102099900,41.477142333984375,41.49714279174805,40.98714447021485,41.317142486572266,35.76814270019531
2010-10-06,167717200,41.369998931884766,41.71285629272461,40.751426696777344,41.31285858154297,35.76443862915039
2010-10-05,125491800,40.28571319580078,41.34999847412109,40.2599983215332,41.27714157104492,35.73351287841797
2010-10-04,108825500,40.22857284545898,40.41428756713867,39.681427001953125,39.80571365356445,34.45970153808594
2010-10-01,112035700,40.87857055664063,40.93999862670898,40.19285583496094,40.36000061035156,34.939544677734375
2010-09-30,168347900,41.28571319580078,41.42856979370117,40.17856979370117,40.53571319580078,35.09165954589844
2010-09-29,117411000,41.03285598754883,41.40142822265625,40.85714340209961,41.0528564453125,35.53934860229492
2010-09-28,258760600,41.681427001953125,41.681427001953125,39.28571319580078,40.97999954223633,35.47626876831055
2010-09-27,120708700,41.99714279174805,42.104286193847656,41.57285690307617,41.59428405761719,36.0080680847168
2010-09-24,162372000,41.72857284545898,41.93285751342773,41.50714111328125,41.7599983215332,36.15151596069336
2010-09-23,196529200,40.9042854309082,41.82285690307617,40.85714340209961,41.27428436279297,35.73102951049805
2010-09-22,146322400,40.38714218139648,41.13999938964844,40.34428405761719,41.10714340209961,35.58634948730469
2010-09-21,167018600,40.55142974853516,41.04999923706055,40.3985710144043,40.538570404052734,35.09414291381836
2010-09-20,164669400,39.43999862670898,40.540000915527344,39.40714263916016,40.46142959594727,35.02735137939453
2010-09-17,158619300,39.66999816894531,39.70857238769531,39.09714126586914,39.33856964111328,34.05530548095703
2010-09-16,163025800,38.605712890625,39.52428436279297,38.5,39.5099983215332,34.203704833984375
2010-09-15,107342200,38.310001373291016,38.62571334838867,38.26285552978516,38.60285568237305,33.41840362548828
2010-09-14,102037600,38.02999877929688,38.452857971191406,37.931427001953125,38.29428482055664,33.15125274658203
2010-09-13,97195000,37.97428512573242,38.325714111328125,37.96571350097656,38.1485710144043,33.02511978149414
2010-09-10,96885600,37.59857177734375,37.78571319580078,37.34285736083984,37.630001068115234,32.576194763183594
2010-09-09,109643800,37.86285781860352,38.07428741455078,37.560001373291016,37.58142852783203,32.53414535522461
2010-09-08,131637800,37.111427307128906,37.77000045776367,37.014286041259766,37.560001373291016,32.51560974121094
2010-09-07,85639400,36.66285705566406,37.075714111328125,36.60714340209961,36.83000183105469,31.88363647460937
2010-09-03,130197200,36.4414291381836,36.96857070922852,36.35714340209961,36.96714401245117,32.00235366821289
2010-09-02,103856900,35.894287109375,36.02428436279297,35.5099983215332,36.02428436279297,31.186124801635746
2010-09-01,174259400,35.35285568237305,35.922855377197266,35.182857513427734,35.76142883300781,30.958572387695312
2010-08-31,105196700,34.54999923706055,34.93714141845703,34.33571243286133,34.728572845458984,30.064435958862305
2010-08-30,95822300,34.394287109375,35.10714340209961,34.38285827636719,34.64285659790039,29.99022674560547
2010-08-27,137097800,34.53571319580078,34.658573150634766,33.65142822265625,34.51714324951172,29.881397247314453
2010-08-26,116626300,35.06428527832031,35.10714340209961,34.325714111328125,34.325714111328125,29.71567726135254
2010-08-25,149216900,34.005714416503906,34.855712890625,33.88571548461914,34.698570251464844,30.03846740722656
2010-08-24,150641400,34.66714096069336,34.71428680419922,34.092857360839844,34.27571487426758,29.67239761352539
2010-08-23,103510400,35.970001220703125,36.0,35.03571319580078,35.11428451538086,30.398338317871094
2010-08-20,96057500,35.62714385986328,36.27428436279297,35.57143020629883,35.66285705566406,30.873239517211918
2010-08-19,106676500,36.119998931884766,36.21142959594727,35.52571487426758,35.6971435546875,30.90292739868164
2010-08-18,84924000,36.05142974853516,36.38142776489258,35.939998626708984,36.15285873413086,31.29743003845215
2010-08-17,105660100,35.72571563720703,36.37571334838867,35.599998474121094,35.9957160949707,31.161399841308597
2010-08-16,79607500,35.36857223510742,35.71571350097656,35.23143005371094,35.37714385986328,30.625905990600582
2010-08-13,88717300,35.95000076293945,35.98285675048828,35.584285736083984,35.58571243286133,30.80646324157715
2010-08-12,133730100,35.24142837524414,36.15714263916016,35.15999984741211,35.970001220703125,31.139137268066406
2010-08-11,155013600,36.48571395874024,36.52714157104492,35.68714141845703,35.74142837524414,30.941259384155277
2010-08-10,112980000,37.121429443359375,37.2071418762207,36.7928581237793,37.058570861816406,32.08151626586914
2010-08-09,75782000,37.354286193847656,37.45000076293945,37.08142852783203,37.39285659790039,32.37089538574219
2010-08-06,111224400,37.111427307128906,37.355712890625,36.80428695678711,37.15571594238281,32.16560363769531
2010-08-05,72274300,37.38999938964844,37.59714126586914,37.22142791748047,37.38571548461914,32.36471939086914
2010-08-04,105093800,37.5485725402832,37.7542839050293,37.18714141845703,37.56857299804688,32.52302932739258
2010-08-03,104413400,37.28714370727539,37.60857009887695,37.060001373291016,37.41857147216797,32.39315414428711
2010-08-02,107013900,37.20571517944336,37.51285552978516,37.08856964111328,37.40714263916016,32.383262634277344
2010-07-30,112052500,36.55571365356445,37.09999847412109,36.41428756713867,36.75,31.814382553100582
2010-07-29,160951700,37.244285583496094,37.521427154541016,36.58571243286133,36.87285614013672,31.92074012756348
2010-07-28,129996300,37.66714096069336,37.998573303222656,37.17856979370117,37.27999877929688,32.273189544677734
2010-07-27,146192900,37.26714324951172,37.82857131958008,37.18571472167969,37.72571563720703,32.6590461730957
2010-07-26,105137900,37.14285659790039,37.15714263916016,36.81571578979492,37.040000915527344,32.0654296875
2010-07-23,133347200,36.727142333984375,37.1971435546875,36.611427307128906,37.13428497314453,32.14704513549805
2010-07-22,161329700,36.81142807006836,37.14285659790039,36.47285842895508,37.00285720825195,32.03328323364258
2010-07-21,296417800,37.869998931884766,37.87857055664063,36.28571319580078,36.31999969482422,31.442121505737305
2010-07-20,268737700,34.70000076293945,36.12857055664063,34.28714370727539,35.98428726196289,31.15150260925293
2010-07-19,256119500,35.6971435546875,35.6971435546875,34.228572845458984,35.08285903930664,30.37114524841309
2010-07-16,259964600,36.16857147216797,36.42428588867188,35.487144470214844,35.70000076293945,30.905406951904297
2010-07-15,206216500,35.461429595947266,36.709999084472656,35.32857131958008,35.92142868041992,31.09708404541016
2010-07-14,203011900,35.62571334838867,36.5428581237793,35.57143020629883,36.104286193847656,31.25539207458496
2010-07-13,297731000,36.61714172363281,36.62857055664063,35.20428466796875,35.97142791748047,31.140363693237305
2010-07-12,140719600,36.93285751342773,37.40714263916016,36.408573150634766,36.75571441650391,31.81933212280273
2010-07-09,108330600,36.69857025146485,37.12857055664063,36.4514274597168,37.08856964111328,32.107479095458984
2010-07-08,184536100,37.49714279174805,37.55714416503906,36.41285705566406,36.869998931884766,31.91826629638672
2010-07-07,163639000,35.78428649902344,36.96714401245117,35.67856979370117,36.952857971191406,31.9899845123291
2010-07-06,153808900,35.85714340209961,36.11428451538086,35.165714263916016,35.51856994628906,30.748334884643555
2010-07-02,173460700,35.78428649902344,35.84714126586914,34.74285888671875,35.27714157104492,30.53933334350586
2010-07-01,255724000,36.32857131958008,36.400001525878906,34.7457160949707,35.49714279174805,30.72979164123535
2010-06-30,184863000,36.67285537719727,36.85285568237305,35.71571350097656,35.932857513427734,31.10698890686035
2010-06-29,283336200,37.73143005371094,37.77000045776367,36.32857131958008,36.5957145690918,31.680810928344727
2010-06-28,146237000,38.13285827636719,38.53571319580078,37.788570404052734,38.32857131958008,33.18094253540039
2010-06-25,137485600,38.58000183105469,38.61000061035156,37.97285842895508,38.09999847412109,32.98307418823242
2010-06-24,178569300,38.71428680419922,39.02857208251953,38.29999923706055,38.42856979370117,33.267520904541016
2010-06-23,192114300,39.22571563720703,39.23714447021485,38.271427154541016,38.709999084472656,33.51115036010742
2010-06-22,179315500,38.880001068115234,39.42428588867188,38.78571319580078,39.121429443359375,33.8673095703125
2010-06-21,194122600,39.66999816894531,39.85857009887695,38.38999938964844,38.5957145690918,33.41221237182617
2010-06-18,196155400,38.89285659790039,39.28571319580078,38.77428436279297,39.15285873413086,33.8945198059082
2010-06-17,218213800,38.65714263916016,38.98571395874024,38.5,38.83856964111328,33.62245178222656
2010-06-16,195919500,37.29999923706055,38.25,37.23285675048828,38.17856979370117,33.051082611083984
2010-06-15,146268500,36.52000045776367,37.121429443359375,36.5,37.09857177734375,32.11613464355469
2010-06-14,150740100,36.56571578979492,37.021427154541016,36.28714370727539,36.325714111328125,31.44708824157715
2010-06-11,136439800,35.461429595947266,36.26571273803711,35.33856964111328,36.21571350097656,31.35184669494629
2010-06-10,194089000,34.977142333984375,35.854286193847656,34.599998474121094,35.78714370727539,30.98084259033203
2010-06-09,213657500,35.924285888671875,35.985713958740234,34.64142990112305,34.74285888671875,30.07679557800293
2010-06-08,250192600,36.17714309692383,36.25714111328125,35.092857360839844,35.61857223510742,30.83490753173828
2010-06-07,221735500,36.8985710144043,37.021427154541016,35.7928581237793,35.84857177734375,31.034019470214844
2010-06-04,189576100,36.88714218139648,37.41428756713867,36.37571334838867,36.56571578979492,31.654834747314453
2010-06-03,162526700,37.88285827636719,37.93571472167969,37.2014274597168,37.58856964111328,32.54032516479492
2010-06-02,172137000,37.79142761230469,37.82857131958008,37.18999862670898,37.7071418762207,32.642974853515625
2010-06-01,219118200,37.09857177734375,37.99142837524414,36.994285583496094,37.26142883300781,32.25712966918945
2010-05-28,203903700,37.05571365356445,37.05714416503906,36.19285583496094,36.6971435546875,31.76862335205078
2010-05-27,166570600,35.79999923706055,36.27000045776367,35.58714294433594,36.19285583496094,31.332061767578125
2010-05-26,212663500,35.72571563720703,36.01856994628906,34.82143020629883,34.87285614013672,30.18933868408203
2010-05-25,262001600,34.19285583496094,35.251426696777344,33.880001068115234,35.031429290771484,30.326622009277344
2010-05-24,188559700,35.325714111328125,35.842857360839844,35.18000030517578,35.251426696777344,30.517066955566406
2010-05-21,305972800,33.2599983215332,34.92856979370117,33.04999923706055,34.61714172363281,29.96797180175781
2010-05-20,320728800,34.55428695678711,34.83571243286133,33.744285583496094,33.96571350097656,29.404033660888672
2010-05-19,256431700,35.64285659790039,36.13142776489258,34.978572845458984,35.477142333984375,30.71247100830078
2010-05-18,195669600,36.71142959594727,36.93571472167969,35.751426696777344,36.05142974853516,31.209613800048828
2010-05-17,190708700,36.38571548461914,36.59714126586914,35.387142181396484,36.317142486572266,31.43965721130371
2010-05-14,189840700,36.4514274597168,36.63999938964844,35.64285659790039,36.2599983215332,31.390186309814453
2010-05-13,149928100,37.60285568237305,37.85714340209961,36.62857055664063,36.908573150634766,31.951658248901367
2010-05-12,163594900,37.03428649902344,37.59000015258789,36.9571418762207,37.4414291381836,32.41294479370117
2010-05-11,212226700,35.977142333984375,37.12714385986328,35.78571319580078,36.64571380615234,31.72410011291504
2010-05-10,246076600,35.75,36.37857055664063,35.5042839050293,36.28428649902344,31.411212921142575
2010-05-07,419004600,34.81571578979492,35.22428512573242,32.172855377197266,33.69428634643555,29.16905975341797
2010-05-06,321465200,36.26142883300781,36.89285659790039,28.464284896850582,35.17856979370117,30.45399475097656
2010-05-05,220775800,36.14714431762695,36.87714385986328,35.53285598754883,36.56999969482422,31.65855026245117
2010-05-04,180954900,37.55571365356445,37.61285781860352,36.67856979370117,36.95428466796875,31.991230010986328
2010-05-03,113585500,37.6914291381836,38.26856994628906,37.55428695678711,38.04999923706055,32.93977355957031
2010-04-30,135615900,38.47285842895508,38.65285873413086,37.28571319580078,37.2985725402832,32.28926467895508
2010-04-29,139710200,37.57428741455078,38.57143020629883,37.43000030517578,38.37714385986328,33.22299575805664
2010-04-28,189600600,37.60714340209961,37.71428680419922,36.630001068115234,37.371429443359375,32.35235595703125
2010-04-27,177335900,38.181427001953125,38.26285552978516,37.21714401245117,37.43428421020508,32.40675735473633
2010-04-26,119767200,38.84000015258789,38.92285537719727,38.31285858154297,38.5,33.32935333251953
2010-04-23,199238900,38.28428649902344,38.88285827636719,38.14285659790039,38.68999862670898,33.493831634521484
2010-04-22,198356200,36.89142990112305,38.10714340209961,36.59999847412109,38.067142486572266,32.95462417602539
2010-04-21,245597800,36.97142791748047,37.17856979370117,36.53285598754883,37.03142929077149,32.05801773071289
2010-04-20,184581600,35.505714416503906,35.60714340209961,34.70857238769531,34.941429138183594,30.24870109558105
2010-04-19,141731100,35.290000915527344,35.41285705566406,34.538570404052734,35.29571533203125,30.555408477783203
2010-04-16,187636400,35.5099983215332,35.87714385986328,34.93571472167969,35.342857360839844,30.59621810913086
2010-04-15,94196200,35.111427307128906,35.575714111328125,35.07285690307617,35.560001373291016,30.784204483032227
2010-04-14,101019100,35.040000915527344,35.11571502685547,34.86714172363281,35.09857177734375,30.38473320007324
2010-04-13,76552700,34.55142974853516,34.68571472167969,34.44428634643555,34.63285827636719,29.98157119750977
2010-04-12,83256600,34.599998474121094,34.72428512573242,34.54428482055664,34.61285781860352,29.964258193969727
2010-04-09,83545700,34.4900016784668,34.55571365356445,34.3514289855957,34.54142761230469,29.902427673339844
2010-04-08,143247300,34.34857177734375,34.505714416503906,34.005714416503906,34.27857208251953,29.67486953735352
2010-04-07,157125500,34.22142791748047,34.560001373291016,34.09428405761719,34.371429443359375,29.755250930786133
2010-04-06,111754300,34.02857208251953,34.31999969482422,33.85714340209961,34.220001220703125,29.62416648864746
2010-04-05,171126900,33.568572998046875,34.07285690307617,33.538570404052734,34.06999969482422,29.494308471679688
2010-04-01,150786300,33.915714263916016,34.104286193847656,33.25,33.709999084472656,29.182661056518555
2010-03-31,107664900,33.64142990112305,33.80142974853516,33.494285583496094,33.57143020629883,29.062700271606445
2010-03-30,131827500,33.79999923706055,33.92571258544922,33.46428680419922,33.69285583496094,29.16781616210937
2010-03-29,135186100,33.28571319580078,33.40999984741211,33.08856964111328,33.198570251464844,28.73990631103516
2010-03-26,160218800,32.7071418762207,33.13571548461914,32.650001525878906,32.985713958740234,28.555644989013672
2010-03-25,135571100,32.98857116699219,32.9957160949707,32.32143020629883,32.378570556640625,28.03004264831543
2010-03-24,149445100,32.52000045776367,32.88571548461914,32.501426696777344,32.76714324951172,28.366424560546875
2010-03-23,150607800,32.23428726196289,32.682857513427734,32.014286041259766,32.62285614013672,28.24152374267578
2010-03-22,114104900,31.49571418762207,32.28571319580078,31.450000762939453,32.10714340209961,27.79507064819336
2010-03-19,139861400,32.11285781860352,32.17714309692383,31.604286193847656,31.75,27.48589515686035
2010-03-18,85527400,32.014286041259766,32.14285659790039,31.801427841186523,32.092857360839844,27.782703399658203
2010-03-17,112739200,32.128570556640625,32.349998474121094,31.895713806152344,32.01714324951172,27.717153549194336
2010-03-16,111727000,32.02571487426758,32.13999938964844,31.78714370727539,32.06428527832031,27.757970809936523
2010-03-15,123375700,32.1971435546875,32.21428680419922,31.464284896850582,31.97714233398437,27.682527542114254
2010-03-12,104080900,32.48143005371094,32.53285598754883,32.25,32.371429443359375,28.02386283874512
2010-03-11,101425100,31.98714256286621,32.21428680419922,31.902856826782227,32.21428680419922,27.88782501220703
2010-03-10,149054500,31.9757137298584,32.211429595947266,31.885713577270508,32.119998931884766,27.806201934814453
2010-03-09,230064800,31.187143325805664,32.14285659790039,31.12714195251465,31.86000061035156,27.58111953735352
2010-03-08,107472400,31.43000030517578,31.441429138183597,31.178571701049805,31.297142028808597,27.093854904174805
2010-03-05,224905100,30.70571517944336,31.385713577270508,30.66142845153809,31.27857208251953,27.07777976989746
2010-03-04,91510300,29.89714241027832,30.131427764892575,29.80428504943848,30.101428985595703,26.058725357055664
2010-03-03,93013200,29.84857177734375,29.981428146362305,29.70571517944336,29.904285430908203,25.8880615234375
2010-03-02,141636600,29.989999771118164,30.118572235107425,29.677143096923828,29.83571434020996,25.828702926635746
2010-03-01,137523400,29.39285659790039,29.928571701049805,29.350000381469727,29.855714797973636,25.84601211547852
2010-02-26,126865200,28.91142845153809,29.309999465942383,28.85714340209961,29.231428146362305,25.305572509765625
2010-02-25,166281500,28.1971435546875,28.979999542236328,28.12714195251465,28.85714340209961,24.98155403137207
2010-02-24,115141600,28.31857109069824,28.777143478393555,28.26285743713379,28.665714263916016,24.81583595275879
2010-02-23,143773700,28.571428298950195,28.76142883300781,27.95857048034668,28.15142822265625,24.370620727539062
2010-02-22,97640900,28.90571403503418,28.928571701049805,28.45571517944336,28.631427764892575,24.78615951538086
2010-02-19,103867400,28.837142944335938,29.02857208251953,28.729999542236328,28.809999465942383,24.94074249267578
2010-02-18,105706300,28.80428504943848,29.12714195251465,28.702857971191406,28.989999771118164,25.09656143188477
2010-02-17,109099200,29.170000076293945,29.187143325805664,28.694286346435547,28.935714721679688,25.049570083618164
2010-02-16,135934400,28.84857177734375,29.09857177734375,28.788572311401367,29.05714225769043,25.154691696166992
2010-02-12,163867200,28.301427841186523,28.805713653564453,27.928571701049805,28.625713348388672,24.78120422363281
2010-02-11,137586400,27.84000015258789,28.53571510314941,27.722856521606445,28.381427764892575,24.56972885131836
2010-02-10,92590400,27.984285354614254,28.08571434020996,27.751428604125977,27.874286651611328,24.13070106506348
2010-02-09,158221700,28.059999465942383,28.214284896850582,27.821428298950195,28.027143478393555,24.26302528381348
2010-02-08,119567700,27.95571517944336,28.26857185363769,27.714284896850582,27.731428146362305,24.00702667236328
2010-02-05,212576700,27.51857185363769,28.0,27.26428604125977,27.9228572845459,24.17274475097656
2010-02-04,189413000,28.104286193847656,28.338571548461918,27.367143630981445,27.435714721679688,23.751026153564453
2010-02-03,153832000,27.881427764892575,28.600000381469727,27.7742862701416,28.461427688598636,24.638978958129883
2010-02-02,174585600,27.98714256286621,28.045713424682617,27.625713348388672,27.979999542236328,24.222211837768555
2010-02-01,187469100,27.481428146362305,28.0,27.32857131958008,27.81857109069824,24.08246421813965
2010-01-29,311488100,28.7257137298584,28.885713577270508,27.178571701049805,27.437143325805664,23.752269744873047
2010-01-28,293375600,29.275714874267575,29.35714340209961,28.385713577270508,28.46999931335449,24.64640617370605
2010-01-27,430642100,29.549999237060547,30.082857131958008,28.50428581237793,29.6971435546875,25.7087345123291
2010-01-26,466777500,29.42142868041992,30.530000686645508,28.940000534057617,29.420000076293945,25.468812942504883
2010-01-25,266424900,28.93000030517578,29.24285697937012,28.59857177734375,29.01000022888184,25.113882064819336
2010-01-22,220441900,29.540000915527344,29.64285659790039,28.165714263916016,28.25,24.45594787597656
2010-01-21,152038600,30.297142028808597,30.472856521606445,29.601428985595703,29.724285125732425,25.73223304748535
2010-01-20,153038200,30.70142936706543,30.792856216430664,29.928571701049805,30.247142791748047,26.18486976623535
2010-01-19,182501900,29.76142883300781,30.74142837524414,29.605714797973636,30.71999931335449,26.594226837158203
2010-01-15,148516900,30.132856369018555,30.22857093811035,29.40999984741211,29.41857147216797,25.46758270263672
2010-01-14,108223500,30.015714645385746,30.06571388244629,29.86000061035156,29.91857147216797,25.900436401367188
2010-01-13,151473000,29.695714950561523,30.132856369018555,29.15714263916016,30.092857360839844,26.05130386352539
2010-01-12,148614900,29.88428497314453,29.96714210510254,29.488571166992188,29.674285888671875,25.688945770263672
2010-01-11,115557400,30.399999618530277,30.428571701049805,29.77857208251953,30.015714645385746,25.984527587890625
2010-01-08,111902700,30.042856216430664,30.28571510314941,29.86571502685547,30.28285789489746,26.21578598022461
2010-01-07,119282800,30.25,30.28571510314941,29.86428642272949,30.082857131958008,26.04264640808105
2010-01-06,138040000,30.625713348388672,30.747142791748047,30.10714340209961,30.13857078552246,26.090879440307617
2010-01-05,150476200,30.65714263916016,30.79857063293457,30.464284896850582,30.625713348388672,26.512596130371094
2010-01-04,123432400,30.489999771118164,30.64285659790039,30.34000015258789,30.57285690307617,26.466835021972656
