date,volume,open,high,low,close,adjclose
2020-07-01,1001100,100.9499969482422,101.47000122070312,99.12999725341795,99.4499969482422,99.4499969482422
2020-06-30,1036400,98.6999969482422,101.1999969482422,98.56999969482422,100.7699966430664,100.7699966430664
2020-06-29,1103100,99.61000061035156,100.62000274658205,98.43000030517578,98.98999786376952,98.98999786376952
2020-06-26,2830100,100.47000122070312,100.9499969482422,98.1999969482422,99.18000030517578,99.18000030517578
2020-06-25,985000,98.54000091552734,100.87999725341795,98.4800033569336,100.66999816894533,100.66999816894533
2020-06-24,1394400,100.73999786376952,101.45999908447266,98.0,98.83999633789062,98.83999633789062
2020-06-23,2404400,102.2699966430664,102.8000030517578,100.8499984741211,101.5,101.5
2020-06-22,936400,101.79000091552734,101.86000061035156,100.12999725341795,101.7300033569336,101.7300033569336
2020-06-19,1739700,101.73999786376952,103.37000274658205,101.0500030517578,102.1500015258789,102.1500015258789
2020-06-18,856400,99.68000030517578,100.83000183105467,98.73999786376952,100.25,100.25
2020-06-17,1166200,99.5199966430664,100.4800033569336,98.62000274658205,100.1500015258789,100.1500015258789
2020-06-16,1157300,98.48999786376952,99.5199966430664,96.62999725341795,99.11000061035156,99.11000061035156
2020-06-15,1151000,93.44000244140624,96.51000213623048,92.9000015258789,96.20999908447266,96.20999908447266
2020-06-12,1545600,95.4800033569336,95.63999938964844,92.62000274658205,94.87000274658205,94.87000274658205
2020-06-11,1305200,95.79000091552734,95.79000091552734,92.56999969482422,93.51000213623048,93.51000213623048
2020-06-10,905000,100.37999725341795,100.58000183105467,96.93000030517578,96.9499969482422,96.9499969482422
2020-06-09,953600,101.0,101.5999984741211,99.5500030517578,99.9000015258789,99.9000015258789
2020-06-08,1357100,97.98999786376952,102.98999786376952,97.76000213623048,102.3000030517578,102.3000030517578
2020-06-05,1474000,99.56999969482422,102.20999908447266,98.51000213623048,98.97000122070312,98.97000122070312
2020-06-04,1473400,98.6500015258789,99.98999786376952,98.1999969482422,99.4499969482422,99.4499969482422
2020-06-03,1168000,99.08000183105467,99.98999786376952,98.6500015258789,99.48999786376952,99.48999786376952
2020-06-02,2078000,94.8499984741211,98.73999786376952,94.30999755859376,98.66000366210938,98.66000366210938
2020-06-01,1012600,94.83999633789062,95.87000274658205,94.83999633789062,95.1500015258789,95.1500015258789
2020-05-29,1582100,94.6999969482422,95.5999984741211,93.61000061035156,95.33999633789062,95.33999633789062
2020-05-28,1312700,94.36000061035156,96.48999786376952,93.83000183105467,94.4000015258789,94.4000015258789
2020-05-27,1166100,90.95999908447266,93.4499969482422,90.75,93.33000183105467,93.33000183105467
2020-05-26,1024800,95.0,95.0,90.58999633789062,90.77999877929688,90.77999877929688
2020-05-22,1027100,92.16000366210938,93.69000244140624,92.16000366210938,93.13999938964844,93.13999938964844
2020-05-21,1076900,92.16999816894533,93.2699966430664,91.19000244140624,92.25,92.25
2020-05-20,2352700,90.0,95.12999725341795,89.0199966430664,92.7300033569336,92.7300033569336
2020-05-19,983700,88.80999755859375,90.38999938964844,88.5,89.62999725341797,89.62999725341797
2020-05-18,1066800,88.02999877929688,90.0,87.8499984741211,89.19999694824219,89.19999694824219
2020-05-15,1694200,83.36000061035156,85.81999969482422,83.05000305175781,85.75,85.75
2020-05-14,1488200,83.01000213623047,84.1500015258789,81.51000213623047,84.02999877929688,83.61000061035156
2020-05-13,1520700,88.16999816894531,89.0,83.66999816894531,84.1500015258789,83.72940063476562
2020-05-12,1141900,91.45999908447266,91.98999786376952,88.52999877929688,88.58000183105469,88.13726043701172
2020-05-11,1264200,89.06999969482422,91.86000061035156,88.5199966430664,90.63999938964844,90.18695831298828
2020-05-08,1175300,90.54000091552734,92.4000015258789,87.08999633789062,88.08999633789062,87.64970397949219
2020-05-07,1755300,86.5999984741211,89.83000183105469,86.5999984741211,88.73999786376953,88.29645538330078
2020-05-06,1362800,88.3499984741211,88.55999755859375,85.19999694824219,85.5,85.0726547241211
2020-05-05,1349600,87.5,89.44999694824219,85.61000061035156,87.97000122070312,87.53031158447266
2020-05-04,1354000,85.97000122070312,87.05000305175781,85.30999755859375,86.41999816894531,85.98805236816406
2020-05-01,1120800,88.3499984741211,88.3499984741211,85.11000061035156,86.37999725341797,85.94824981689453
2020-04-30,1683700,88.70999908447266,91.02999877929688,88.61000061035156,89.66000366210938,89.21186065673828
2020-04-29,1879900,90.04000091552734,91.27999877929688,88.3499984741211,89.33999633789062,88.8934555053711
2020-04-28,1457100,92.0,92.08000183105467,89.23999786376953,89.52999877929688,89.08251190185547
2020-04-27,1913100,89.58999633789062,91.3499984741211,88.76000213623047,90.77999877929688,90.32626342773438
2020-04-24,1325800,87.43000030517578,89.44999694824219,85.73999786376953,88.69999694824219,88.25665283203125
2020-04-23,1036400,87.38999938964844,89.13999938964844,86.87999725341797,87.26000213623047,86.82386016845703
2020-04-22,911000,86.9800033569336,88.12999725341797,86.19000244140625,86.5,86.06765747070312
2020-04-21,1257800,88.44000244140625,88.62000274658203,84.43000030517578,85.56999969482422,85.14230346679688
2020-04-20,1032000,87.98999786376953,90.11000061035156,87.0999984741211,89.62000274658203,89.17206573486328
2020-04-17,1669500,88.76000213623047,89.88999938964844,87.27999877929688,89.19000244140625,88.74420928955078
2020-04-16,1674000,88.26000213623047,89.26000213623047,85.54000091552734,86.27999877929688,85.8487548828125
2020-04-15,967600,87.94000244140625,89.70999908447266,85.58999633789062,88.33000183105469,87.88851165771484
2020-04-14,985300,87.58999633789062,89.9000015258789,87.06999969482422,89.41999816894531,88.97306060791016
2020-04-13,2118700,87.55999755859375,87.55999755859375,84.22000122070312,85.44999694824219,85.02290344238281
2020-04-09,1348700,88.18000030517578,89.41000366210938,86.66000366210938,87.80999755859375,87.37110137939453
2020-04-08,1729500,86.94000244140625,89.12999725341797,85.16000366210938,88.33000183105469,87.88851165771484
2020-04-07,1311100,88.87000274658203,89.43000030517578,86.62000274658203,87.19999694824219,86.76415252685547
2020-04-06,1514800,85.31999969482422,86.83000183105469,83.06999969482422,86.29000091552734,85.85870361328125
2020-04-03,1517200,83.2699966430664,84.62999725341797,80.38999938964844,81.33999633789062,80.93344116210938
2020-04-02,2570500,84.63999938964844,86.52999877929688,80.0,83.88999938964844,83.470703125
2020-04-01,1336300,88.20999908447266,88.70999908447266,84.19000244140625,86.2300033569336,85.79901123046875
2020-03-31,2074700,88.23999786376953,90.7300033569336,87.11000061035156,88.5,88.05765533447266
2020-03-30,1770200,83.52999877929688,88.55000305175781,82.44000244140625,88.0999984741211,87.65965270996094
2020-03-27,1600500,80.94000244140625,84.05999755859375,80.18000030517578,81.77999877929688,81.37124633789062
2020-03-26,3263800,75.87000274658203,85.18000030517578,75.5999984741211,84.16000366210938,83.7393569946289
2020-03-25,2284100,79.54000091552734,81.47000122070312,75.11000061035156,75.3499984741211,74.97338104248047
2020-03-24,1951800,77.70999908447266,80.62000274658203,76.16000366210938,79.8499984741211,79.45088958740234
2020-03-23,2234800,80.29000091552734,80.29000091552734,72.05999755859375,73.93000030517578,73.56048583984375
2020-03-20,3203800,86.83999633789062,87.62999725341797,79.31999969482422,80.61000061035156,80.20709228515625
2020-03-19,2189100,83.08999633789062,86.73999786376953,80.37000274658203,86.0,85.57015228271484
2020-03-18,3229200,84.9000015258789,90.76000213623048,78.13999938964844,84.97000122070312,84.54530334472656
2020-03-17,3792400,82.79000091552734,89.7300033569336,82.19999694824219,89.5,89.05265808105469
2020-03-16,2777400,76.0,87.41999816894531,76.0,80.5,80.09764099121094
2020-03-13,2835300,83.69999694824219,90.16999816894533,80.66000366210938,90.0,89.55016326904297
2020-03-12,7108200,80.45999908447266,84.27999877929688,79.08999633789062,80.48999786376953,80.08769226074219
2020-03-11,2384900,84.08000183105469,86.12000274658203,83.05000305175781,84.95999908447266,84.53535461425781
2020-03-10,2214400,85.3499984741211,86.2699966430664,80.88999938964844,86.06999969482422,85.63980102539062
2020-03-09,3673000,79.69000244140625,85.83000183105469,77.55999755859375,83.2699966430664,82.85379791259766
2020-03-06,1760100,84.29000091552734,86.2300033569336,83.38999938964844,85.80999755859375,85.381103515625
2020-03-05,1365800,88.0,90.08000183105467,85.25,86.97000122070312,86.53530883789062
2020-03-04,1411300,89.30000305175781,90.43000030517578,87.98999786376953,90.37999725341795,89.92826080322266
2020-03-03,2190400,87.41999816894531,88.94999694824219,84.44999694824219,85.87000274658203,85.44080352783203
2020-03-02,4528000,84.52999877929688,88.31999969482422,83.88999938964844,87.16000366210938,86.72435760498047
2020-02-28,3829400,83.55000305175781,85.0,81.47000122070312,84.31999969482422,83.89855194091797
2020-02-27,2566200,92.0500030517578,92.94000244140624,86.55999755859375,86.58999633789062,86.1572036743164
2020-02-26,1907100,93.8000030517578,95.01000213623048,93.13999938964844,93.70999908447266,93.24161529541016
2020-02-25,2239400,95.36000061035156,95.7699966430664,92.77999877929688,92.93000030517578,92.46551513671876
2020-02-24,1541700,94.72000122070312,96.04000091552734,94.0,94.93000030517578,94.4555206298828
2020-02-21,1213700,96.1500015258789,97.38999938964844,95.3000030517578,97.0,96.51517486572266
2020-02-20,1808100,95.0,96.98999786376952,93.9499969482422,96.52999877929688,96.04752349853516
2020-02-19,915800,94.58999633789062,95.1999969482422,93.83999633789062,95.12999725341795,94.6545181274414
2020-02-18,1566000,94.29000091552734,94.88999938964844,93.13999938964844,94.30999755859376,93.83861541748048
2020-02-14,1602200,94.16000366210938,94.73999786376952,90.2300033569336,94.36000061035156,93.88836669921876
2020-02-13,1155600,94.91999816894533,95.4800033569336,94.41999816894533,94.5199966430664,94.04756927490234
2020-02-12,1315100,95.0,97.5,94.04000091552734,95.77999877929688,94.88336944580078
2020-02-11,1156100,94.33000183105467,94.61000061035156,92.72000122070312,94.56999969482422,93.68470001220705
2020-02-10,1371600,91.6999969482422,94.18000030517578,91.36000061035156,93.5999984741211,92.7237777709961
2020-02-07,1467200,93.9000015258789,94.72000122070312,91.76000213623048,91.94000244140624,91.0793228149414
2020-02-06,1246100,92.12000274658205,93.76000213623048,91.5500030517578,92.4800033569336,91.61426544189452
2020-02-05,1608200,89.12999725341797,92.47000122070312,89.12999725341797,91.44000244140624,90.58399963378906
2020-02-04,1498600,87.1500015258789,89.13999938964844,87.01000213623047,88.08999633789062,87.2653579711914
2020-02-03,1014600,85.94000244140625,86.91999816894531,85.23999786376953,85.69999694824219,84.8977279663086
2020-01-31,1217800,89.29000091552734,89.29000091552734,85.2699966430664,85.55999755859375,84.75904083251953
2020-01-30,2138300,89.33000183105469,92.36000061035156,86.9000015258789,88.87999725341797,88.04796600341797
2020-01-29,1691200,89.48999786376953,90.8499984741211,89.19999694824219,89.86000061035156,89.01879119873047
2020-01-28,1144800,88.29000091552734,89.69999694824219,87.83000183105469,89.11000061035156,88.27581024169922
2020-01-27,1622700,87.94000244140625,88.25,86.52999877929688,87.5199966430664,86.70069122314453
2020-01-24,2306800,91.54000091552734,91.54000091552734,86.08000183105469,88.91999816894531,88.08759307861328
2020-01-23,1552900,92.19000244140624,92.19000244140624,90.66999816894533,91.16000366210938,90.30662536621094
2020-01-22,1551600,91.56999969482422,92.41999816894533,91.16999816894533,92.02999877929688,91.16847229003906
2020-01-21,1205600,90.81999969482422,91.37000274658205,90.1999969482422,91.25,90.3957748413086
2020-01-17,1455500,91.0,91.58000183105467,90.41000366210938,91.05999755859376,90.20755767822266
2020-01-16,1205000,91.9000015258789,91.9000015258789,90.54000091552734,91.45999908447266,90.60381317138672
2020-01-15,1434900,88.79000091552734,91.63999938964844,88.68000030517578,91.37000274658205,90.51465606689452
2020-01-14,1921800,86.5999984741211,88.9800033569336,86.0199966430664,88.83000183105469,87.99842834472656
2020-01-13,1026200,86.97000122070312,87.25,85.5,86.1500015258789,85.34352111816406
2020-01-10,965100,87.04000091552734,87.38999938964844,86.5999984741211,87.04000091552734,86.22518920898438
2020-01-09,795400,85.62000274658203,86.7300033569336,84.81999969482422,86.66000366210938,85.84874725341797
2020-01-08,1182000,84.55999755859375,85.81999969482422,84.52999877929688,85.44999694824219,84.65007019042969
2020-01-07,845300,84.76000213623047,85.25,84.19000244140625,84.62999725341797,83.8377456665039
2020-01-06,765000,83.68000030517578,85.30999755859375,83.01000213623047,85.23999786376953,84.4420394897461
2020-01-03,801500,83.80999755859375,85.06999969482422,83.2699966430664,84.01000213623047,83.22355651855469
2020-01-02,817600,85.63999938964844,85.80000305175781,84.33999633789062,85.08000183105469,84.28353881835938
2019-12-31,1002000,83.37999725341797,85.02999877929688,83.22000122070312,85.0199966430664,84.2240982055664
2019-12-30,592400,84.94999694824219,85.2300033569336,83.58000183105469,83.63999938964844,82.85701751708984
2019-12-27,388400,85.12999725341797,85.48999786376953,84.83000183105469,84.91000366210938,84.11512756347656
2019-12-26,487200,85.54000091552734,85.66999816894531,84.94000244140625,85.05000305175781,84.25382232666016
2019-12-24,283400,86.04000091552734,86.30000305175781,85.27999877929688,85.41999816894531,84.62035369873047
2019-12-23,865400,86.0199966430664,86.11000061035156,84.9800033569336,85.5999984741211,84.79866790771484
2019-12-20,1666800,84.5199966430664,85.76000213623047,83.80000305175781,85.66999816894531,84.86801147460938
2019-12-19,1444200,83.58000183105469,84.20999908447266,83.11000061035156,83.80000305175781,83.01551818847656
2019-12-18,1527600,82.66999816894531,84.8499984741211,82.56999969482422,83.55000305175781,82.76786041259766
2019-12-17,1947200,85.95999908447266,86.08999633789062,82.9800033569336,83.1500015258789,82.3716049194336
2019-12-16,970800,85.43000030517578,86.66000366210938,85.04000091552734,85.95999908447266,85.1552963256836
2019-12-13,977000,86.80999755859375,87.61000061035156,84.76000213623047,84.8499984741211,84.0556869506836
2019-12-12,507500,87.0999984741211,87.80999755859375,86.12999725341797,86.79000091552734,85.97753143310547
2019-12-11,984400,86.43000030517578,87.04000091552734,85.93000030517578,86.66000366210938,85.84874725341797
2019-12-10,1767800,86.37000274658203,87.05000305175781,84.9000015258789,86.76000213623047,85.94781494140625
2019-12-09,1076200,88.23999786376953,88.23999786376953,86.27999877929688,86.38999938964844,85.5812759399414
2019-12-06,723000,88.25,89.20999908447266,87.88999938964844,88.23999786376953,87.41394805908203
2019-12-05,997200,88.08999633789062,88.88999938964844,87.2300033569336,87.81999969482422,86.99788665771484
2019-12-04,743000,87.63999938964844,88.97000122070312,87.55999755859375,88.36000061035156,87.53282928466797
2019-12-03,902100,87.19000244140625,87.55999755859375,86.54000091552734,87.43000030517578,86.61154174804688
2019-12-02,1109600,87.87000274658203,88.5999984741211,86.94000244140625,87.83000183105469,87.00779724121094
2019-11-29,355800,87.95999908447266,88.75,87.77999877929688,87.91000366210938,87.08705139160156
2019-11-27,629700,87.5,88.55000305175781,86.87999725341797,88.51000213623047,87.68142700195312
2019-11-26,1885200,90.72000122070312,90.72000122070312,86.79000091552734,87.8499984741211,87.0276107788086
2019-11-25,890000,90.5199966430664,90.80999755859376,89.87000274658203,90.63999938964844,89.79148864746094
2019-11-22,1194300,89.0999984741211,90.5199966430664,88.66999816894531,90.26000213623048,89.41504669189453
2019-11-21,992800,87.56999969482422,88.70999908447266,87.01000213623047,88.30999755859375,87.4832992553711
2019-11-20,1176200,87.44000244140625,88.3499984741211,86.87999725341797,87.55000305175781,86.73041534423828
2019-11-19,640900,87.56999969482422,88.13999938964844,87.0,87.80999755859375,86.98798370361328
2019-11-18,676500,87.04000091552734,88.19999694824219,87.04000091552734,87.7699966430664,86.94835662841797
2019-11-15,1100000,86.0,87.73999786376953,85.44999694824219,87.30000305175781,86.48275756835938
2019-11-14,1002400,86.83999633789062,87.12000274658203,85.79000091552734,86.12999725341797,84.92744445800781
2019-11-13,712000,85.13999938964844,86.7300033569336,84.7300033569336,86.08999633789062,84.88800048828125
2019-11-12,1105700,84.5,86.48999786376953,84.11000061035156,85.54000091552734,84.34568786621094
2019-11-11,1846200,84.83999633789062,85.0999984741211,82.0999984741211,84.04000091552734,82.86663055419922
2019-11-08,983700,83.62999725341797,86.1500015258789,83.05999755859375,86.06999969482422,84.8682861328125
2019-11-07,1941700,86.33999633789062,87.7699966430664,83.86000061035156,84.08000183105469,82.90606689453125
2019-11-06,1454000,86.63999938964844,86.94999694824219,84.58000183105469,84.70999908447266,83.52727508544922
2019-11-05,2029600,87.9000015258789,88.77999877929688,83.80000305175781,86.12999725341797,84.92744445800781
2019-11-04,883300,87.19999694824219,87.7300033569336,85.45999908447266,87.5,86.27832794189453
2019-11-01,1232000,85.91999816894531,87.41999816894531,85.54000091552734,86.87000274658203,85.65711975097656
2019-10-31,957100,85.44999694824219,85.7699966430664,84.5199966430664,85.37999725341797,84.18791198730469
2019-10-30,1382200,88.0,88.0,84.83000183105469,85.8499984741211,84.65135955810547
2019-10-29,927500,87.41999816894531,88.87999725341797,87.12999725341797,88.87000274658203,87.62919616699219
2019-10-28,450400,87.19999694824219,88.19999694824219,86.80000305175781,87.38999938964844,86.16985321044922
2019-10-25,416400,85.91000366210938,87.22000122070312,85.30999755859375,86.80000305175781,85.58809661865234
2019-10-24,732800,85.95999908447266,86.29000091552734,84.83999633789062,85.9800033569336,84.77954864501953
2019-10-23,778800,85.7300033569336,86.02999877929688,84.80999755859375,85.6500015258789,84.45415496826172
2019-10-22,847100,86.80999755859375,87.11000061035156,85.58999633789062,86.05999755859375,84.8584213256836
2019-10-21,2337600,88.19999694824219,89.0,84.37000274658203,86.66000366210938,85.4500503540039
2019-10-18,1550400,89.51000213623047,90.0,88.33999633789062,89.63999938964844,88.3884506225586
2019-10-17,3243000,86.11000061035156,89.83000183105469,86.11000061035156,89.5,88.25040435791016
2019-10-16,2691700,84.11000061035156,88.69000244140625,84.0199966430664,86.05000305175781,84.84856414794922
2019-10-15,777800,82.20999908447266,83.61000061035156,81.86000061035156,83.19999694824219,82.03836059570312
2019-10-14,506000,81.79000091552734,82.1500015258789,81.37999725341797,81.58000183105469,80.44097137451172
2019-10-11,958100,81.80000305175781,83.1500015258789,81.16000366210938,81.95999908447266,80.815673828125
2019-10-10,741800,80.55000305175781,81.56999969482422,79.83999633789062,80.81999969482422,79.69158935546875
2019-10-09,657500,80.83000183105469,81.18000030517578,80.29000091552734,80.37000274658203,79.24787902832031
2019-10-08,1345000,81.26000213623047,81.87000274658203,80.12999725341797,80.16999816894531,79.05066680908203
2019-10-07,1212300,81.38999938964844,82.69000244140625,80.73999786376953,81.86000061035156,80.71707153320312
2019-10-04,767300,81.30000305175781,81.87999725341797,80.2699966430664,81.8499984741211,80.70720672607422
2019-10-03,760500,80.80999755859375,81.56999969482422,79.75,81.33999633789062,80.2043228149414
2019-10-02,1366400,81.31999969482422,81.77999877929688,80.44999694824219,80.9800033569336,79.84935760498047
2019-10-01,1298200,82.4800033569336,84.20999908447266,82.06999969482422,82.12000274658203,80.97344207763672
2019-09-30,1141900,81.0,83.41000366210938,81.0,82.33000183105469,81.18050384521484
2019-09-27,1400300,82.33000183105469,82.36000061035156,80.43000030517578,80.94000244140625,79.8099136352539
2019-09-26,943300,83.43000030517578,83.87000274658203,80.86000061035156,82.0,80.85511779785156
2019-09-25,881900,82.16999816894531,84.06999969482422,82.16999816894531,83.2300033569336,82.06793975830078
2019-09-24,910300,84.2300033569336,85.12999725341797,82.5199966430664,82.69999694824219,81.54534149169922
2019-09-23,920100,84.87000274658203,85.26000213623047,83.29000091552734,83.8499984741211,82.67929077148438
2019-09-20,2180200,84.94999694824219,86.45999908447266,84.76000213623047,85.12000274658203,83.93155670166016
2019-09-19,1315100,83.25,85.19999694824219,82.8499984741211,84.62999725341797,83.4483871459961
2019-09-18,1392700,83.27999877929688,83.27999877929688,81.91000366210938,83.0,81.84114837646484
2019-09-17,1049900,84.16999816894531,84.55999755859375,83.1500015258789,83.18000030517578,82.01864624023438
2019-09-16,1120900,82.68000030517578,83.88999938964844,82.37000274658203,83.79000091552734,82.62012481689453
2019-09-13,1262200,85.19000244140625,86.33000183105469,82.94999694824219,83.41999816894531,82.25528717041016
2019-09-12,1118900,87.87999725341797,88.2300033569336,84.5199966430664,84.63999938964844,83.458251953125
2019-09-11,1026100,86.05000305175781,88.45999908447266,85.33000183105469,87.79000091552734,86.56427764892578
2019-09-10,1895200,86.45999908447266,86.81999969482422,84.2300033569336,85.87999725341797,84.68093872070312
2019-09-09,1231500,86.30999755859375,87.56999969482422,86.16000366210938,87.12999725341797,85.91348266601562
2019-09-06,963900,86.12000274658203,86.61000061035156,85.55999755859375,86.31999969482422,85.11479949951172
2019-09-05,935200,86.29000091552734,87.16999816894531,85.79000091552734,86.04000091552734,84.83871459960938
2019-09-04,848400,84.36000061035156,85.44999694824219,84.33999633789062,85.18000030517578,83.99071502685547
2019-09-03,1613400,81.87000274658203,84.5,81.55999755859375,84.04000091552734,82.86663055419922
2019-08-30,1091700,82.30000305175781,82.48999786376953,81.61000061035156,82.2699966430664,81.121337890625
2019-08-29,1179400,81.83000183105469,82.7699966430664,81.12999725341797,81.91000366210938,80.76637268066406
2019-08-28,1918000,81.02999877929688,82.02999877929688,80.41000366210938,81.01000213623047,79.87893676757812
2019-08-27,1848300,85.94000244140625,86.58999633789062,81.19999694824219,81.27999877929688,80.1451644897461
2019-08-26,1183900,84.41000366210938,85.91999816894531,84.0999984741211,85.9000015258789,84.7006607055664
2019-08-23,1177000,85.45999908447266,86.4000015258789,83.0999984741211,83.54000091552734,82.37361907958984
2019-08-22,1008300,86.55999755859375,87.12000274658203,85.33000183105469,85.55000305175781,84.35554504394531
2019-08-21,1033200,86.44000244140625,87.58000183105469,86.2300033569336,86.31999969482422,85.11479949951172
2019-08-20,1017800,88.04000091552734,88.61000061035156,86.22000122070312,86.30000305175781,85.09507751464844
2019-08-19,904000,88.20999908447266,88.97000122070312,87.62999725341797,87.75,86.52483367919922
2019-08-16,811800,86.1500015258789,87.9000015258789,85.33999633789062,87.33999633789062,86.12055969238281
2019-08-15,1098500,86.43000030517578,86.87999725341797,85.33999633789062,85.97000122070312,84.3752670288086
2019-08-14,1368800,88.4800033569336,88.4800033569336,86.13999938964844,86.33999633789062,84.73839569091797
2019-08-13,1411500,87.61000061035156,89.95999908447266,86.94999694824219,89.26000213623047,87.60424041748047
2019-08-12,862900,87.37000274658203,87.87000274658203,86.55000305175781,87.37999725341797,85.75911712646484
2019-08-09,898800,87.94000244140625,88.16999816894531,86.54000091552734,87.44999694824219,85.82781219482422
2019-08-08,1446000,85.80000305175781,88.38999938964844,85.4800033569336,87.88999938964844,86.25965118408203
2019-08-07,1998900,83.77999877929688,86.04000091552734,81.80000305175781,85.8499984741211,84.25749969482422
2019-08-06,4485000,89.30000305175781,90.98999786376952,82.6500015258789,84.11000061035156,82.54976654052734
2019-08-05,1392200,89.58000183105469,90.86000061035156,87.81999969482422,88.69999694824219,87.05462646484375
2019-08-02,1252700,91.9499969482422,92.88999938964844,88.69999694824219,90.44000244140624,88.7623519897461
2019-08-01,3230300,90.87999725341795,94.75,90.58000183105467,91.6999969482422,89.99897766113281
2019-07-31,1503100,88.72000122070312,88.7300033569336,85.52999877929688,87.1500015258789,85.53337860107422
2019-07-30,1414300,86.5,89.01000213623047,85.4800033569336,88.72000122070312,87.07424926757812
2019-07-29,803000,86.11000061035156,87.26000213623047,86.0999984741211,87.2300033569336,85.61190032958984
2019-07-26,723400,86.26000213623047,86.69000244140625,85.58999633789062,86.12000274658203,84.52249145507812
2019-07-25,595900,87.2300033569336,87.62000274658203,85.54000091552734,85.93000030517578,84.33600616455078
2019-07-24,757400,86.01000213623047,87.04000091552734,85.5999984741211,86.88999938964844,85.27819061279297
2019-07-23,812500,85.2699966430664,86.16000366210938,84.7699966430664,85.80999755859375,84.21823120117188
2019-07-22,840300,85.8499984741211,86.18000030517578,84.93000030517578,85.05000305175781,83.47233581542969
2019-07-19,928300,86.63999938964844,86.63999938964844,85.08999633789062,85.5199966430664,83.9336166381836
2019-07-18,1190900,85.4800033569336,87.0,84.55000305175781,86.76000213623047,85.1506118774414
2019-07-17,2198400,88.38999938964844,88.5199966430664,84.62000274658203,85.45999908447266,83.8747329711914
2019-07-16,942800,89.87000274658203,89.9000015258789,88.76000213623047,89.0,87.34906768798828
2019-07-15,810000,90.01000213623047,90.4000015258789,88.95999908447266,89.93000030517578,88.2618179321289
2019-07-12,1495000,90.4000015258789,91.3000030517578,88.87000274658203,89.8499984741211,88.18329620361328
2019-07-11,2191200,91.76000213623048,94.1999969482422,89.79000091552734,90.52999877929688,88.85067749023438
2019-07-10,1542400,88.83000183105469,89.7699966430664,88.0999984741211,89.30000305175781,87.64350128173828
2019-07-09,1121500,87.41999816894531,88.75,87.16999816894531,88.2300033569336,86.59335327148438
2019-07-08,968700,87.62000274658203,88.05999755859375,86.54000091552734,87.83000183105469,86.20076751708984
2019-07-05,710400,87.4000015258789,88.86000061035156,86.58000183105469,87.97000122070312,86.33818054199219
2019-07-03,1066500,86.11000061035156,88.77999877929688,86.08000183105469,87.58999633789062,85.9652099609375
2019-07-02,1043700,85.58999633789062,86.05000305175781,84.5199966430664,85.45999908447266,83.8747329711914
2019-07-01,1193700,85.77999877929688,85.91000366210938,84.6500015258789,85.58999633789062,84.0023193359375
2019-06-28,1565400,85.83000183105469,86.26000213623047,85.05999755859375,85.26000213623047,83.6784439086914
2019-06-27,1137500,84.38999938964844,86.52999877929688,83.9000015258789,85.62999725341797,84.04156494140625
2019-06-26,1067600,84.3499984741211,84.83999633789062,83.25,83.77999877929688,82.22589111328125
2019-06-25,1699400,83.87000274658203,85.1500015258789,83.12000274658203,84.27999877929688,82.71661376953125
2019-06-24,2042900,84.5999984741211,85.13999938964844,82.88999938964844,83.5199966430664,81.97071075439453
2019-06-21,2403100,85.37999725341797,85.48999786376953,84.25,84.45999908447266,82.89328002929688
2019-06-20,1880400,86.97000122070312,86.97000122070312,84.36000061035156,85.55999755859375,83.9728775024414
2019-06-19,1377300,85.73999786376953,86.79000091552734,85.52999877929688,86.05999755859375,84.46359252929688
2019-06-18,915500,85.94000244140625,87.0999984741211,85.13999938964844,85.44999694824219,83.86491394042969
2019-06-17,1058800,85.45999908447266,85.61000061035156,84.38999938964844,85.33999633789062,83.75694274902344
2019-06-14,1003800,86.69999694824219,86.98999786376953,84.83999633789062,85.05000305175781,83.47233581542969
2019-06-13,1022700,85.5999984741211,86.68000030517578,85.30999755859375,86.44000244140625,84.83655548095703
2019-06-12,1136000,84.66999816894531,85.41000366210938,84.2699966430664,85.37999725341797,83.79620361328125
2019-06-11,1253900,85.0,85.2699966430664,84.44999694824219,84.72000122070312,83.1484603881836
2019-06-10,1418000,83.62999725341797,85.4800033569336,83.58000183105469,84.7699966430664,83.19752502441406
2019-06-07,1232200,82.33000183105469,83.66999816894531,81.95999908447266,83.4800033569336,81.93145751953125
2019-06-06,1412900,81.55000305175781,82.45999908447266,81.54000091552734,81.75,80.23355102539062
2019-06-05,1145400,82.86000061035156,83.19000244140625,81.0199966430664,81.6500015258789,80.13540649414062
2019-06-04,1891500,81.29000091552734,82.87999725341797,81.0,82.20999908447266,80.68501281738281
2019-06-03,1357500,78.12000274658203,81.06999969482422,78.12000274658203,80.37000274658203,78.879150390625
2019-05-31,841900,77.55000305175781,78.3499984741211,77.06999969482422,77.86000061035156,76.41571044921875
2019-05-30,802800,78.3499984741211,78.93000030517578,77.45999908447266,78.31999969482422,76.86717224121094
2019-05-29,2047000,80.52999877929688,80.58000183105469,78.19000244140625,78.3499984741211,76.89662170410156
2019-05-28,1900300,80.56999969482422,81.69000244140625,80.56999969482422,80.88999938964844,79.3895034790039
2019-05-24,809300,80.44000244140625,81.29000091552734,79.94000244140625,80.68000030517578,79.18339538574219
2019-05-23,1187400,81.16000366210938,81.66999816894531,79.94999694824219,80.44000244140625,78.94784545898438
2019-05-22,1672000,80.47000122070312,82.08000183105469,80.16000366210938,81.80000305175781,80.28263092041016
2019-05-21,1910900,79.77999877929688,81.26000213623047,79.47000122070312,80.56999969482422,79.075439453125
2019-05-20,1605900,77.08000183105469,79.66999816894531,77.05000305175781,79.2300033569336,77.76029205322266
2019-05-17,1199600,76.83999633789062,78.83000183105469,76.43000030517578,77.7300033569336,76.28812408447266
2019-05-16,1382000,77.83999633789062,78.75,77.36000061035156,77.58999633789062,75.75813293457031
2019-05-15,1333300,76.29000091552734,77.95999908447266,75.18000030517578,77.86000061035156,76.02176666259766
2019-05-14,1605100,75.94000244140625,78.93000030517578,75.47000122070312,76.69000244140625,74.87938690185547
2019-05-13,1087000,76.04000091552734,76.2699966430664,74.66999816894531,75.68000030517578,73.89324188232422
2019-05-10,1336100,78.9000015258789,79.51000213623047,76.12999725341797,77.47000122070312,75.6409683227539
2019-05-09,1774000,77.7300033569336,79.79000091552734,77.16999816894531,79.18000030517578,77.31060028076172
2019-05-08,1826600,77.83999633789062,79.55999755859375,76.51000213623047,78.72000122070312,76.8614501953125
2019-05-07,1727900,77.61000061035156,79.05999755859375,76.7699966430664,77.45999908447266,75.63121032714844
2019-05-06,1204600,78.12999725341797,78.55999755859375,75.62000274658203,78.30999755859375,76.46113586425781
2019-05-03,2090500,77.9800033569336,79.58999633789062,77.63999938964844,79.13999938964844,77.27154541015625
2019-05-02,3064500,75.5199966430664,78.7699966430664,75.30000305175781,77.05999755859375,75.24063873291016
2019-05-01,2035500,75.12999725341797,75.25,73.04000091552734,73.38999938964844,71.65729522705078
2019-04-30,1052500,74.80000305175781,75.05999755859375,73.61000061035156,74.76000213623047,72.99494934082031
2019-04-29,719000,74.02999877929688,74.77999877929688,73.75,74.51000213623047,72.7508544921875
2019-04-26,815000,74.08999633789062,74.8499984741211,73.55000305175781,74.05000305175781,72.30171203613281
2019-04-25,1006700,73.83000183105469,73.86000061035156,72.62999725341797,73.72000122070312,71.97950744628906
2019-04-24,1207700,73.61000061035156,74.66000366210938,73.33999633789062,74.08999633789062,72.34076690673828
2019-04-23,1908800,71.19999694824219,73.98999786376953,70.91000366210938,73.43000030517578,71.69635009765625
2019-04-22,1270400,72.43000030517578,72.97000122070312,70.55000305175781,71.05999755859375,69.38229370117188
2019-04-18,1431900,72.30000305175781,72.77999877929688,71.27999877929688,72.44999694824219,70.7394790649414
2019-04-17,1587300,75.58999633789062,75.79000091552734,71.62999725341797,72.30000305175781,70.59302520751953
2019-04-16,1547500,76.29000091552734,76.9000015258789,74.43000030517578,75.3499984741211,73.5710220336914
2019-04-15,871000,75.05999755859375,76.16000366210938,74.5999984741211,76.11000061035156,74.31307983398438
2019-04-12,1552800,74.58000183105469,76.23999786376953,74.4800033569336,74.73999786376953,72.97542572021484
2019-04-11,1603600,74.51000213623047,75.2699966430664,73.45999908447266,74.18000030517578,72.42864227294922
2019-04-10,3073600,75.3499984741211,75.44999694824219,72.1500015258789,74.0,72.25289916992188
2019-04-09,957100,77.72000122070312,78.04000091552734,76.5,77.43000030517578,75.60191345214844
2019-04-08,1717300,77.0999984741211,78.38999938964844,76.5,78.12000274658203,76.27562713623047
2019-04-05,1383900,76.37000274658203,78.16999816894531,76.16000366210938,77.2699966430664,75.4456787109375
2019-04-04,1523100,75.2699966430664,76.12000274658203,74.27999877929688,75.97000122070312,74.1763916015625
2019-04-03,1977300,75.06999969482422,76.26000213623047,74.12999725341797,75.05000305175781,73.27810668945312
2019-04-02,2275800,76.87999725341797,77.05000305175781,74.41000366210938,74.48999786376953,72.73133087158203
2019-04-01,1413000,80.04000091552734,80.25,79.0,79.08999633789062,77.22271728515625
2019-03-29,1249800,78.30999755859375,79.63999938964844,78.01000213623047,79.5199966430664,77.64256286621094
2019-03-28,1111500,77.05000305175781,77.93000030517578,76.69000244140625,77.88999938964844,76.05105590820312
2019-03-27,1339200,76.36000061035156,76.87000274658203,75.6500015258789,76.5,74.6938705444336
2019-03-26,1667200,77.55999755859375,77.93000030517578,76.05000305175781,76.55999755859375,74.75244903564453
2019-03-25,1670400,78.7699966430664,78.7699966430664,76.87000274658203,77.0999984741211,75.27970886230469
2019-03-22,978800,80.13999938964844,80.37999725341797,78.66999816894531,78.7699966430664,76.9102783203125
2019-03-21,919600,79.0,80.43000030517578,79.0,80.36000061035156,78.46273803710938
2019-03-20,1103200,80.88999938964844,80.88999938964844,79.26000213623047,79.2699966430664,77.39847564697266
2019-03-19,871200,80.48999786376953,81.69999694824219,80.37999725341797,81.06999969482422,79.15596771240234
2019-03-18,830100,80.48999786376953,81.30000305175781,80.19999694824219,80.38999938964844,78.49202728271484
2019-03-15,2009300,79.48999786376953,80.58999633789062,79.48999786376953,80.18000030517578,78.2869873046875
2019-03-14,1288400,79.62000274658203,80.26000213623047,79.06999969482422,79.51000213623047,77.63280487060547
2019-03-13,1050000,79.04000091552734,80.26000213623047,78.68000030517578,79.79000091552734,77.90618133544922
2019-03-12,1387600,78.0999984741211,79.12000274658203,78.0999984741211,78.41999816894531,76.56854248046875
2019-03-11,1336200,76.5199966430664,78.05000305175781,76.08000183105469,77.94999694824219,76.1096420288086
2019-03-08,1426200,75.80999755859375,76.94000244140625,75.52999877929688,76.41000366210938,74.60599517822266
2019-03-07,2734200,77.0199966430664,77.51000213623047,76.0199966430664,76.33000183105469,74.52788543701172
2019-03-06,3413200,79.62999725341797,79.62999725341797,76.52999877929688,76.62999725341797,74.82080078125
2019-03-05,2123500,80.69999694824219,80.69999694824219,79.43000030517578,79.66000366210938,77.77926635742188
2019-03-04,1260600,83.01000213623047,83.44000244140625,79.83000183105469,80.4800033569336,78.57990264892578
2019-03-01,902600,83.70999908447266,84.2699966430664,82.19999694824219,82.9800033569336,81.02088165283203
2019-02-28,1832300,82.86000061035156,83.95999908447266,82.56999969482422,83.30000305175781,81.33332824707031
2019-02-27,1896300,83.66999816894531,83.87000274658203,82.44999694824219,82.79000091552734,80.83536529541016
2019-02-26,825100,84.80000305175781,84.9800033569336,83.87999725341797,83.91999816894531,81.93868255615234
2019-02-25,746100,86.30000305175781,86.56999969482422,84.63999938964844,84.66999816894531,82.67097473144531
2019-02-22,827900,85.38999938964844,85.87999725341797,84.9000015258789,85.66999816894531,83.6473617553711
2019-02-21,722400,86.3499984741211,86.4000015258789,84.52999877929688,84.9800033569336,82.97366333007812
2019-02-20,728300,86.19000244140625,87.12999725341797,85.43000030517578,86.33000183105469,84.29179382324219
2019-02-19,1546000,86.4000015258789,87.31999969482422,86.0,86.8499984741211,84.79952239990234
2019-02-15,920500,86.69999694824219,87.3499984741211,85.9000015258789,86.66000366210938,84.61399841308594
2019-02-14,735800,86.0199966430664,86.97000122070312,85.5199966430664,86.44999694824219,84.01839447021484
2019-02-13,752200,85.91000366210938,86.7699966430664,85.48999786376953,86.41000366210938,83.97953033447266
2019-02-12,1024800,84.13999938964844,85.83000183105469,84.06999969482422,85.79000091552734,83.37696838378906
2019-02-11,1304800,84.25,84.3499984741211,83.29000091552734,83.63999938964844,81.28742980957031
2019-02-08,1519900,85.30000305175781,85.44999694824219,83.69999694824219,84.30999755859375,81.93858337402344
2019-02-07,1470700,86.80000305175781,87.52999877929688,85.4800033569336,85.80000305175781,83.38668823242188
2019-02-06,1132700,85.41999816894531,87.2699966430664,85.19000244140625,86.63999938964844,84.20305633544922
2019-02-05,1594600,84.75,86.3499984741211,84.4800033569336,85.7699966430664,83.35752868652344
2019-02-04,1872000,83.75,85.0,83.2699966430664,84.44999694824219,82.07465362548828
2019-02-01,4283300,81.81999969482422,83.81999969482422,79.69999694824219,83.76000213623047,81.40406036376953
2019-01-31,4542200,80.4800033569336,85.86000061035156,80.4800033569336,83.37000274658203,81.02503967285156
2019-01-30,1833000,79.7300033569336,80.13999938964844,78.33000183105469,78.52999877929688,76.32117462158203
2019-01-29,1040900,80.04000091552734,80.11000061035156,78.5199966430664,79.54000091552734,77.30274963378906
2019-01-28,838800,79.47000122070312,80.30999755859375,78.87999725341797,80.12000274658203,77.86644744873047
2019-01-25,924200,79.20999908447266,80.52999877929688,78.97000122070312,79.66000366210938,77.41938781738281
2019-01-24,670000,79.30000305175781,79.94999694824219,78.30000305175781,78.69999694824219,76.48638153076172
2019-01-23,1044000,79.80999755859375,79.9800033569336,77.66999816894531,79.36000061035156,77.12782287597656
2019-01-22,1400200,79.25,79.91000366210938,78.22000122070312,79.70999908447266,77.46797180175781
2019-01-18,2245600,76.81999969482422,79.94999694824219,76.5,79.86000061035156,77.61375427246094
2019-01-17,1369700,77.79000091552734,78.12999725341797,76.0,76.08000183105469,73.9400863647461
2019-01-16,988900,77.25,77.7699966430664,76.66999816894531,77.30000305175781,75.12576293945312
2019-01-15,1667400,76.98999786376953,77.73999786376953,76.38999938964844,77.26000213623047,75.0868911743164
2019-01-14,1466200,76.02999877929688,77.62000274658203,76.01000213623047,76.86000061035156,74.6981430053711
2019-01-11,978600,75.63999938964844,76.62000274658203,74.87999725341797,76.55999755859375,74.40657043457031
2019-01-10,1623100,75.94999694824219,76.33000183105469,74.77999877929688,76.0,73.86233520507812
2019-01-09,1151400,75.91999816894531,76.9000015258789,75.58999633789062,76.31999969482422,74.17332458496094
2019-01-08,1689500,75.0999984741211,75.93000030517578,74.11000061035156,75.55000305175781,73.42498779296875
2019-01-07,1608300,74.43000030517578,76.23999786376953,73.81999969482422,74.75,72.64749145507812
2019-01-04,2417700,73.66000366210938,74.36000061035156,72.55000305175781,74.22000122070312,72.13239288330078
2019-01-03,1499400,74.08999633789062,74.70999908447266,72.91000366210938,73.37000274658203,71.30630493164062
2019-01-02,1149700,73.73999786376953,74.7699966430664,73.11000061035156,74.44999694824219,72.3559341430664
2018-12-31,1028400,74.08999633789062,75.08000183105469,73.36000061035156,74.4000015258789,72.30734252929688
2018-12-28,1543000,73.9000015258789,75.08000183105469,72.80999755859375,73.95999908447266,71.87970733642578
2018-12-27,1213200,72.2300033569336,73.52999877929688,70.38999938964844,73.52999877929688,71.4617919921875
2018-12-26,1049200,70.9000015258789,73.12999725341797,69.36000061035156,73.04000091552734,70.985595703125
2018-12-24,523900,71.97000122070312,72.70999908447266,70.62999725341797,70.76000213623047,68.76971435546875
2018-12-21,2573600,73.20999908447266,75.55999755859375,71.55000305175781,71.9800033569336,69.95539855957031
2018-12-20,2130700,75.8499984741211,77.0199966430664,72.13999938964844,73.22000122070312,71.16053009033203
2018-12-19,1639100,76.48999786376953,78.66999816894531,75.66000366210938,76.30999755859375,74.16360473632812
2018-12-18,1327200,77.45999908447266,78.5999984741211,75.41999816894531,76.23999786376953,74.09557342529297
2018-12-17,1472600,78.12000274658203,78.55000305175781,76.5,77.0,74.83421325683594
2018-12-14,1567900,80.77999877929688,81.33000183105469,78.7699966430664,78.97000122070312,76.74878692626953
2018-12-13,1140800,82.93000030517578,83.33999633789062,81.27999877929688,81.88999938964844,79.58666229248047
2018-12-12,1175800,83.08000183105469,84.9800033569336,83.06999969482422,83.22000122070312,80.87925720214844
2018-12-11,1297900,84.38999938964844,84.77999877929688,81.6500015258789,82.4800033569336,80.16006469726562
2018-12-10,1193900,84.41999816894531,84.41999816894531,80.44999694824219,83.55000305175781,81.1999740600586
2018-12-07,934700,85.54000091552734,86.26000213623047,84.0,84.31999969482422,81.94830322265625
2018-12-06,1582600,86.98999786376953,86.98999786376953,83.33000183105469,85.9800033569336,83.5616226196289
2018-12-04,2102800,88.5999984741211,90.26000213623048,87.41000366210938,87.61000061035156,85.1457748413086
2018-12-03,1270200,88.9800033569336,89.68000030517578,88.05000305175781,89.0199966430664,86.51612091064453
2018-11-30,1934500,90.68000030517578,90.87000274658205,87.66999816894531,88.9000015258789,86.39949035644531
2018-11-29,805000,90.88999938964844,91.20999908447266,89.87999725341797,90.5,87.95448303222656
2018-11-28,1018900,89.69999694824219,91.2699966430664,89.05000305175781,91.23999786376952,88.67366027832031
2018-11-27,1327100,88.88999938964844,89.75,88.3499984741211,89.62999725341797,87.10894775390625
2018-11-26,928300,88.62999725341797,89.2300033569336,88.0199966430664,88.94000244140625,86.4383773803711
2018-11-23,361400,87.18000030517578,88.0,86.45999908447266,87.66000366210938,85.19436645507812
2018-11-21,1252900,88.5199966430664,89.30000305175781,87.0999984741211,87.43000030517578,84.97084045410156
2018-11-20,2098900,90.05000305175781,91.52999877929688,87.95999908447266,88.87000274658203,86.3703384399414
2018-11-19,2033000,89.0999984741211,91.37000274658205,88.1500015258789,90.81999969482422,88.2654800415039
2018-11-16,1175400,88.30999755859375,89.12000274658203,87.44999694824219,88.75,86.25370788574219
2018-11-15,1200400,88.66000366210938,89.18000030517578,86.08000183105469,89.1500015258789,86.25370788574219
2018-11-14,1178400,91.5199966430664,92.44000244140624,89.20999908447266,89.58000183105469,86.66973876953125
2018-11-13,1683600,90.02999877929688,92.58999633789062,89.75,91.30999755859376,88.3435287475586
2018-11-12,954700,88.3499984741211,90.33000183105467,87.9800033569336,89.91999816894531,86.99869537353516
2018-11-09,1129200,88.87999725341797,90.30999755859376,87.63999938964844,88.86000061035156,85.9731216430664
2018-11-08,2154800,85.87000274658203,90.0199966430664,84.87000274658203,89.16999816894531,86.27306365966797
2018-11-07,1975100,84.4000015258789,87.37000274658203,84.4000015258789,86.54000091552734,83.72850799560547
2018-11-06,4966200,83.5,85.94000244140625,80.27999877929688,84.0,81.2710189819336
2018-11-05,1162800,89.16999816894531,89.56999969482422,88.25,88.55999755859375,85.68287658691406
2018-11-02,989500,91.70999908447266,91.9800033569336,88.05999755859375,88.56999969482422,85.69255828857422
2018-11-01,927800,88.44000244140625,91.16999816894533,88.38999938964844,90.91999816894533,87.96620178222656
2018-10-31,961900,88.01000213623047,89.22000122070312,87.12999725341797,88.0,85.14108276367188
2018-10-30,1095600,86.33999633789062,87.68000030517578,85.80999755859375,87.61000061035156,84.76374816894531
2018-10-29,777100,85.91000366210938,87.7300033569336,84.87999725341797,85.98999786376953,83.19637298583984
2018-10-26,1017200,84.94000244140625,86.12000274658203,83.06999969482422,84.72000122070312,81.9676284790039
2018-10-25,2680800,84.62999725341797,87.30000305175781,83.58000183105469,85.72000122070312,82.93514251708984
2018-10-24,2792500,89.83999633789062,90.19000244140624,84.33000183105469,84.48999786376953,81.74510955810547
2018-10-23,940400,88.94999694824219,90.73999786376952,87.48999786376953,90.27999877929688,87.34699249267578
2018-10-22,1244600,92.95999908447266,93.5,89.6500015258789,90.22000122070312,87.28894805908203
2018-10-19,1100500,93.29000091552734,94.8499984741211,92.44000244140624,92.8000030517578,89.7851333618164
2018-10-18,881100,93.95999908447266,94.27999877929688,92.54000091552734,93.37999725341795,90.34627532958984
2018-10-17,1470300,92.7699966430664,94.56999969482422,92.5,93.76000213623048,90.71393585205078
2018-10-16,2020200,90.02999877929688,93.22000122070312,89.48999786376953,92.56999969482422,89.5625991821289
2018-10-15,956700,88.06999969482422,90.54000091552734,88.06999969482422,89.54000091552734,86.63104248046875
2018-10-12,1147900,88.25,88.77999877929688,86.76000213623047,88.4800033569336,85.60548400878906
2018-10-11,1590200,90.52999877929688,90.79000091552734,86.87000274658203,87.30999755859375,84.4734878540039
2018-10-10,1781600,91.0500030517578,92.83000183105467,90.80999755859376,90.83999633789062,87.88880157470703
2018-10-09,1157900,91.48999786376952,91.8000030517578,90.44000244140624,90.91999816894533,87.96620178222656
2018-10-08,1163400,90.5999984741211,92.25,90.5999984741211,91.29000091552734,88.32418060302734
2018-10-05,1178600,91.01000213623048,92.19000244140624,89.91000366210938,90.58000183105467,87.63724517822266
2018-10-04,1300400,91.36000061035156,92.56999969482422,90.80999755859376,91.04000091552734,88.08231353759766
2018-10-03,1405100,92.0500030517578,92.70999908447266,90.83000183105467,91.02999877929688,88.07263946533203
2018-10-02,1197600,92.51000213623048,93.16000366210938,91.38999938964844,91.4000015258789,88.43060302734375
2018-10-01,1232500,92.75,93.94000244140624,92.3000030517578,92.79000091552734,89.77544403076172
2018-09-28,1128400,91.12000274658205,92.51000213623048,90.52999877929688,92.22000122070312,89.2239761352539
2018-09-27,948800,90.33999633789062,91.48999786376952,90.33999633789062,91.1500015258789,88.18873596191406
2018-09-26,1301700,89.61000061035156,91.4800033569336,89.61000061035156,90.30999755859376,87.37602233886719
2018-09-25,975300,89.68000030517578,90.58000183105467,89.43000030517578,89.5199966430664,86.61168670654297
2018-09-24,966700,89.62999725341797,90.19000244140624,88.44000244140625,89.56999969482422,86.6600570678711
2018-09-21,1853200,91.16000366210938,91.6999969482422,89.62000274658203,90.12999725341795,87.20186614990234
2018-09-20,1082900,89.79000091552734,91.4499969482422,89.79000091552734,91.05999755859376,88.10165405273438
2018-09-19,1393000,87.44999694824219,89.88999938964844,87.12999725341797,89.38999938964844,86.48590850830078
2018-09-18,1009500,86.55999755859375,88.05999755859375,86.31999969482422,87.33000183105469,84.49283599853516
2018-09-17,1010500,86.0199966430664,87.38999938964844,85.36000061035156,86.76000213623047,83.94136047363281
2018-09-14,1166900,86.19000244140625,87.37999725341797,85.63999938964844,85.83999633789062,83.05123901367188
2018-09-13,1096100,85.72000122070312,86.2699966430664,85.1500015258789,85.93000030517578,83.13831329345703
2018-09-12,1310100,83.7300033569336,85.43000030517578,83.38999938964844,85.20999908447266,82.44171142578125
2018-09-11,2498700,87.25,87.80999755859375,83.95999908447266,84.0999984741211,81.3677749633789
2018-09-10,1013700,88.70999908447266,89.4800033569336,88.19999694824219,88.33000183105469,85.46035766601562
2018-09-07,974100,88.30000305175781,89.26000213623047,87.79000091552734,88.63999938964844,85.7602767944336
2018-09-06,1342200,89.61000061035156,89.91999816894531,87.5999984741211,88.37999725341797,85.50872802734375
2018-09-05,1063200,88.63999938964844,89.54000091552734,88.30000305175781,89.44000244140625,86.5342788696289
2018-09-04,1021100,89.52999877929688,89.5999984741211,88.01000213623047,89.16999816894531,86.27306365966797
2018-08-31,886000,89.69999694824219,90.04000091552734,89.16999816894531,89.97000122070312,87.04706573486328
2018-08-30,1446400,88.9000015258789,90.38999938964844,88.31999969482422,90.05999755859375,87.13414001464844
2018-08-29,792300,88.66999816894531,89.43000030517578,87.77999877929688,89.26000213623047,86.36013793945312
2018-08-28,578900,88.80999755859375,88.97000122070312,87.9000015258789,88.87000274658203,85.98280334472656
2018-08-27,786700,88.62999725341797,89.6500015258789,88.2300033569336,88.45999908447266,85.58612060546875
2018-08-24,626700,88.5999984741211,88.9800033569336,87.91999816894531,88.33000183105469,85.46035766601562
2018-08-23,836000,88.2300033569336,88.58999633789062,87.5199966430664,88.27999877929688,85.4119644165039
2018-08-22,550400,87.93000030517578,88.37999725341797,87.02999877929688,88.1500015258789,85.28619384765625
2018-08-21,769500,88.3499984741211,88.83000183105469,87.93000030517578,87.98999786376953,85.13140106201172
2018-08-20,868000,87.70999908447266,88.66000366210938,87.70999908447266,88.2699966430664,85.40229797363281
2018-08-17,1298900,86.37999725341797,88.47000122070312,86.37999725341797,87.72000122070312,84.87016296386719
2018-08-16,1811900,85.9800033569336,87.29000091552734,84.7699966430664,86.81999969482422,83.63174438476562
2018-08-15,1377100,83.94000244140625,85.1500015258789,83.01000213623047,85.12000274658203,81.99417114257812
2018-08-14,1182500,83.1500015258789,85.12999725341797,83.12000274658203,84.43000030517578,81.32951354980469
2018-08-13,1243500,82.0,83.2699966430664,81.9000015258789,83.05999755859375,80.00983428955078
2018-08-10,1255000,83.0,83.08000183105469,81.6500015258789,81.9800033569336,78.96949005126953
2018-08-09,1316400,82.72000122070312,84.5199966430664,82.3499984741211,83.23999786376953,80.18321228027344
2018-08-08,1446700,83.23999786376953,83.55999755859375,81.4800033569336,82.66000366210938,79.62451934814453
2018-08-07,1581600,82.01000213623047,84.80999755859375,81.5199966430664,83.44000244140625,80.3758773803711
2018-08-06,1966800,80.25,82.72000122070312,80.06999969482422,82.13999938964844,79.12361145019531
2018-08-03,1937500,78.9800033569336,81.33999633789062,78.22000122070312,80.97000122070312,77.99658203125
2018-08-02,3712200,78.0,79.66999816894531,77.27999877929688,78.9800033569336,76.07965087890625
2018-08-01,2357800,81.66999816894531,82.83999633789062,79.45999908447266,79.48999786376953,76.57091522216797
2018-07-31,1500200,83.20999908447266,83.48999786376953,81.77999877929688,81.83000183105469,78.82498931884766
2018-07-30,1668500,83.11000061035156,84.48999786376953,82.55000305175781,82.91000366210938,79.8653335571289
2018-07-27,1276900,83.20999908447266,84.37000274658203,82.13999938964844,82.91999816894531,79.87496948242188
2018-07-26,1634400,84.83000183105469,85.25,82.9800033569336,83.23999786376953,80.18321228027344
2018-07-25,1263700,84.2300033569336,85.19999694824219,83.75,84.7699966430664,81.65701293945312
2018-07-24,920500,84.8499984741211,85.58000183105469,83.79000091552734,83.93000030517578,80.84786987304688
2018-07-23,670600,84.72000122070312,85.72000122070312,84.69999694824219,84.75,81.63777160644531
2018-07-20,1217000,84.77999877929688,85.52999877929688,83.30999755859375,84.69999694824219,81.58958435058594
2018-07-19,2193700,86.26000213623047,86.37999725341797,83.51000213623047,85.55999755859375,82.41802978515625
2018-07-18,813600,86.8499984741211,87.54000091552734,86.08000183105469,86.33000183105469,83.15975189208984
2018-07-17,1097300,86.66999816894531,87.58000183105469,86.44999694824219,86.81999969482422,83.63174438476562
2018-07-16,926600,88.23999786376953,88.23999786376953,86.77999877929688,86.9000015258789,83.70881652832031
2018-07-13,1157600,86.97000122070312,88.66999816894531,86.45999908447266,87.91000366210938,84.68172454833984
2018-07-12,1482100,87.76000213623047,87.98999786376953,86.19000244140625,86.80000305175781,83.61248016357422
2018-07-11,1250900,87.11000061035156,87.37999725341797,85.62000274658203,87.13999938964844,83.94000244140625
2018-07-10,843300,88.94000244140625,89.01000213623047,87.87999725341797,88.13999938964844,84.90326690673828
2018-07-09,1436200,88.30000305175781,89.55000305175781,87.97000122070312,88.25,85.00924682617188
2018-07-06,1014800,87.61000061035156,88.13999938964844,86.83000183105469,87.97000122070312,84.73951721191406
2018-07-05,871600,86.36000061035156,87.2699966430664,85.9000015258789,87.19999694824219,83.99778747558594
2018-07-03,619700,85.98999786376953,87.13999938964844,85.02999877929688,86.68000030517578,83.49688720703125
2018-07-02,1260100,84.80000305175781,85.73999786376953,83.58999633789062,85.72000122070312,82.5721435546875
2018-06-29,1401800,86.16000366210938,86.55999755859375,84.37999725341797,85.2699966430664,82.13866424560547
2018-06-28,5020200,83.23999786376953,86.76000213623047,82.13999938964844,86.0999984741211,82.93818664550781
2018-06-27,811700,90.36000061035156,91.52999877929688,89.5199966430664,89.81999969482422,86.52156829833984
2018-06-26,959700,91.91000366210938,92.33000183105467,90.2300033569336,90.38999938964844,87.07064056396484
2018-06-25,670900,93.1500015258789,93.80999755859376,91.3499984741211,92.22000122070312,88.83345031738281
2018-06-22,974300,93.3499984741211,94.33999633789062,92.87000274658205,93.5,90.06644439697266
2018-06-21,962800,93.66999816894533,93.95999908447266,92.86000061035156,93.20999908447266,89.78709411621094
2018-06-20,640300,92.02999877929688,93.58000183105467,91.69000244140624,93.2300033569336,89.80636596679688
2018-06-19,1159100,90.93000030517578,92.18000030517578,90.38999938964844,92.16999816894533,88.78527069091797
2018-06-18,1265200,94.2699966430664,94.41000366210938,91.30999755859376,91.56999969482422,88.20732116699219
2018-06-15,2042700,92.9000015258789,94.87999725341795,92.0,94.8499984741211,91.36686706542967
2018-06-14,1903500,90.8499984741211,93.81999969482422,90.41000366210938,93.3499984741211,89.92194366455078
2018-06-13,2459200,88.61000061035156,91.88999938964844,88.55000305175781,90.66000366210938,87.33073425292969
2018-06-12,1014100,87.44000244140625,88.05000305175781,86.25,88.04000091552734,84.80694580078125
2018-06-11,1595200,86.25,87.86000061035156,86.12999725341797,87.27999877929688,84.0748519897461
2018-06-08,1198700,86.5999984741211,87.08999633789062,85.12999725341797,86.08999633789062,82.92854309082031
2018-06-07,1261000,87.33999633789062,87.70999908447266,86.43000030517578,86.5999984741211,83.41983032226562
2018-06-06,1080100,84.87000274658203,87.19000244140625,84.83999633789062,87.1500015258789,83.94963073730469
2018-06-05,976800,84.4000015258789,85.44999694824219,84.06999969482422,84.79000091552734,81.67630767822266
2018-06-04,1037800,82.87000274658203,85.23999786376953,82.73999786376953,84.31999969482422,81.22355651855469
2018-06-01,1020500,82.66000366210938,83.62999725341797,82.13999938964844,83.33999633789062,80.27952575683594
2018-05-31,1352600,84.43000030517578,84.43000030517578,81.97000122070312,82.13999938964844,79.12361145019531
2018-05-30,910900,82.81999969482422,84.58000183105469,82.48999786376953,84.12999725341797,81.04054260253906
2018-05-29,1390600,84.56999969482422,84.8499984741211,82.0999984741211,82.56999969482422,79.53782653808594
2018-05-25,786200,84.45999908447266,86.12999725341797,83.98999786376953,85.48999786376953,82.35060119628906
2018-05-24,1224100,83.55999755859375,85.2300033569336,82.33999633789062,84.08999633789062,81.00201416015625
2018-05-23,923500,83.87999725341797,84.62999725341797,83.3499984741211,83.95999908447266,80.87677001953125
2018-05-22,1058200,84.58999633789062,85.73999786376953,84.26000213623047,84.51000213623047,81.40657806396484
2018-05-21,972500,85.2300033569336,85.61000061035156,84.04000091552734,84.33999633789062,81.24281311035156
2018-05-18,1309300,86.83999633789062,87.02999877929688,84.69999694824219,84.7699966430664,81.65701293945312
2018-05-17,1531700,85.94000244140625,87.86000061035156,85.33000183105469,87.06999969482422,83.50653076171875
2018-05-16,1017400,85.93000030517578,86.7300033569336,85.30999755859375,85.98999786376953,82.4707260131836
2018-05-15,1028200,86.5999984741211,87.4800033569336,85.43000030517578,85.66999816894531,82.16381072998047
2018-05-14,1015000,87.43000030517578,88.4800033569336,86.91000366210938,87.27999877929688,83.70793151855469
2018-05-11,1853300,85.5999984741211,87.5,84.63999938964844,86.87999725341797,83.32429504394531
2018-05-10,1996500,85.41000366210938,87.83000183105469,85.41000366210938,85.52999877929688,82.02954864501953
2018-05-09,2054200,84.81999969482422,85.61000061035156,84.27999877929688,84.72000122070312,81.25270080566406
2018-05-08,1593300,84.58000183105469,85.47000122070312,83.7699966430664,84.69000244140625,81.22392272949219
2018-05-07,1285200,86.44999694824219,87.4800033569336,84.5999984741211,84.69000244140625,81.22392272949219
2018-05-04,1962400,84.51000213623047,87.30000305175781,83.48999786376953,86.37000274658203,82.83517456054688
2018-05-03,3482500,89.25,89.48999786376953,85.2699966430664,85.37000274658203,81.87609100341797
2018-05-02,3502300,88.55999755859375,95.0,87.05000305175781,92.18000030517578,88.40738677978516
2018-05-01,1672700,90.4499969482422,90.69000244140624,87.69000244140625,89.19999694824219,85.54934692382812
2018-04-30,1108200,93.27999877929688,93.27999877929688,90.52999877929688,90.58000183105467,86.87286376953125
2018-04-27,1080600,91.93000030517578,93.25,91.7300033569336,93.06999969482422,89.26097106933594
2018-04-26,1059300,91.8499984741211,92.81999969482422,91.12000274658205,92.08000183105467,88.31147766113281
2018-04-25,722400,89.91999816894531,91.45999908447266,89.30000305175781,91.43000030517578,87.68807220458984
2018-04-24,994200,91.4000015258789,91.9800033569336,89.38999938964844,90.13999938964844,86.45087432861328
2018-04-23,959900,90.1500015258789,90.81999969482422,89.83999633789062,90.73999786376952,87.02631378173828
2018-04-20,886700,92.0,92.0199966430664,89.12000274658203,89.87000274658203,86.19192504882812
2018-04-19,1075500,92.58999633789062,92.58999633789062,90.27999877929688,91.69000244140624,87.93744659423828
2018-04-18,2130100,91.66999816894533,94.22000122070312,91.4000015258789,92.75,88.95405578613281
2018-04-17,2832600,89.5,91.38999938964844,89.44000244140625,91.04000091552734,87.31404876708984
2018-04-16,5103500,86.81999969482422,89.66999816894531,84.19000244140625,88.7699966430664,85.13694763183594
2018-04-13,1235700,88.38999938964844,88.77999877929688,86.11000061035156,86.81999969482422,83.26675415039062
2018-04-12,649400,89.55000305175781,89.83999633789062,87.88999938964844,88.19000244140625,84.58069610595703
2018-04-11,724700,87.94999694824219,89.9000015258789,87.81999969482422,89.08999633789062,85.44384002685547
2018-04-10,1161700,87.62000274658203,89.47000122070312,87.3499984741211,88.91000366210938,85.27122497558594
2018-04-09,1119600,85.80999755859375,87.69000244140625,85.33999633789062,86.79000091552734,83.23797607421875
2018-04-06,1592700,86.29000091552734,87.08000183105469,84.62000274658203,85.41000366210938,81.91445922851562
2018-04-05,3188200,85.5999984741211,88.56999969482422,85.13999938964844,87.37999725341797,83.80382537841797
2018-04-04,1485600,82.76000213623047,86.68000030517578,82.72000122070312,86.25,82.72008514404297
2018-04-03,1318200,83.19000244140625,84.01000213623047,81.58000183105469,83.93000030517578,80.49502563476562
2018-04-02,1957700,86.0999984741211,86.58999633789062,81.81999969482422,82.66999816894531,79.28659057617188
2018-03-29,1528100,85.12999725341797,86.62000274658203,85.04000091552734,86.20999908447266,82.68172454833984
2018-03-28,1969600,84.44999694824219,85.75,84.12999725341797,85.11000061035156,81.62673950195312
2018-03-27,1454600,84.93000030517578,85.20999908447266,83.37999725341797,84.01000213623047,80.57176208496094
2018-03-26,1649200,84.88999938964844,85.08000183105469,82.87999725341797,84.94999694824219,81.47327423095703
2018-03-23,1629600,85.33999633789062,86.45999908447266,83.80999755859375,84.02999877929688,80.59093475341797
2018-03-22,4618900,88.4000015258789,88.4000015258789,84.66000366210938,85.0,81.52125549316406
2018-03-21,1714500,89.44999694824219,91.45999908447266,89.2699966430664,89.5,85.83708190917969
2018-03-20,2602400,92.95999908447266,93.19000244140624,88.1500015258789,89.19000244140625,85.53975677490234
2018-03-19,1127200,96.33999633789062,96.33999633789062,92.81999969482422,93.0,89.1938247680664
2018-03-16,1597500,97.43000030517578,98.2300033569336,96.45999908447266,96.61000061035156,92.65609741210938
2018-03-15,1251200,99.0500030517578,99.25,97.33000183105467,97.36000061035156,93.3753890991211
2018-03-14,1287900,100.87999725341795,101.12000274658205,98.1500015258789,98.58000183105467,94.5454559326172
2018-03-13,1509000,100.44000244140624,101.38999938964844,100.33999633789062,100.5999984741211,96.48279571533205
2018-03-12,1586700,99.20999908447266,101.0199966430664,98.97000122070312,100.29000091552734,96.18547058105467
2018-03-09,1037900,96.88999938964844,99.0500030517578,96.76000213623048,99.0,94.94827270507812
2018-03-08,1148300,96.26000213623048,98.02999877929688,95.20999908447266,96.23999786376952,92.3012237548828
2018-03-07,1025400,93.77999877929688,95.88999938964844,93.12000274658205,95.5999984741211,91.68741607666016
2018-03-06,1338200,95.48999786376952,95.52999877929688,94.08000183105467,94.6999969482422,90.82425689697266
2018-03-05,1317600,93.01000213623048,95.26000213623048,92.83999633789062,94.9000015258789,91.01605987548828
2018-03-02,1489900,92.6999969482422,94.58000183105467,92.55999755859376,93.95999908447266,90.11453247070312
2018-03-01,2177800,94.83999633789062,95.33999633789062,92.51000213623048,93.3000030517578,89.48155212402344
2018-02-28,1432300,97.94000244140624,99.75,95.1500015258789,95.16000366210938,91.26543426513672
2018-02-27,4738300,101.01000213623048,101.55999755859376,93.16000366210938,97.63999938964844,93.6439208984375
2018-02-26,1551100,98.58999633789062,100.95999908447266,98.0999984741211,100.58000183105467,96.46361541748048
2018-02-23,1127600,97.56999969482422,98.48999786376952,96.66999816894533,98.41999816894533,94.3919906616211
2018-02-22,3416700,98.75,99.19000244140624,96.6500015258789,97.12000274658205,93.14520263671876
2018-02-21,2815500,99.81999969482422,99.95999908447266,98.33999633789062,98.56999969482422,94.5358657836914
2018-02-20,1683700,98.9800033569336,100.0500030517578,98.5199966430664,99.94000244140624,95.84980010986328
2018-02-16,2787800,96.7300033569336,100.05999755859376,96.5500030517578,99.4000015258789,95.33190155029295
2018-02-15,2884000,96.93000030517578,97.62000274658205,94.51000213623048,97.5999984741211,93.24112701416016
2018-02-14,3976900,97.25,98.19000244140624,95.5999984741211,96.4000015258789,92.09471130371094
2018-02-13,9725800,101.66999816894533,102.0,95.94000244140624,97.7699966430664,93.40351104736328
2018-02-12,2157400,89.8499984741211,91.54000091552734,88.76000213623047,89.44999694824219,85.4551010131836
2018-02-09,3670800,92.54000091552734,92.54000091552734,85.80000305175781,89.19000244140625,85.20672607421875
2018-02-08,1742100,94.55999755859376,95.55999755859376,91.45999908447266,91.5500030517578,87.4613265991211
2018-02-07,2509500,91.5999984741211,95.33999633789062,91.0999984741211,94.22000122070312,90.01206970214844
2018-02-06,4575000,92.58000183105467,93.37000274658205,86.94000244140625,91.54000091552734,87.4517593383789
2018-02-05,2278500,95.62000274658205,96.5199966430664,91.69000244140624,91.9000015258789,87.7956771850586
2018-02-02,1660300,99.08999633789062,99.08999633789062,95.91000366210938,96.0199966430664,91.731689453125
2018-02-01,2786600,97.73999786376952,99.80999755859376,95.7300033569336,99.29000091552734,94.85563659667967
2018-01-31,2458600,102.9800033569336,103.04000091552734,99.05999755859376,99.66999816894533,95.21867370605467
2018-01-30,3113900,102.0,103.6500015258789,100.02999877929688,102.45999908447266,97.88406372070312
2018-01-29,1423000,105.13999938964844,106.2699966430664,104.87000274658205,105.08999633789062,100.39661407470705
2018-01-26,1453300,104.55999755859376,105.7300033569336,104.11000061035156,105.4800033569336,100.76919555664062
2018-01-25,992700,104.66999816894533,104.66999816894533,103.44000244140624,104.37000274658205,99.7087860107422
2018-01-24,2111700,103.29000091552734,104.95999908447266,102.9000015258789,104.62000274658205,99.94760131835938
2018-01-23,1371500,103.0,103.66999816894533,102.0999984741211,102.80999755859376,98.21843719482422
2018-01-22,1313400,100.27999877929688,102.7300033569336,99.66000366210938,102.66000366210938,98.07513427734376
2018-01-19,1371400,100.87000274658205,101.58000183105467,99.62999725341795,100.05999755859376,95.59125518798828
2018-01-18,1895800,101.52999877929688,101.63999938964844,99.75,100.86000061035156,96.35553741455078
2018-01-17,1864700,99.7699966430664,101.8499984741211,99.7699966430664,101.3000030517578,96.77587127685548
2018-01-16,1869700,99.0999984741211,100.66999816894533,98.97000122070312,99.5500030517578,95.10403442382812
2018-01-12,1469300,98.5,99.0,97.5500030517578,99.0,94.57859802246094
2018-01-11,780700,97.4000015258789,98.13999938964844,96.5199966430664,98.13999938964844,93.75701141357422
2018-01-10,1070100,96.54000091552734,97.30999755859376,94.75,97.20999908447266,92.8685302734375
2018-01-09,1783500,96.9499969482422,97.86000061035156,95.91000366210938,97.5199966430664,93.1646957397461
2018-01-08,1731000,95.11000061035156,97.80999755859376,94.80999755859376,96.9000015258789,92.57239532470705
2018-01-05,1342300,93.7699966430664,95.62999725341795,93.7699966430664,95.31999969482422,91.06293487548828
2018-01-04,1781300,94.63999938964844,94.83000183105467,92.86000061035156,94.18000030517578,89.9738540649414
2018-01-03,1034800,93.4000015258789,94.7300033569336,92.47000122070312,94.38999938964844,90.17446899414062
2018-01-02,1138200,92.1500015258789,94.06999969482422,92.12000274658205,94.04000091552734,89.84012603759766
2017-12-29,777800,92.88999938964844,93.5999984741211,91.76000213623048,91.81999969482422,87.71924591064453
2017-12-28,1152500,92.87999725341795,92.93000030517578,91.75,92.58999633789062,88.45486450195312
2017-12-27,734800,93.18000030517578,93.1999969482422,92.0,92.5999984741211,88.46443176269531
2017-12-26,734200,92.4800033569336,93.87999725341795,91.91000366210938,93.25,89.08538818359375
2017-12-22,1331700,93.41000366210938,93.41000366210938,91.5,92.45999908447266,88.33068084716797
2017-12-21,1405400,93.75,94.16000366210938,92.4499969482422,92.98999786376952,88.83699798583984
2017-12-20,1442000,93.66999816894533,94.23999786376952,92.95999908447266,93.73999786376952,89.55349731445312
2017-12-19,2013600,92.66999816894533,94.44000244140624,92.33000183105467,93.79000091552734,89.60128784179688
2017-12-18,1880300,92.83999633789062,92.9499969482422,91.76000213623048,92.4000015258789,88.27335357666016
2017-12-15,4153400,90.97000122070312,94.05999755859376,90.77999877929688,93.16999816894533,89.00895690917969
2017-12-14,2920700,88.3499984741211,90.8000030517578,88.20999908447266,89.30999755859375,85.32134246826172
2017-12-13,1391600,87.54000091552734,89.23999786376953,87.36000061035156,88.4800033569336,84.52842712402344
2017-12-12,1398000,87.37000274658203,87.87000274658203,86.79000091552734,87.81999969482422,83.89790344238281
2017-12-11,1345800,87.05000305175781,87.5,86.29000091552734,86.7699966430664,82.89478302001953
2017-12-08,1734100,86.05999755859375,86.83000183105469,85.01000213623047,86.69999694824219,82.82791137695312
2017-12-07,1763700,86.2699966430664,86.83999633789062,85.43000030517578,85.93000030517578,82.09231567382812
2017-12-06,1524800,86.19999694824219,86.79000091552734,85.37000274658203,85.98999786376953,82.14964294433594
2017-12-05,1906100,87.48999786376953,87.55999755859375,85.06999969482422,85.88999938964844,82.0541000366211
2017-12-04,2131900,85.7300033569336,88.19999694824219,85.44000244140625,87.41999816894531,83.51575469970703
2017-12-01,3188400,83.9800033569336,85.25,81.20999908447266,84.94999694824219,81.15606689453125
2017-11-30,1808300,85.0,86.0999984741211,83.88999938964844,84.81999969482422,81.03189086914062
2017-11-29,2380900,83.55999755859375,85.62999725341797,83.05000305175781,84.66000366210938,80.8790283203125
2017-11-28,1549800,81.4000015258789,83.19000244140625,80.6500015258789,83.1500015258789,79.43647003173828
2017-11-27,1181100,81.06999969482422,81.77999877929688,80.6500015258789,81.12000274658203,77.49713134765625
2017-11-24,701800,81.9000015258789,81.9800033569336,80.22000122070312,81.2300033569336,77.60222625732422
2017-11-22,1927000,79.9800033569336,81.98999786376953,79.58000183105469,81.4000015258789,77.76461791992188
2017-11-21,1598700,77.83000183105469,79.56999969482422,77.56999969482422,79.45999908447266,75.9112548828125
2017-11-20,1688200,78.30000305175781,78.76000213623047,76.4800033569336,77.45999908447266,74.0005874633789
2017-11-17,2196700,79.6500015258789,80.02999877929688,77.58000183105469,78.83999633789062,75.3189468383789
2017-11-16,2986800,77.72000122070312,80.70999908447266,77.41000366210938,80.30999755859375,76.36026763916016
2017-11-15,2731000,75.31999969482422,77.66000366210938,74.5999984741211,77.52999877929688,73.71700286865234
2017-11-14,1863300,75.0999984741211,75.4800033569336,74.44999694824219,75.4000015258789,71.69175720214844
2017-11-13,2892600,74.69000244140625,77.0,74.30999755859375,75.4000015258789,71.69175720214844
2017-11-10,3005700,75.05000305175781,76.68000030517578,74.05000305175781,75.0,71.31141662597656
2017-11-09,2576800,75.06999969482422,76.62999725341797,74.9000015258789,75.2699966430664,71.56814575195312
2017-11-08,1710100,74.87000274658203,75.41000366210938,73.3499984741211,75.01000213623047,71.32093048095703
2017-11-07,1776800,74.91999816894531,75.7300033569336,74.55999755859375,74.91000366210938,71.2258529663086
2017-11-06,3478300,74.80000305175781,75.19999694824219,73.19000244140625,74.86000061035156,71.17830657958984
2017-11-03,2726000,73.33999633789062,75.30000305175781,73.31999969482422,74.80000305175781,71.12126922607422
2017-11-02,3840200,77.0199966430664,78.93000030517578,71.9000015258789,73.2300033569336,69.62847137451172
2017-11-01,2545700,77.4800033569336,77.5,76.30999755859375,76.62000274658203,72.85175323486328
2017-10-31,3132800,76.8499984741211,78.98999786376953,75.45999908447266,76.94999694824219,73.16551971435547
2017-10-30,2164900,76.01000213623047,77.77999877929688,76.01000213623047,76.93000030517578,73.14649200439453
2017-10-27,4690500,78.58999633789062,78.7699966430664,75.66000366210938,76.37999725341797,72.62354278564453
2017-10-26,4756200,83.97000122070312,85.80000305175781,77.47000122070312,78.7699966430664,74.89600372314453
2017-10-25,1428600,82.0,82.5199966430664,81.41000366210938,82.22000122070312,78.17634582519531
2017-10-24,1166000,82.69000244140625,82.9800033569336,80.63999938964844,81.8499984741211,77.82454681396484
2017-10-23,1115700,83.16999816894531,83.43000030517578,81.7699966430664,82.52999877929688,78.4710922241211
2017-10-20,1296800,82.56999969482422,83.7699966430664,82.3499984741211,83.20999908447266,79.1176528930664
2017-10-19,1436400,80.81999969482422,82.55000305175781,80.73999786376953,82.19999694824219,78.15731811523438
2017-10-18,1699300,80.12999725341797,81.66000366210938,80.12999725341797,80.48999786376953,76.53141784667969
2017-10-17,1043900,78.88999938964844,80.5199966430664,78.4000015258789,79.94999694824219,76.01799011230469
2017-10-16,2545500,79.0199966430664,81.04000091552734,78.4000015258789,79.0,75.11471557617188
2017-10-13,2469300,80.41999816894531,81.41000366210938,77.7699966430664,79.44000244140625,75.53306579589844
2017-10-12,1195300,80.37000274658203,81.30000305175781,80.37000274658203,80.80000305175781,76.82617950439453
2017-10-11,1004600,79.44999694824219,80.5,79.25,80.31999969482422,76.36978912353516
2017-10-10,1620300,79.48999786376953,80.4000015258789,79.01000213623047,79.55000305175781,75.63765716552734
2017-10-09,2644100,80.20999908447266,80.48999786376953,77.87000274658203,78.3499984741211,74.49665832519531
2017-10-06,2919900,84.2300033569336,84.5,80.04000091552734,80.4800033569336,76.52190399169922
2017-10-05,2136200,84.16000366210938,85.29000091552734,83.83000183105469,84.12000274658203,79.98289489746094
2017-10-04,2206900,82.76000213623047,84.13999938964844,82.55999755859375,82.73999786376953,78.67076110839844
2017-10-03,1141700,83.33000183105469,83.7300033569336,82.5199966430664,82.87999725341797,78.80387878417969
2017-10-02,1933000,82.97000122070312,83.62999725341797,82.37999725341797,83.30000305175781,79.20320892333984
2017-09-29,1629400,81.70999908447266,83.83999633789062,81.41999816894531,82.75,78.6802749633789
2017-09-28,1120300,81.8499984741211,81.87999725341797,80.2699966430664,80.98999786376953,77.0068359375
2017-09-27,960900,82.16999816894531,82.80000305175781,81.0199966430664,82.43000030517578,78.37599182128906
2017-09-26,1018500,81.41000366210938,82.6500015258789,81.33000183105469,82.0,77.9671630859375
2017-09-25,717100,80.2300033569336,81.36000061035156,80.13999938964844,80.9800033569336,76.99732971191406
2017-09-22,835900,80.52999877929688,81.19999694824219,80.33000183105469,81.05000305175781,77.06388092041016
2017-09-21,1035900,79.48999786376953,80.94000244140625,79.19999694824219,80.37999725341797,76.42681121826172
2017-09-20,1325000,79.47000122070312,80.08999633789062,78.33999633789062,79.5,75.5901107788086
2017-09-19,1648500,80.52999877929688,81.04000091552734,79.12999725341797,79.27999877929688,75.38093566894531
2017-09-18,1350600,81.80000305175781,82.02999877929688,80.54000091552734,80.66999816894531,76.70256042480469
2017-09-15,2732300,80.47000122070312,81.7300033569336,80.0199966430664,81.5999984741211,77.58683776855469
2017-09-14,2872100,82.31999969482422,82.31999969482422,80.44000244140625,80.69000244140625,76.72159576416016
2017-09-13,1310900,83.76000213623047,84.33999633789062,83.05999755859375,84.31999969482422,80.17306518554688
2017-09-12,1809600,84.19000244140625,84.80999755859375,83.11000061035156,83.9000015258789,79.77372741699219
2017-09-11,1230800,83.33000183105469,84.55999755859375,82.88999938964844,84.38999938964844,80.23961639404297
2017-09-08,1936800,82.54000091552734,83.94000244140625,82.33000183105469,82.5,78.44257354736328
2017-09-07,1825300,80.81999969482422,83.02999877929688,80.6500015258789,82.55999755859375,78.4996109008789
2017-09-06,1308300,80.0,80.94000244140625,79.83999633789062,80.72000122070312,76.75011444091797
2017-09-05,1123800,79.80999755859375,80.77999877929688,79.05000305175781,79.69000244140625,75.77076721191406
2017-09-01,1248400,80.45999908447266,80.61000061035156,79.22000122070312,80.23999786376953,76.29371643066406
2017-08-31,1301200,78.6500015258789,80.5,78.45999908447266,80.25,76.30321502685547
2017-08-30,1267000,78.43000030517578,78.52999877929688,77.79000091552734,78.33000183105469,74.4776382446289
2017-08-29,1279600,78.16000366210938,79.08000183105469,77.83999633789062,78.55999755859375,74.69633483886719
2017-08-28,1210900,78.37999725341797,78.87999725341797,77.69000244140625,78.66000366210938,74.79142761230469
2017-08-25,1154300,78.38999938964844,78.94999694824219,77.97000122070312,78.0999984741211,74.25897216796875
2017-08-24,1191100,78.33000183105469,78.9000015258789,77.86000061035156,78.4000015258789,74.54420471191406
2017-08-23,1455700,78.9800033569336,79.0,77.95999908447266,78.13999938964844,74.2969970703125
2017-08-22,1373000,78.23999786376953,79.45999908447266,78.08999633789062,79.2300033569336,75.33338928222656
2017-08-21,1455100,78.43000030517578,78.58999633789062,77.9000015258789,78.04000091552734,74.20191955566406
2017-08-18,2091900,79.69000244140625,79.88999938964844,78.45999908447266,78.5999984741211,74.734375
2017-08-17,1727400,79.68000030517578,81.33999633789062,79.68000030517578,79.94000244140625,76.00847625732422
2017-08-16,1599800,80.29000091552734,80.58000183105469,79.52999877929688,80.02999877929688,75.74700927734375
2017-08-15,2126700,80.25,80.43000030517578,79.77999877929688,80.0,75.7186050415039
2017-08-14,2032900,80.30999755859375,80.52999877929688,79.66000366210938,80.08000183105469,75.7943115234375
2017-08-11,2214800,78.83000183105469,80.30999755859375,78.7300033569336,80.0199966430664,75.73754119873047
2017-08-10,2417100,79.43000030517578,80.02999877929688,78.12999725341797,78.87999725341797,74.65853881835938
2017-08-09,2620100,79.86000061035156,79.94999694824219,78.5999984741211,79.80000305175781,75.52931213378906
2017-08-08,1742000,80.91000366210938,82.33999633789062,80.12999725341797,80.33000183105469,76.03093719482422
2017-08-07,2287100,80.80000305175781,81.02999877929688,79.23999786376953,80.58000183105469,76.2675552368164
2017-08-04,2882900,81.70999908447266,81.97000122070312,79.58000183105469,80.83000183105469,76.50418853759766
2017-08-03,7434700,84.11000061035156,85.33000183105469,80.51000213623047,81.70999908447266,77.33708953857422
2017-08-02,2300500,92.19000244140624,92.19000244140624,89.08999633789062,91.2699966430664,86.38545989990234
2017-08-01,1256100,94.11000061035156,94.16999816894533,92.66000366210938,92.9800033569336,88.00393676757812
2017-07-31,1062100,94.3000030517578,94.41999816894533,93.25,93.81999969482422,88.79899597167969
2017-07-28,869200,93.0,94.16999816894533,92.37999725341795,93.97000122070312,88.94097137451172
2017-07-27,1493300,93.48999786376952,93.66999816894533,91.86000061035156,92.77999877929688,87.81465148925781
2017-07-26,1366100,94.2699966430664,94.7300033569336,93.41000366210938,94.20999908447266,89.1681137084961
2017-07-25,1413500,93.4000015258789,95.11000061035156,92.5999984741211,94.6500015258789,89.58458709716797
2017-07-24,1273700,91.63999938964844,93.66000366210938,91.33999633789062,93.12999725341795,88.14592742919922
2017-07-21,604400,91.81999969482422,92.08000183105467,91.44000244140624,91.62000274658205,86.71672058105469
2017-07-20,1136400,91.1999969482422,92.3499984741211,90.62000274658205,91.9499969482422,87.02906036376953
2017-07-19,1331600,91.55999755859376,91.66999816894533,90.3000030517578,91.16999816894533,86.2907943725586
2017-07-18,1299300,92.68000030517578,92.68000030517578,90.97000122070312,91.37000274658205,86.48011016845703
2017-07-17,1017700,93.0500030517578,93.37000274658205,92.5500030517578,92.70999908447266,87.7483901977539
2017-07-14,859000,93.05999755859376,93.41999816894533,92.52999877929688,92.95999908447266,87.98501586914062
2017-07-13,788800,93.5500030517578,93.79000091552734,92.31999969482422,92.86000061035156,87.89036560058594
2017-07-12,655100,92.83999633789062,93.6999969482422,92.61000061035156,93.20999908447266,88.22164154052734
2017-07-11,911500,92.6500015258789,92.6500015258789,91.1500015258789,92.18000030517578,87.24675750732422
2017-07-10,1255300,93.6500015258789,94.54000091552734,92.27999877929688,92.48999786376952,87.54017639160156
2017-07-07,1158700,93.04000091552734,94.26000213623048,92.73999786376952,93.91000366210938,88.8841781616211
2017-07-06,951100,94.69000244140624,95.19000244140624,92.23999786376952,92.51000213623048,87.5591049194336
2017-07-05,908900,94.91000366210938,95.68000030517578,94.25,95.22000122070312,90.12408447265624
2017-07-03,527400,94.86000061035156,95.36000061035156,94.4000015258789,94.6999969482422,89.63188934326172
2017-06-30,1236100,94.94000244140624,95.2300033569336,93.3499984741211,94.52999877929688,89.47098541259766
2017-06-29,1053300,96.68000030517578,97.8499984741211,95.38999938964844,95.76000213623048,90.6351547241211
2017-06-28,897600,96.16999816894533,97.11000061035156,96.06999969482422,96.37999725341795,91.22198486328124
2017-06-27,1253100,95.91999816894533,96.6999969482422,95.0999984741211,95.52999877929688,90.41748046875
2017-06-26,1171100,96.1999969482422,96.72000122070312,95.62999725341795,95.98999786376952,90.85287475585938
2017-06-23,1624100,96.5,96.80999755859376,95.3000030517578,95.81999969482422,90.69194793701172
2017-06-22,1730000,95.6999969482422,97.66999816894533,95.5,96.37000274658205,91.21250915527344
2017-06-21,1092700,93.33999633789062,95.6500015258789,92.9499969482422,95.62000274658205,90.5026626586914
2017-06-20,1089100,93.75,93.9000015258789,92.80999755859376,93.25,88.25949096679688
2017-06-19,1072900,92.61000061035156,94.0199966430664,91.76000213623048,93.75,88.73274230957031
2017-06-16,1880600,94.54000091552734,94.55999755859376,91.73999786376952,92.52999877929688,87.57803344726562
2017-06-15,1733300,93.5,95.18000030517578,92.75,94.43000030517578,89.3763427734375
2017-06-14,901900,93.0,94.58999633789062,92.9000015258789,93.9000015258789,88.87471008300781
2017-06-13,636400,92.51000213623048,93.0,92.02999877929688,93.0,88.02286529541016
2017-06-12,816500,91.88999938964844,92.62999725341795,91.88999938964844,92.36000061035156,87.41712951660156
2017-06-09,1157100,91.27999877929688,92.30999755859376,91.02999877929688,92.0999984741211,87.1710433959961
2017-06-08,1113600,91.93000030517578,92.19000244140624,91.20999908447266,91.56999969482422,86.66940307617188
2017-06-07,1182800,91.9499969482422,92.2300033569336,91.4499969482422,91.93000030517578,87.01013946533203
2017-06-06,1377400,93.19000244140624,93.1999969482422,91.45999908447266,91.69000244140624,86.78298950195312
2017-06-05,1050800,93.1999969482422,93.56999969482422,92.51000213623048,93.31999969482422,88.32575988769531
2017-06-02,1285000,93.5,93.83999633789062,92.70999908447266,93.58000183105467,88.57184600830078
2017-06-01,1326900,91.70999908447266,93.3000030517578,91.44000244140624,93.13999938964844,88.15538787841797
2017-05-31,1870200,91.33000183105467,91.79000091552734,90.75,91.7699966430664,86.85870361328125
2017-05-30,1248400,90.66000366210938,91.38999938964844,90.52999877929688,91.02999877929688,86.15831756591797
2017-05-26,891900,91.19000244140624,91.5,90.91000366210938,91.0,86.12989807128906
2017-05-25,1047100,90.0,91.43000030517578,89.83000183105469,91.11000061035156,86.2340316772461
2017-05-24,1260500,89.37999725341797,90.31999969482422,88.55000305175781,89.97000122070312,85.15503692626953
2017-05-23,1709800,89.7300033569336,89.8499984741211,89.02999877929688,89.19000244140625,84.4167709350586
2017-05-22,1343300,89.0,90.1999969482422,89.0,89.4800033569336,84.6912612915039
2017-05-19,1812800,87.62000274658203,89.79000091552734,87.05000305175781,89.16000366210938,84.38839721679688
2017-05-18,1152100,86.26000213623047,87.66000366210938,86.12000274658203,86.69000244140625,82.05056762695312
2017-05-17,1797000,89.12000274658203,89.12000274658203,86.12999725341797,86.27999877929688,81.3170394897461
2017-05-16,1273200,89.83999633789062,89.83999633789062,88.56999969482422,89.12000274658203,83.99369049072266
2017-05-15,2107500,88.48999786376953,90.98999786376952,88.47000122070312,89.91999816894531,84.74766540527344
2017-05-12,1202100,88.61000061035156,88.97000122070312,88.44000244140625,88.75,83.64496612548828
2017-05-11,2145800,87.83999633789062,88.94000244140625,87.80000305175781,88.86000061035156,83.7486343383789
2017-05-10,1297300,87.56999969482422,88.70999908447266,87.55999755859375,88.13999938964844,83.07005310058594
2017-05-09,1923600,86.69999694824219,88.20999908447266,86.66999816894531,87.54000091552734,82.50457000732422
2017-05-08,1791300,86.20999908447266,86.9800033569336,86.0199966430664,86.58999633789062,81.60920715332031
2017-05-05,1707300,86.66000366210938,86.97000122070312,85.54000091552734,85.88999938964844,80.94947052001953
2017-05-04,3767600,83.5,87.97000122070312,83.5,86.52999877929688,81.55266571044922
2017-05-03,2920300,82.44999694824219,83.11000061035156,81.5999984741211,82.66999816894531,77.9146957397461
2017-05-02,1825600,82.76000213623047,82.91999816894531,81.06999969482422,82.66000366210938,77.90526580810547
2017-05-01,1708800,82.31999969482422,83.01000213623047,81.86000061035156,82.48999786376953,77.74504089355469
2017-04-28,1476200,82.16999816894531,82.4000015258789,81.61000061035156,82.05000305175781,77.33038330078125
2017-04-27,1671200,81.37999725341797,82.19000244140625,81.30000305175781,82.12000274658203,77.3963394165039
2017-04-26,1219400,81.5,82.16999816894531,81.19999694824219,81.25,76.57636260986328
2017-04-25,1988100,80.81999969482422,81.56999969482422,79.4000015258789,81.48999786376953,76.80258178710938
2017-04-24,2300100,82.02999877929688,82.11000061035156,80.80999755859375,80.94000244140625,76.2842025756836
2017-04-21,1138900,82.19999694824219,82.29000091552734,81.11000061035156,81.26000213623047,76.58580017089844
2017-04-20,2058600,82.2300033569336,82.93000030517578,81.62000274658203,82.37000274658203,77.63196563720703
2017-04-19,1904900,82.63999938964844,83.08999633789062,81.62000274658203,81.8499984741211,77.1418685913086
2017-04-18,4384100,83.16999816894531,83.44000244140625,81.12999725341797,82.55999755859375,77.81102752685547
2017-04-17,1284400,86.63999938964844,86.72000122070312,86.20999908447266,86.63999938964844,81.65634155273438
2017-04-13,787500,86.63999938964844,87.29000091552734,86.36000061035156,86.66999816894531,81.68460845947266
2017-04-12,1887700,87.1500015258789,87.58999633789062,86.13999938964844,86.81999969482422,81.82598876953125
2017-04-11,1449600,88.27999877929688,88.3499984741211,86.81999969482422,87.87000274658203,82.81558227539062
2017-04-10,1007800,87.75,89.25,87.58999633789062,88.44000244140625,83.3528060913086
2017-04-07,933400,87.56999969482422,88.06999969482422,87.29000091552734,87.62000274658203,82.57997131347656
2017-04-06,1586000,87.26000213623047,87.69000244140625,86.8499984741211,87.63999938964844,82.59882354736328
2017-04-05,1187100,87.44000244140625,88.26000213623047,86.98999786376953,87.18000030517578,82.165283203125
2017-04-04,1372300,87.05999755859375,87.98999786376953,86.70999908447266,86.93000030517578,81.92964935302734
2017-04-03,1379300,88.41000366210938,88.62999725341797,86.80000305175781,87.33000183105469,82.30664825439453
2017-03-31,1793100,88.87000274658203,89.6500015258789,88.47000122070312,88.5,83.40935516357422
2017-03-30,1395000,89.3499984741211,89.87999725341797,89.02999877929688,89.13999938964844,84.01253509521484
2017-03-29,2280700,87.4000015258789,89.7699966430664,87.4000015258789,89.51000213623047,84.36125183105469
2017-03-28,1199900,87.12000274658203,87.97000122070312,87.12000274658203,87.5,82.46687316894531
2017-03-27,1558600,86.13999938964844,87.55000305175781,86.12000274658203,87.4800033569336,82.44802856445312
2017-03-24,1241000,85.98999786376953,86.83000183105469,85.72000122070312,86.55999755859375,81.58094024658203
2017-03-23,1440200,85.86000061035156,86.75,85.79000091552734,85.98999786376953,81.04373168945312
2017-03-22,1189700,86.12000274658203,86.27999877929688,85.22000122070312,85.87999725341797,80.9400634765625
2017-03-21,1988800,87.0,87.29000091552734,85.7699966430664,85.91000366210938,80.96833038330078
2017-03-20,1618700,87.6500015258789,87.88999938964844,86.25,86.91000366210938,81.91081237792969
2017-03-17,2296100,87.91000366210938,88.33000183105469,86.87999725341797,87.52999877929688,82.49514770507812
2017-03-16,1520000,89.58000183105469,89.76000213623047,87.88999938964844,88.0,82.9381103515625
2017-03-15,1800400,88.8499984741211,89.56999969482422,88.13999938964844,89.4800033569336,84.33297729492188
2017-03-14,1243500,88.95999908447266,89.19999694824219,88.04000091552734,88.80999755859375,83.70150756835938
2017-03-13,1673900,88.76000213623047,89.25,88.22000122070312,89.13999938964844,84.01253509521484
2017-03-10,1545600,88.98999786376953,89.0,87.76000213623047,88.30999755859375,83.23027801513672
2017-03-09,1125700,89.4000015258789,89.4000015258789,88.08000183105469,88.61000061035156,83.51302337646484
2017-03-08,1847600,88.31999969482422,89.97000122070312,88.31999969482422,89.08000183105469,83.95598602294922
2017-03-07,2612100,89.2300033569336,89.80000305175781,87.91999816894531,88.4800033569336,83.39051055908203
2017-03-06,1808000,91.58000183105467,91.87000274658205,89.73999786376953,89.98999786376953,84.81364440917969
2017-03-03,1405300,92.22000122070312,92.66999816894533,91.47000122070312,92.2300033569336,86.92479705810547
2017-03-02,1438400,91.88999938964844,92.7300033569336,91.4499969482422,91.94000244140624,86.65147399902344
2017-03-01,1393700,92.19000244140624,92.80999755859376,91.69000244140624,92.2300033569336,86.92479705810547
2017-02-28,1915500,91.9000015258789,91.93000030517578,90.9800033569336,91.51000213623048,86.24620819091797
2017-02-27,1139600,92.30999755859376,92.73999786376952,91.3000030517578,91.7300033569336,86.45355987548828
2017-02-24,1001700,91.51000213623048,92.16000366210938,90.52999877929688,92.16000366210938,86.85881042480469
2017-02-23,2169800,91.4499969482422,92.4000015258789,90.95999908447266,91.61000061035156,86.34046173095703
2017-02-22,1152900,91.19000244140624,92.1999969482422,91.01000213623048,91.33999633789062,86.08597564697266
2017-02-21,2061200,90.73999786376952,91.1500015258789,89.55999755859375,91.01000213623048,85.77498626708984
2017-02-17,1441200,90.23999786376952,90.87999725341795,89.72000122070312,90.76000213623048,85.53936004638672
2017-02-16,2282900,91.0,91.54000091552734,89.0,90.31999969482422,85.12464141845703
2017-02-15,1944700,90.6500015258789,91.47000122070312,89.66000366210938,91.18000030517578,85.5912094116211
2017-02-14,2066300,90.0,91.08999633789062,89.7300033569336,90.81999969482422,85.25325012207031
2017-02-13,3037800,91.52999877929688,94.5,89.41999816894531,90.4800033569336,84.93409729003906
2017-02-10,1527300,91.54000091552734,91.75,90.2699966430664,91.16999816894533,85.581787109375
2017-02-09,1630300,91.06999969482422,91.77999877929688,90.16000366210938,91.6500015258789,86.0323715209961
2017-02-08,1469800,90.18000030517578,91.11000061035156,89.68000030517578,91.06999969482422,85.48792266845703
2017-02-07,2108500,89.8499984741211,91.63999938964844,89.70999908447266,90.33000183105467,84.79327392578125
2017-02-06,2869800,89.16999816894531,91.6500015258789,88.93000030517578,89.9800033569336,84.46475219726562
2017-02-03,2990300,88.56999969482422,89.61000061035156,87.73999786376953,89.27999877929688,83.8076400756836
2017-02-02,3836300,88.05000305175781,88.77999877929688,86.56999969482422,88.05000305175781,82.65304565429688
2017-02-01,3362000,87.70999908447266,88.69999694824219,86.08999633789062,88.61000061035156,83.17871856689453
2017-01-31,5827300,86.62000274658203,87.83999633789062,83.0,87.27999877929688,81.93024444580078
2017-01-30,2650000,82.55000305175781,83.75,80.81999969482422,83.62000274658203,78.49457550048828
2017-01-27,1865400,83.68000030517578,83.68000030517578,82.06999969482422,82.43000030517578,77.37748718261719
2017-01-26,3482900,81.04000091552734,85.19999694824219,81.04000091552734,83.38999938964844,78.27867889404297
2017-01-25,1858200,84.9000015258789,85.91999816894531,84.58000183105469,85.83000183105469,80.56909942626953
2017-01-24,1513500,84.69999694824219,85.19000244140625,84.05999755859375,84.41000366210938,79.23614501953125
2017-01-23,1420100,83.72000122070312,85.0999984741211,83.30999755859375,84.87999725341797,79.67733001708984
2017-01-20,3780100,85.86000061035156,86.2699966430664,83.20999908447266,83.75,78.6166000366211
2017-01-19,1574500,85.27999877929688,85.77999877929688,84.81999969482422,85.47000122070312,80.2311782836914
2017-01-18,2094000,85.94999694824219,86.18000030517578,85.19000244140625,85.51000213623047,80.26872253417969
2017-01-17,2103000,84.91999816894531,86.47000122070312,84.08999633789062,85.98999786376953,80.71930694580078
2017-01-13,1397900,84.08000183105469,85.12000274658203,83.51000213623047,84.62000274658203,79.43328857421875
2017-01-12,2771200,82.27999877929688,84.94000244140625,81.94999694824219,83.86000061035156,78.71986389160156
2017-01-11,3994900,85.1500015258789,86.31999969482422,79.94000244140625,81.52999877929688,76.53268432617188
2017-01-10,1860900,85.0999984741211,86.13999938964844,84.30000305175781,84.83000183105469,79.63040161132812
2017-01-09,2081600,84.5999984741211,86.06999969482422,84.5999984741211,85.4800033569336,80.2405776977539
2017-01-06,2132000,83.52999877929688,85.77999877929688,83.52999877929688,84.80000305175781,79.60223388671875
2017-01-05,2136200,84.37999725341797,84.83000183105469,82.62000274658203,83.68000030517578,78.55089569091797
2017-01-04,2561900,82.5999984741211,85.13999938964844,82.47000122070312,84.66000366210938,79.4708251953125
2017-01-03,4134200,78.51000213623047,83.0999984741211,78.30999755859375,82.61000061035156,77.54647827148438
2016-12-30,1409000,79.3499984741211,79.48999786376953,77.95999908447266,78.19000244140625,73.39740753173828
2016-12-29,1014800,78.61000061035156,80.23999786376953,78.58999633789062,79.33999633789062,74.4769287109375
2016-12-28,862100,78.86000061035156,79.22000122070312,78.20999908447266,78.3499984741211,73.54757690429688
2016-12-27,655200,78.41999816894531,79.2699966430664,78.30000305175781,78.81999969482422,73.98877716064453
2016-12-23,596600,78.04000091552734,78.93000030517578,77.88999938964844,78.55999755859375,73.74472045898438
2016-12-22,1881800,78.95999908447266,78.95999908447266,77.33000183105469,77.80999755859375,73.04067993164062
2016-12-21,1355800,78.95999908447266,79.58000183105469,78.61000061035156,78.8499984741211,74.01692962646484
2016-12-20,2934200,78.69999694824219,80.05999755859375,78.55999755859375,79.30000305175781,74.43936157226562
2016-12-19,1816300,77.55000305175781,78.6500015258789,77.37999725341797,78.41999816894531,73.61329650878906
2016-12-16,3635100,76.94000244140625,77.58000183105469,76.5,77.37999725341797,72.63703918457031
2016-12-15,2174600,76.80000305175781,76.83000183105469,75.45999908447266,76.66999816894531,71.9705581665039
2016-12-14,2282100,78.94999694824219,79.4000015258789,76.58999633789062,77.05000305175781,72.3272705078125
2016-12-13,1329600,78.37999725341797,79.16999816894531,78.16999816894531,79.04000091552734,74.19529724121094
2016-12-12,1730300,78.37000274658203,78.97000122070312,77.27999877929688,78.06999969482422,73.28475952148438
2016-12-09,1790900,77.19000244140625,79.22000122070312,77.0199966430664,78.9000015258789,74.06388092041016
2016-12-08,2567200,76.23999786376953,77.63999938964844,75.68000030517578,76.87999725341797,72.16769409179688
2016-12-07,4493500,78.19000244140625,78.19000244140625,73.86000061035156,76.37999725341797,71.69833374023438
2016-12-06,2374800,79.9000015258789,80.0999984741211,78.54000091552734,78.87000274658203,74.03571319580078
2016-12-05,2611200,78.88999938964844,79.9800033569336,78.51000213623047,79.54000091552734,74.66465759277344
2016-12-02,1733300,78.1500015258789,79.58000183105469,77.66000366210938,78.80000305175781,73.97002410888672
2016-12-01,1505600,77.87999725341797,78.69999694824219,77.61000061035156,77.80000305175781,73.03130340576172
2016-11-30,5158900,77.72000122070312,78.91999816894531,77.44999694824219,77.98999786376953,73.20966339111328
2016-11-29,2493700,78.6500015258789,79.36000061035156,77.52999877929688,77.62999725341797,72.8717269897461
2016-11-28,2124600,78.61000061035156,79.58000183105469,77.80999755859375,79.05000305175781,74.20468139648438
2016-11-25,1159000,79.06999969482422,80.4800033569336,78.3499984741211,78.56999969482422,73.75410461425781
2016-11-23,1324600,78.06999969482422,78.9000015258789,77.76000213623047,78.69999694824219,73.87614440917969
2016-11-22,1910400,78.7699966430664,78.7699966430664,77.7699966430664,78.41000366210938,73.60392761230469
2016-11-21,2607500,78.62000274658203,79.33999633789062,77.83999633789062,78.44999694824219,73.6414566040039
2016-11-18,3644000,79.91000366210938,79.91000366210938,78.91000366210938,79.20999908447266,74.35486602783203
2016-11-17,3045700,78.19999694824219,80.25,77.70999908447266,80.16000366210938,75.24665069580078
2016-11-16,2962300,79.16000366210938,80.20999908447266,78.66000366210938,78.86000061035156,73.6836929321289
2016-11-15,4285600,81.5,81.66000366210938,78.83999633789062,79.52999877929688,74.30972290039062
2016-11-14,4404200,82.16000366210938,82.58000183105469,79.37999725341797,81.33000183105469,75.9915771484375
2016-11-11,5221500,79.41000366210938,79.8499984741211,77.23999786376953,78.91999816894531,73.73976135253906
2016-11-10,4612200,77.08999633789062,80.80000305175781,77.08999633789062,79.58999633789062,74.36579132080078
2016-11-09,5516300,72.9800033569336,76.1500015258789,71.75,75.61000061035156,70.64703369140625
2016-11-08,4787000,71.02999877929688,71.16000366210938,68.70999908447266,69.02999877929688,64.49893951416016
2016-11-07,3629500,71.5199966430664,72.33999633789062,70.98999786376953,71.93000030517578,67.20857238769531
2016-11-04,4999800,71.69000244140625,73.31999969482422,70.2699966430664,70.47000122070312,65.84440612792969
2016-11-03,7258600,75.87000274658203,77.47000122070312,71.20999908447266,72.31999969482422,67.5729751586914
2016-11-02,6161100,70.2699966430664,76.69000244140625,70.18000030517578,75.95999908447266,70.97403717041016
2016-11-01,4264200,69.8499984741211,71.18000030517578,69.6500015258789,69.79000091552734,65.20906066894531
2016-10-31,4437000,69.51000213623047,70.94000244140625,69.51000213623047,70.31999969482422,65.70426177978516
2016-10-28,9767100,69.12999725341797,71.41000366210938,68.37999725341797,69.13999938964844,64.6017074584961
2016-10-27,1595100,79.55999755859375,79.83999633789062,79.11000061035156,79.5,74.28170013427734
2016-10-26,2134600,80.01000213623047,80.23999786376953,79.0999984741211,79.37000274658203,74.16022491455078
2016-10-25,1688700,79.5999984741211,80.55999755859375,79.44999694824219,80.38999938964844,75.11326599121094
2016-10-24,1308300,80.33999633789062,80.87999725341797,79.94000244140625,80.04000091552734,74.78624725341797
2016-10-21,1210400,80.16000366210938,80.52999877929688,79.93000030517578,80.0199966430664,74.76757049560547
2016-10-20,2312900,80.27999877929688,81.7699966430664,80.2300033569336,80.73999786376953,75.4403076171875
2016-10-19,1645100,81.19999694824219,81.19999694824219,80.3499984741211,80.3499984741211,75.0759048461914
2016-10-18,1914200,80.45999908447266,81.23999786376953,80.16999816894531,81.08999633789062,75.7673110961914
2016-10-17,2186800,79.75,79.91000366210938,79.2300033569336,79.73999786376953,74.50593566894531
2016-10-14,1285800,80.48999786376953,80.87999725341797,79.79000091552734,79.79000091552734,74.55265045166016
2016-10-13,2494000,80.27999877929688,80.93000030517578,79.93000030517578,80.37999725341797,75.1039047241211
2016-10-12,2367600,79.69000244140625,81.05000305175781,79.41999816894531,80.61000061035156,75.31884765625
2016-10-11,2409000,79.5999984741211,80.04000091552734,79.26000213623047,79.61000061035156,74.38446807861328
2016-10-10,1281800,79.06999969482422,80.01000213623047,78.77999877929688,79.63999938964844,74.41250610351562
2016-10-07,1837100,80.43000030517578,80.55000305175781,78.69999694824219,79.38999938964844,74.17890167236328
2016-10-06,2249100,79.58000183105469,80.29000091552734,78.9000015258789,80.13999938964844,74.87969207763672
2016-10-05,1745300,80.70999908447266,80.86000061035156,79.87999725341797,80.02999877929688,74.77691650390625
2016-10-04,1681000,81.26000213623047,81.72000122070312,80.25,80.52999877929688,75.24409484863281
2016-10-03,1562500,80.68000030517578,80.94000244140625,79.98999786376953,80.12000274658203,74.86100769042969
2016-09-30,3001800,81.29000091552734,81.63999938964844,79.33999633789062,80.77999877929688,75.4776840209961
2016-09-29,1625300,82.91999816894531,83.27999877929688,81.25,81.25,75.91680145263672
2016-09-28,1310000,83.25,83.30000305175781,82.45999908447266,83.19999694824219,77.73883056640625
2016-09-27,1583500,82.75,83.73999786376953,82.45999908447266,83.25,77.78553771972656
2016-09-26,1340000,83.06999969482422,83.55999755859375,82.66999816894531,82.72000122070312,77.29033660888672
2016-09-23,1829200,83.55000305175781,83.77999877929688,82.97000122070312,83.33000183105469,77.86028289794922
2016-09-22,2270400,83.26000213623047,83.94999694824219,83.05000305175781,83.58999633789062,78.10323333740234
2016-09-21,2813200,82.19999694824219,83.1500015258789,81.79000091552734,83.0199966430664,77.57064819335938
2016-09-20,2484400,83.6500015258789,83.68000030517578,82.06999969482422,82.08000183105469,76.6923599243164
2016-09-19,2335400,83.91000366210938,84.95999908447266,83.06999969482422,83.26000213623047,77.79488372802734
2016-09-16,3459900,83.95999908447266,84.38999938964844,83.01000213623047,84.11000061035156,78.58909606933594
2016-09-15,2435200,83.54000091552734,84.54000091552734,83.05999755859375,84.19999694824219,78.67320251464844
2016-09-14,5896200,85.37999725341797,85.4800033569336,83.41999816894531,83.8499984741211,78.34616088867188
2016-09-13,2722600,86.19999694824219,86.55000305175781,84.9800033569336,85.25,79.65426635742188
2016-09-12,2380700,85.01000213623047,87.13999938964844,84.94999694824219,86.94999694824219,81.24266815185547
2016-09-09,2470500,86.62999725341797,86.81999969482422,85.22000122070312,85.30999755859375,79.7103271484375
2016-09-08,2195200,87.4000015258789,87.66999816894531,87.13999938964844,87.2699966430664,81.54167175292969
2016-09-07,1513600,87.5999984741211,88.44000244140625,87.44999694824219,87.75,81.99015808105469
2016-09-06,1652300,87.30000305175781,87.80000305175781,87.0,87.62999725341797,81.87804412841797
2016-09-02,1217400,87.55000305175781,87.87000274658203,87.25,87.44000244140625,81.70051574707031
2016-09-01,1331100,87.01000213623047,87.72000122070312,86.58000183105469,87.1500015258789,81.4295654296875
2016-08-31,2682000,86.12999725341797,87.08000183105469,85.7300033569336,86.97000122070312,81.26136016845703
2016-08-30,1736800,86.30999755859375,86.87000274658203,85.68000030517578,86.04000091552734,80.3924331665039
2016-08-29,1352400,85.81999969482422,86.44999694824219,85.30999755859375,86.30999755859375,80.64469146728516
2016-08-26,1872100,85.66999816894531,86.56999969482422,85.1500015258789,85.75,80.1214599609375
2016-08-25,3351500,88.1500015258789,88.26000213623047,85.38999938964844,85.51000213623047,79.89720916748047
2016-08-24,1338100,88.9000015258789,89.08999633789062,88.0999984741211,88.38999938964844,82.58815002441406
2016-08-23,638100,89.13999938964844,89.2300033569336,88.83000183105469,88.98999786376953,83.14878845214844
2016-08-22,1011800,88.80000305175781,88.93000030517578,88.47000122070312,88.75,82.92453002929688
2016-08-19,2089400,88.52999877929688,89.0,88.26000213623047,88.8499984741211,83.01795959472656
2016-08-18,1444700,88.54000091552734,88.98999786376953,88.11000061035156,88.97000122070312,83.1301040649414
2016-08-17,1496100,89.29000091552734,89.5199966430664,88.36000061035156,88.94000244140625,82.78438568115234
2016-08-16,1555400,88.98999786376953,90.12000274658205,88.98999786376953,89.45999908447266,83.26837158203125
2016-08-15,1797000,88.94999694824219,89.41000366210938,88.63999938964844,89.38999938964844,83.20323944091797
2016-08-12,1319300,89.13999938964844,89.19000244140625,88.33000183105469,88.91000366210938,82.75646209716797
2016-08-11,1669300,87.97000122070312,89.05000305175781,87.47000122070312,88.94999694824219,82.7936782836914
2016-08-10,1621800,88.79000091552734,88.83000183105469,87.66000366210938,87.9000015258789,81.81636810302734
2016-08-09,1491700,88.77999877929688,89.36000061035156,88.37000274658203,88.62000274658203,82.48652648925781
2016-08-08,1596300,89.70999908447266,89.70999908447266,88.47000122070312,88.66999816894531,82.53307342529297
2016-08-05,1527200,89.37000274658203,90.4800033569336,89.25,89.3499984741211,83.16598510742188
2016-08-04,1897400,89.70999908447266,89.80999755859375,88.44000244140625,88.9800033569336,82.82160949707031
2016-08-03,2565200,89.33999633789062,89.88999938964844,88.37000274658203,89.88999938964844,83.66862487792969
2016-08-02,5179200,88.63999938964844,90.54000091552734,87.58000183105469,89.43000030517578,83.24046325683594
2016-08-01,2930400,85.27999877929688,86.31999969482422,85.11000061035156,85.54000091552734,79.61968994140625
2016-07-29,1935900,84.33999633789062,85.37999725341797,84.12000274658203,85.19000244140625,79.29391479492188
2016-07-28,2434600,85.05000305175781,85.05999755859375,84.23999786376953,84.81999969482422,78.94953918457031
2016-07-27,1839800,85.70999908447266,85.80000305175781,84.66000366210938,85.41999816894531,79.50800323486328
2016-07-26,1646100,85.27999877929688,86.04000091552734,84.62000274658203,85.70999908447266,79.77792358398438
2016-07-25,1858200,85.9000015258789,85.93000030517578,85.01000213623047,85.41000366210938,79.49869537353516
2016-07-22,1331500,86.01000213623047,86.20999908447266,85.19000244140625,85.86000061035156,79.91754150390625
2016-07-21,1666600,86.37999725341797,86.9000015258789,85.52999877929688,85.80999755859375,79.87100219726562
2016-07-20,1248800,86.38999938964844,87.05000305175781,86.01000213623047,86.63999938964844,80.64356231689453
2016-07-19,1978400,85.76000213623047,86.1500015258789,85.0999984741211,85.91999816894531,79.97339630126953
2016-07-18,1113600,85.7300033569336,86.12000274658203,85.55000305175781,86.02999877929688,80.07577514648438
2016-07-15,2384000,86.26000213623047,86.5199966430664,84.91999816894531,85.55000305175781,79.6290054321289
2016-07-14,2035700,85.3499984741211,86.12000274658203,85.26000213623047,85.94999694824219,80.0013198852539
2016-07-13,2492100,84.52999877929688,85.3499984741211,84.33000183105469,84.93000030517578,79.05191040039062
2016-07-12,2838400,82.25,84.41000366210938,82.23999786376953,84.18000030517578,78.35382843017578
2016-07-11,1429300,81.97000122070312,82.5999984741211,81.8499984741211,82.18000030517578,76.49223327636719
2016-07-08,1597500,81.70999908447266,82.08000183105469,81.25,81.91999816894531,76.25021362304688
2016-07-07,2508900,81.08999633789062,81.52999877929688,80.52999877929688,80.98999786376953,75.38461303710938
2016-07-06,2457700,79.94000244140625,81.55000305175781,79.5999984741211,81.19000244140625,75.57076263427734
2016-07-05,2377200,79.86000061035156,80.69000244140625,79.38999938964844,80.36000061035156,74.79821014404297
2016-07-01,2763300,79.29000091552734,80.43000030517578,79.11000061035156,80.16000366210938,74.61205291748047
2016-06-30,3196300,77.61000061035156,79.33000183105469,77.43000030517578,79.31999969482422,73.8301773071289
2016-06-29,1926800,76.08000183105469,77.5,76.02999877929688,77.26000213623047,71.91276550292969
2016-06-28,2811300,74.31999969482422,75.44999694824219,74.05999755859375,75.31999969482422,70.1070327758789
2016-06-27,2212200,75.13999938964844,75.18000030517578,73.44000244140625,73.8499984741211,68.73876190185547
2016-06-24,4480600,75.08000183105469,75.8499984741211,75.04000091552734,75.44000244140625,70.21871185302734
2016-06-23,2647000,77.66000366210938,77.7699966430664,77.02999877929688,77.55000305175781,72.18269348144531
2016-06-22,1935200,76.56999969482422,77.4800033569336,76.06999969482422,77.12999725341797,71.791748046875
2016-06-21,1277300,76.48999786376953,76.77999877929688,76.05000305175781,76.56999969482422,71.2705307006836
2016-06-20,2448100,76.25,77.22000122070312,76.12999725341797,76.37000274658203,71.08435821533203
2016-06-17,3057000,76.01000213623047,76.33000183105469,75.16000366210938,75.69999694824219,70.4607162475586
2016-06-16,2111400,75.66999816894531,76.25,75.05000305175781,76.0,70.73995208740234
2016-06-15,2394900,75.94999694824219,76.7300033569336,75.87000274658203,76.12000274658203,70.85165405273438
2016-06-14,2961500,76.08000183105469,76.44999694824219,74.95999908447266,75.51000213623047,70.28388977050781
2016-06-13,2851100,76.44000244140625,77.18000030517578,76.20999908447266,76.41000366210938,71.12159729003906
2016-06-10,2818100,75.87000274658203,77.23999786376953,75.37000274658203,76.45999908447266,71.1681137084961
2016-06-09,3146200,76.22000122070312,76.41999816894531,75.9000015258789,76.16999816894531,70.89817810058594
2016-06-08,2048100,76.30999755859375,76.63999938964844,75.87000274658203,76.25,70.97266387939453
2016-06-07,1679100,76.38999938964844,76.54000091552734,75.91999816894531,76.22000122070312,70.94473266601562
2016-06-06,1492300,76.30000305175781,76.6500015258789,75.94999694824219,76.44999694824219,71.1588134765625
2016-06-03,1912200,76.69999694824219,77.0,76.2699966430664,76.54000091552734,71.24259948730469
2016-06-02,3043700,75.80999755859375,77.2300033569336,75.66000366210938,77.08000183105469,71.74523162841797
2016-06-01,2851500,74.76000213623047,75.94000244140625,74.58999633789062,75.63999938964844,70.40489196777344
2016-05-31,4431200,74.19999694824219,75.05000305175781,73.88999938964844,74.9800033569336,69.79056549072266
2016-05-27,1945900,73.77999877929688,74.11000061035156,73.62000274658203,74.02999877929688,68.90632629394531
2016-05-26,1460600,74.04000091552734,74.06999969482422,73.30999755859375,73.69000244140625,68.58985900878906
2016-05-25,1666400,74.58999633789062,74.75,73.87000274658203,74.04000091552734,68.9156265258789
2016-05-24,1949100,74.37000274658203,74.58999633789062,73.88999938964844,74.33999633789062,69.1948471069336
2016-05-23,1730500,75.0,75.05000305175781,73.91000366210938,73.94000244140625,68.82254791259766
2016-05-20,2544900,75.13999938964844,75.33000183105469,74.36000061035156,74.81999969482422,69.64163970947266
2016-05-19,3018700,74.45999908447266,75.30999755859375,74.33999633789062,75.05000305175781,69.85572052001953
2016-05-18,3243600,74.19999694824219,75.2699966430664,74.08000183105469,75.1500015258789,69.63233947753906
2016-05-17,2971400,74.4000015258789,75.05999755859375,74.05999755859375,74.52999877929688,69.05785369873047
2016-05-16,2991700,73.76000213623047,74.66999816894531,73.7300033569336,74.58999633789062,69.1134262084961
2016-05-13,2377500,74.70999908447266,75.06999969482422,73.54000091552734,73.66000366210938,68.25173950195312
2016-05-12,3469300,75.91999816894531,75.91999816894531,74.62999725341797,74.77999877929688,69.28948211669922
2016-05-11,3441100,76.4800033569336,76.81999969482422,75.5,75.76000213623047,70.19755554199219
2016-05-10,3683600,77.77999877929688,78.29000091552734,76.4000015258789,76.68000030517578,71.04999542236328
2016-05-09,3961400,76.43000030517578,78.4800033569336,76.2699966430664,77.37000274658203,71.68933868408203
2016-05-06,6821300,77.95999908447266,78.1500015258789,75.3499984741211,76.5199966430664,70.90174865722656
2016-05-05,11877900,77.94999694824219,79.68000030517578,76.81999969482422,78.0,72.27307891845703
2016-05-04,2256100,84.9800033569336,85.30000305175781,84.0,84.29000091552734,78.10125732421875
2016-05-03,1950900,84.93000030517578,86.06999969482422,84.43000030517578,85.4800033569336,79.20388793945312
2016-05-02,1621400,85.19000244140625,85.37000274658203,84.51000213623047,85.2300033569336,78.97223663330078
2016-04-29,3904800,86.12999725341797,86.48999786376953,84.37000274658203,85.0999984741211,78.85177612304688
2016-04-28,5342200,89.61000061035156,89.61000061035156,86.18000030517578,86.41999816894531,80.07484436035156
2016-04-27,1707700,91.31999969482422,91.6500015258789,90.29000091552734,90.63999938964844,83.98501586914062
2016-04-26,1126700,91.7300033569336,92.0,91.12999725341795,91.27999877929688,84.5780258178711
2016-04-25,2236900,91.75,91.98999786376952,90.9800033569336,91.51000213623048,84.79115295410156
2016-04-22,1940900,92.02999877929688,92.41999816894533,91.1500015258789,91.88999938964844,85.14324951171875
2016-04-21,2346000,91.62999725341795,92.4800033569336,91.5199966430664,91.83000183105467,85.087646484375
2016-04-20,3145300,89.91999816894531,91.97000122070312,89.63999938964844,91.86000061035156,85.11544799804688
2016-04-19,2041500,89.41000366210938,90.23999786376952,89.22000122070312,89.48999786376953,82.9194564819336
2016-04-18,1746800,88.04000091552734,88.72000122070312,87.63999938964844,88.66000366210938,82.15039825439453
2016-04-15,2362400,86.5999984741211,87.87999725341797,86.48999786376953,87.83000183105469,81.38134002685547
2016-04-14,2126500,84.69999694824219,87.13999938964844,84.62999725341797,86.69999694824219,80.33428192138672
2016-04-13,1929400,85.33000183105469,85.77999877929688,84.6500015258789,85.16999816894531,78.91663360595703
2016-04-12,1735100,84.61000061035156,85.1500015258789,84.05000305175781,84.9000015258789,78.66647338867188
2016-04-11,1869800,85.16000366210938,85.54000091552734,84.36000061035156,84.44000244140625,78.240234375
2016-04-08,2483600,86.75,86.88999938964844,85.12000274658203,85.30999755859375,79.04635620117188
2016-04-07,2218700,87.30000305175781,88.0,86.5999984741211,86.66000366210938,80.29724884033203
2016-04-06,2816600,85.76000213623047,87.5999984741211,85.72000122070312,87.54000091552734,81.11262512207031
2016-04-05,2548800,86.37000274658203,87.01000213623047,85.58000183105469,85.69000244140625,79.39845275878906
2016-04-04,2271600,86.73999786376953,88.0999984741211,86.61000061035156,87.16000366210938,80.76053619384766
2016-04-01,2033000,86.61000061035156,86.8499984741211,86.0,86.51000213623047,80.15825653076172
2016-03-31,1716200,87.12999725341797,87.73999786376953,86.30000305175781,86.55000305175781,80.19532012939453
2016-03-30,1659900,86.5,87.44999694824219,86.41999816894531,87.08999633789062,80.69567108154297
2016-03-29,1413400,86.55000305175781,86.86000061035156,85.7300033569336,86.41999816894531,80.07484436035156
2016-03-28,1463800,87.04000091552734,87.4000015258789,85.70999908447266,86.4800033569336,80.13046264648438
2016-03-24,2449700,86.86000061035156,87.2300033569336,85.94999694824219,86.16999816894531,79.84321594238281
2016-03-23,1327800,87.5,87.83999633789062,87.08999633789062,87.2699966430664,80.8624496459961
2016-03-22,1687800,87.2699966430664,87.52999877929688,86.62000274658203,87.16000366210938,80.76053619384766
2016-03-21,1626400,87.58000183105469,87.83999633789062,86.80000305175781,87.12999725341797,80.73274230957031
2016-03-18,3676000,86.12000274658203,87.77999877929688,85.41000366210938,87.4800033569336,81.05703735351562
2016-03-17,3023200,87.06999969482422,87.47000122070312,85.7300033569336,85.87999725341797,79.57450866699219
2016-03-16,1399200,86.29000091552734,87.33999633789062,85.94000244140625,87.06999969482422,80.67713928222656
2016-03-15,2220400,87.5,88.12999725341797,86.11000061035156,86.30000305175781,79.96367645263672
2016-03-14,1453500,89.05999755859375,89.7699966430664,87.87999725341797,87.95999908447266,81.50178527832031
2016-03-11,3536400,87.0199966430664,89.63999938964844,86.55999755859375,89.55000305175781,82.97505187988281
2016-03-10,3419100,88.01000213623047,88.16000366210938,85.80999755859375,86.18000030517578,79.85247802734375
2016-03-09,1817700,87.79000091552734,88.01000213623047,87.37000274658203,87.56999969482422,81.14043426513672
2016-03-08,1834800,88.33000183105469,88.33999633789062,87.13999938964844,87.81999969482422,81.37206268310547
2016-03-07,1757300,87.36000061035156,88.25,87.19000244140625,88.0999984741211,81.63150024414062
2016-03-04,1666700,88.16999816894531,88.47000122070312,87.77999877929688,88.0,81.53887176513672
2016-03-03,1908000,87.62999725341797,88.33999633789062,87.12999725341797,88.22000122070312,81.74270629882812
2016-03-02,1628200,87.43000030517578,87.95999908447266,87.04000091552734,87.62999725341797,81.19601440429688
2016-03-01,1942000,86.80000305175781,87.7300033569336,86.47000122070312,87.43000030517578,81.01069641113281
2016-02-29,2595900,87.37000274658203,87.51000213623047,86.44000244140625,86.62000274658203,80.26017761230469
2016-02-26,1160700,87.8499984741211,88.56999969482422,87.47000122070312,87.54000091552734,81.11262512207031
2016-02-25,1264500,87.55000305175781,88.02999877929688,86.87999725341797,87.5999984741211,81.16824340820312
2016-02-24,2737300,86.5199966430664,87.27999877929688,85.80000305175781,87.08000183105469,80.68640899658203
2016-02-23,1675800,87.69000244140625,88.19000244140625,86.86000061035156,87.3499984741211,80.93658447265625
2016-02-22,2193800,86.86000061035156,87.88999938964844,86.83000183105469,87.69999694824219,81.2608642578125
2016-02-19,1653600,86.73999786376953,87.05000305175781,86.27999877929688,86.83999633789062,80.46403503417969
2016-02-18,2225800,87.02999877929688,87.48999786376953,86.58999633789062,86.69000244140625,80.32503509521484
2016-02-17,3574700,86.05999755859375,87.83000183105469,85.72000122070312,87.48999786376953,80.75125122070312
2016-02-16,2234400,86.11000061035156,86.2300033569336,85.0,85.61000061035156,79.01605224609375
2016-02-12,1880400,84.5999984741211,85.61000061035156,84.48999786376953,85.61000061035156,79.01605224609375
2016-02-11,2758400,84.25,85.08999633789062,84.19000244140625,84.55000305175781,78.03772735595703
2016-02-10,2708300,85.44000244140625,86.3499984741211,85.22000122070312,85.5999984741211,79.0068359375
2016-02-09,2809000,82.69000244140625,85.04000091552734,82.62000274658203,84.75,78.22230529785156
2016-02-08,4596600,83.88999938964844,84.23999786376953,82.72000122070312,83.62000274658203,77.17935180664062
2016-02-05,4853500,84.0,86.12999725341797,82.66000366210938,84.69999694824219,78.17615509033203
2016-02-04,8039400,80.51000213623047,87.97000122070312,80.5,84.4000015258789,77.8992691040039
2016-02-03,3997400,88.33999633789062,88.55000305175781,86.87000274658203,87.98999786376953,81.21275329589844
2016-02-02,2849600,88.5999984741211,89.88999938964844,87.94999694824219,88.13999938964844,81.3511962890625
2016-02-01,3036300,89.11000061035156,89.37999725341797,87.66000366210938,89.0,82.14496612548828
2016-01-29,3764800,87.55000305175781,89.5999984741211,87.27999877929688,89.55999755859375,82.66182708740234
2016-01-28,6053000,90.5,90.7300033569336,87.08999633789062,87.29000091552734,80.5666732788086
2016-01-27,2844500,91.29000091552734,91.5199966430664,89.7300033569336,90.18000030517578,83.23406219482422
2016-01-26,1327500,91.41000366210938,91.58999633789062,90.61000061035156,91.26000213623048,84.23088836669922
2016-01-25,2439400,91.98999786376952,92.2300033569336,91.0500030517578,91.2699966430664,84.24009704589844
2016-01-22,1985800,91.88999938964844,92.08000183105467,90.83999633789062,91.0,83.99091339111328
2016-01-21,2196700,90.9000015258789,91.83000183105467,89.79000091552734,90.56999969482422,83.59403228759766
2016-01-20,4490400,91.79000091552734,92.25,89.68000030517578,90.9000015258789,83.89862060546875
2016-01-19,3424200,93.29000091552734,93.33999633789062,91.58999633789062,92.54000091552734,85.41230010986328
2016-01-15,3212400,93.23999786376952,93.52999877929688,91.43000030517578,92.7699966430664,85.62457275390625
2016-01-14,2789400,92.79000091552734,94.23999786376952,92.41999816894533,93.72000122070312,86.50141906738281
2016-01-13,4002700,94.30999755859376,94.8499984741211,92.94000244140624,93.13999938964844,85.96609497070312
2016-01-12,3620400,94.4499969482422,95.51000213623048,93.77999877929688,94.18000030517578,86.92595672607422
2016-01-11,5985800,95.51000213623048,96.0,93.80999755859376,94.05999755859376,86.81522369384766
2016-01-08,1837100,99.16000366210938,99.51000213623048,97.8000030517578,97.95999908447266,90.41483306884766
2016-01-07,3658700,100.87000274658205,101.1500015258789,98.48999786376952,98.52999877929688,90.94093322753906
2016-01-06,2267300,101.45999908447266,102.63999938964844,101.30999755859376,101.77999877929688,93.94061279296876
2016-01-05,2049900,102.1999969482422,103.4000015258789,101.58999633789062,103.36000061035156,95.39889526367188
2016-01-04,2327000,102.30999755859376,102.63999938964844,101.29000091552734,101.87000274658205,94.02367401123048
2015-12-31,1107600,104.47000122070312,105.12000274658205,103.68000030517578,103.70999908447266,95.72196197509766
2015-12-30,1043900,104.94000244140624,105.80999755859376,104.79000091552734,105.0199966430664,96.9310531616211
2015-12-29,828300,104.69000244140624,105.3499984741211,104.27999877929688,104.7699966430664,96.70028686523438
2015-12-28,804400,103.8499984741211,104.56999969482422,103.4800033569336,104.19000244140624,96.16500091552734
2015-12-24,435400,103.70999908447266,104.19000244140624,103.5199966430664,103.9499969482422,95.94347381591795
2015-12-23,1244500,103.1500015258789,104.23999786376952,102.8000030517578,103.94000244140624,95.93423461914062
2015-12-22,1087900,103.0,103.44000244140624,102.1999969482422,103.16000366210938,95.21431732177734
2015-12-21,1669300,102.16999816894533,102.91999816894533,101.61000061035156,102.88999938964844,94.9651107788086
2015-12-18,4466700,102.12999725341795,102.61000061035156,101.23999786376952,101.87999725341795,94.03290557861328
2015-12-17,2791700,101.69000244140624,102.88999938964844,101.44000244140624,102.33999633789062,94.45746612548828
2015-12-16,1993700,102.0999984741211,102.44000244140624,100.44000244140624,101.58999633789062,93.76524353027344
2015-12-15,2229700,103.0199966430664,103.48999786376952,101.33999633789062,101.69000244140624,93.85752868652344
2015-12-14,2361600,102.1999969482422,102.75,101.33000183105467,102.52999877929688,94.63284301757812
2015-12-11,2028300,101.48999786376952,102.80999755859376,101.29000091552734,102.08000183105467,94.2175064086914
2015-12-10,2678700,100.93000030517578,102.41999816894533,100.62000274658205,101.9499969482422,94.09751892089844
2015-12-09,3365700,99.52999877929688,101.01000213623048,99.37000274658205,100.66999816894533,92.91610717773438
2015-12-08,1716200,99.6500015258789,100.58000183105467,99.33000183105467,100.47000122070312,92.73150634765624
2015-12-07,1265100,99.91999816894533,100.4000015258789,99.33999633789062,99.9800033569336,92.27924346923828
2015-12-04,1697100,99.12000274658205,100.4000015258789,98.54000091552734,99.88999938964844,92.1961669921875
2015-12-03,2629000,99.01000213623048,99.20999908447266,98.02999877929688,98.70999908447266,91.10707092285156
2015-12-02,1468000,99.83000183105467,100.01000213623048,98.51000213623048,98.8499984741211,91.2362823486328
2015-12-01,1823400,98.83999633789062,99.83000183105467,98.80999755859376,99.5,91.8362274169922
2015-11-30,1579800,99.08000183105467,99.48999786376952,98.62999725341795,98.63999938964844,91.04244995117188
2015-11-27,775400,99.0199966430664,99.6999969482422,98.47000122070312,98.98999786376952,91.36549377441406
2015-11-25,2090700,99.0,99.22000122070312,97.83000183105467,98.93000030517578,91.31011962890624
2015-11-24,1628200,98.16000366210938,98.62000274658205,97.75,98.5,90.91324615478516
2015-11-23,1062400,99.0,99.0,98.47000122070312,98.7300033569336,91.1255340576172
2015-11-20,2299700,99.5999984741211,99.91999816894533,98.63999938964844,99.0999984741211,91.46702575683594
2015-11-19,2044100,100.33000183105467,100.86000061035156,99.04000091552734,99.19000244140624,91.5500946044922
2015-11-18,1988700,99.06999969482422,100.44000244140624,98.87000274658205,100.30999755859376,92.58382415771484
2015-11-17,2315600,97.7300033569336,99.52999877929688,97.33000183105467,99.16999816894533,91.5316390991211
2015-11-16,1829000,96.86000061035156,98.06999969482422,96.54000091552734,97.3000030517578,89.8056640625
2015-11-13,1728200,96.58999633789062,97.62999725341795,96.22000122070312,96.58999633789062,89.15035247802734
2015-11-12,1914300,96.29000091552734,98.37999725341795,96.29000091552734,96.91000366210938,89.44570922851562
2015-11-11,1512500,99.41000366210938,99.63999938964844,98.1500015258789,98.23999786376952,90.35945129394533
2015-11-10,1815300,97.5,99.0500030517578,97.18000030517578,98.87000274658205,90.9389190673828
2015-11-09,1699100,97.33000183105467,97.91000366210938,96.37999725341795,97.4000015258789,89.58683776855469
2015-11-06,1601400,98.01000213623048,98.70999908447266,96.52999877929688,97.61000061035156,89.77999877929688
2015-11-05,2012400,97.8000030517578,98.41000366210938,97.37999725341795,97.88999938964844,90.03752899169922
2015-11-04,1871000,97.66999816894533,97.9499969482422,96.69000244140624,97.47000122070312,89.6512222290039
2015-11-03,1670100,97.44000244140624,98.16999816894533,96.7699966430664,97.66999816894533,89.83516693115234
2015-11-02,2434200,97.51000213623048,98.0500030517578,96.55999755859376,97.83000183105467,89.98233795166016
2015-10-30,3115100,97.2699966430664,98.48999786376952,96.4000015258789,96.51000213623048,88.76822662353516
2015-10-29,5179700,97.2699966430664,97.54000091552734,93.0199966430664,96.81999969482422,89.0533676147461
2015-10-28,3478500,97.68000030517578,98.18000030517578,96.20999908447266,97.5,89.67882537841797
2015-10-27,9731300,93.93000030517578,102.63999938964844,92.98999786376952,97.54000091552734,89.71561431884766
2015-10-26,2502000,93.05999755859376,94.16000366210938,92.83999633789062,93.62999725341795,86.1192626953125
2015-10-23,2597000,93.6500015258789,94.29000091552734,92.4000015258789,93.12999725341795,85.65936279296875
2015-10-22,3423200,92.87999725341795,93.69000244140624,91.79000091552734,92.8000030517578,85.35585021972656
2015-10-21,2795500,93.4499969482422,93.83000183105467,91.69000244140624,92.70999908447266,85.2730484008789
2015-10-20,2668100,94.62000274658205,95.0500030517578,92.87000274658205,93.18000030517578,85.70536041259766
2015-10-19,1561100,94.97000122070312,95.54000091552734,94.16999816894533,94.79000091552734,87.18621826171875
2015-10-16,1680200,94.62000274658205,95.31999969482422,94.33999633789062,95.05999755859376,87.43453216552734
2015-10-15,2959600,93.16000366210938,94.3000030517578,92.11000061035156,94.06999969482422,86.52396392822266
2015-10-14,2190400,94.0,94.9800033569336,92.73999786376952,93.02999877929688,85.56739044189453
2015-10-13,3040800,93.87999725341795,95.19000244140624,93.8000030517578,94.1500015258789,86.59754180908203
2015-10-12,1920500,93.0199966430664,93.75,92.8000030517578,93.72000122070312,86.20203399658203
2015-10-09,2815900,93.2300033569336,93.69000244140624,92.33000183105467,92.83999633789062,85.39262390136719
2015-10-08,2198700,93.05999755859376,93.87999725341795,91.7699966430664,93.54000091552734,86.03648376464844
2015-10-07,2645500,93.3499984741211,93.7300033569336,92.26000213623048,92.94000244140624,85.4845962524414
2015-10-06,3778000,95.47000122070312,95.9000015258789,92.2699966430664,93.02999877929688,85.56739044189453
2015-10-05,2542000,95.33999633789062,95.83000183105467,94.01000213623048,94.98999786376952,87.37015533447266
2015-10-02,3488900,92.33999633789062,94.9800033569336,90.81999969482422,94.91000366210938,87.29656982421875
2015-10-01,3193100,94.98999786376952,95.11000061035156,93.1999969482422,94.51000213623048,86.92868041992188
2015-09-30,2381200,96.08000183105467,96.68000030517578,94.06999969482422,94.98999786376952,87.37015533447266
2015-09-29,2988500,96.19000244140624,96.80999755859376,94.41000366210938,95.0500030517578,87.42534637451172
2015-09-28,3379100,99.33999633789062,99.6500015258789,96.11000061035156,96.19000244140624,88.47390747070312
2015-09-25,1768400,102.38999938964844,102.47000122070312,99.38999938964844,99.83999633789062,91.83109283447266
2015-09-24,1616000,102.43000030517578,102.56999969482422,100.58999633789062,101.97000122070312,93.79025268554688
2015-09-23,2217800,103.1999969482422,103.66999816894533,102.27999877929688,102.81999969482422,94.5720672607422
2015-09-22,2487100,104.33999633789062,104.5,102.66000366210938,103.2699966430664,94.98595428466795
2015-09-21,1459700,106.58000183105467,107.36000061035156,104.76000213623048,105.27999877929688,96.83472442626952
2015-09-18,2222300,105.91000366210938,106.91999816894533,105.3000030517578,106.0999984741211,97.58895111083984
2015-09-17,1631800,106.44000244140624,108.18000030517578,105.62999725341795,106.77999877929688,98.2144012451172
2015-09-16,1538900,105.51000213623048,106.4499969482422,104.81999969482422,106.29000091552734,97.76370239257812
2015-09-15,1481600,104.72000122070312,105.80999755859376,104.20999908447266,105.55999755859376,97.0922622680664
2015-09-14,1762400,104.81999969482422,105.4800033569336,103.79000091552734,104.62000274658205,96.22767639160156
2015-09-11,1994700,101.87999725341795,104.4000015258789,101.81999969482422,104.33999633789062,95.9701156616211
2015-09-10,1782300,100.6500015258789,102.87999725341795,100.36000061035156,102.02999877929688,93.84542846679688
2015-09-09,1588400,101.13999938964844,103.45999908447266,100.5500030517578,100.75,92.66812133789062
2015-09-08,1844800,100.8000030517578,101.18000030517578,99.79000091552734,101.0500030517578,92.9440460205078
2015-09-04,2526600,100.66000366210938,101.4000015258789,98.36000061035156,98.98999786376952,91.0492935180664
2015-09-03,1580100,100.9000015258789,101.48999786376952,99.62000274658205,100.0,91.97827911376952
2015-09-02,1695600,101.7699966430664,101.7699966430664,99.0999984741211,100.27999877929688,92.23580932617188
2015-09-01,2533400,97.5500030517578,100.86000061035156,97.5500030517578,99.2699966430664,91.30683135986328
2015-08-31,1496300,100.87000274658205,101.83999633789062,95.61000061035156,100.04000091552734,92.01506042480467
2015-08-28,1693500,101.33999633789062,101.48999786376952,100.30999755859376,100.87000274658205,92.77849578857422
2015-08-27,4173800,101.47000122070312,101.79000091552734,99.4000015258789,101.1500015258789,93.0360336303711
2015-08-26,2741300,99.38999938964844,100.86000061035156,97.0500030517578,100.61000061035156,92.5393524169922
2015-08-25,2699900,100.62000274658205,100.87999725341795,97.31999969482422,97.41000366210938,89.5960464477539
2015-08-24,4569800,93.0,98.52999877929688,91.4800033569336,98.52999877929688,90.62619018554688
2015-08-21,2746200,102.4800033569336,103.48999786376952,101.33999633789062,101.8000030517578,93.63387298583984
2015-08-20,1792900,105.0999984741211,105.6999969482422,103.33999633789062,103.37000274658205,95.07794189453124
2015-08-19,2161900,104.5199966430664,107.0199966430664,103.8499984741211,106.13999938964844,97.62574768066406
2015-08-18,1091100,104.36000061035156,105.87000274658205,104.36000061035156,104.9499969482422,96.5312042236328
2015-08-17,987900,103.75,104.68000030517578,102.79000091552734,104.62000274658205,96.22767639160156
2015-08-14,1040600,103.9800033569336,104.19000244140624,103.41000366210938,103.94000244140624,95.60222625732422
2015-08-13,1667000,104.7300033569336,105.29000091552734,102.29000091552734,103.87999725341795,95.54700469970705
2015-08-12,1855300,104.19000244140624,105.83999633789062,102.4499969482422,104.37999725341795,95.74019622802734
2015-08-11,1647100,104.23999786376952,105.0,103.4800033569336,104.51000213623048,95.85943603515624
2015-08-10,1423000,105.04000091552734,106.26000213623048,104.4499969482422,104.6500015258789,95.98784637451172
2015-08-07,2696100,104.51000213623048,104.6500015258789,102.87999725341795,104.36000061035156,95.72183990478516
2015-08-06,1776200,107.37000274658205,107.8499984741211,104.55999755859376,104.75,96.07955932617188
2015-08-05,1667800,106.6500015258789,107.5,106.41999816894533,107.25,98.37261962890624
2015-08-04,2189900,106.16000366210938,106.95999908447266,105.7699966430664,106.20999908447266,97.41870880126952
2015-08-03,1741500,105.75,106.6500015258789,105.13999938964844,105.81999969482422,97.0609893798828
2015-07-31,2718800,104.58000183105467,106.25,104.12999725341795,105.75,96.99679565429688
2015-07-30,3974200,107.48999786376952,107.48999786376952,104.30999755859376,104.47000122070312,95.8227310180664
2015-07-29,2402700,107.79000091552734,109.08000183105467,107.06999969482422,107.77999877929688,98.85875701904295
2015-07-28,1796600,107.8000030517578,108.22000122070312,106.7699966430664,108.0,99.06053924560548
2015-07-27,2690000,108.12999725341795,108.29000091552734,106.8000030517578,107.37000274658205,98.48269653320312
2015-07-24,2145300,109.7699966430664,110.13999938964844,108.4499969482422,108.7300033569336,99.73014068603516
2015-07-23,4172000,110.62000274658205,114.0199966430664,109.5199966430664,110.12000274658205,101.00507354736328
2015-07-22,2397200,114.01000213623048,115.41000366210938,113.87000274658205,114.9499969482422,105.4352798461914
2015-07-21,1466000,114.6500015258789,114.94000244140624,113.5,114.0999984741211,104.65563201904295
2015-07-20,1975900,113.2300033569336,115.0,113.18000030517578,114.76000213623048,105.26101684570312
2015-07-17,1931900,111.8499984741211,113.66000366210938,111.0999984741211,113.1999969482422,103.83013916015624
2015-07-16,1736300,111.0,111.93000030517578,109.93000030517578,111.87999725341795,102.61939239501952
2015-07-15,947200,110.66999816894533,110.93000030517578,109.5,110.52999877929688,101.38113403320312
2015-07-14,1505700,109.98999786376952,110.69000244140624,109.2300033569336,110.4000015258789,101.26190185546876
2015-07-13,1010200,110.5199966430664,110.6500015258789,109.36000061035156,110.06999969482422,100.9592056274414
2015-07-10,1170500,109.73999786376952,109.9800033569336,109.2699966430664,109.45999908447266,100.39971160888672
2015-07-09,2158700,108.97000122070312,109.1500015258789,108.08000183105467,108.86000061035156,99.84935760498048
2015-07-08,1174200,107.54000091552734,108.55999755859376,107.38999938964844,107.83000183105467,98.90462493896484
2015-07-07,1298500,108.73999786376952,108.79000091552734,107.01000213623048,108.62999725341795,99.6383819580078
2015-07-06,1634600,106.47000122070312,108.56999969482422,106.0,108.02999877929688,99.08806610107422
2015-07-02,1269000,107.70999908447266,108.31999969482422,107.02999877929688,107.0999984741211,98.23505401611328
2015-07-01,1896900,107.16999816894533,108.06999969482422,106.87000274658205,107.70999908447266,98.79454040527344
2015-06-30,1958600,106.3000030517578,107.30999755859376,106.1500015258789,106.33999633789062,97.5379409790039
2015-06-29,1730600,106.80999755859376,107.62000274658205,105.77999877929688,106.0999984741211,97.3178253173828
2015-06-26,1622900,108.06999969482422,108.55999755859376,107.31999969482422,107.83999633789062,98.9137954711914
2015-06-25,3239100,109.48999786376952,109.6999969482422,107.30999755859376,107.61000061035156,98.70282745361328
2015-06-24,1558200,111.5,111.5999984741211,109.56999969482422,109.5999984741211,100.5281219482422
2015-06-23,1035500,112.18000030517578,112.47000122070312,111.58000183105467,111.80999755859376,102.55518341064452
2015-06-22,902800,112.58000183105467,113.19000244140624,111.6500015258789,111.79000091552734,102.53683471679688
2015-06-19,4169800,111.72000122070312,112.30999755859376,111.33999633789062,111.47000122070312,102.24332427978516
2015-06-18,1329800,111.5,112.62999725341795,110.72000122070312,111.91999816894533,102.65609741210938
2015-06-17,1597600,111.37999725341795,112.12999725341795,110.87000274658205,111.51000213623048,102.28002166748048
2015-06-16,1671200,110.68000030517578,112.08999633789062,110.16999816894533,111.18000030517578,101.97736358642578
2015-06-15,2277600,109.7699966430664,112.33000183105467,109.0,110.62999725341795,101.4728546142578
2015-06-12,1163100,111.0,111.0,109.80999755859376,110.1500015258789,101.0325927734375
2015-06-11,1906300,108.91999816894533,111.13999938964844,108.8000030517578,110.41000366210938,101.27108764648438
2015-06-10,1980200,109.04000091552734,109.19000244140624,108.27999877929688,108.75,99.74845123291016
2015-06-09,1917900,110.73999786376952,110.73999786376952,108.61000061035156,109.12000274658205,100.08783721923828
2015-06-08,1335500,111.30999755859376,111.80999755859376,110.20999908447266,110.22000122070312,101.0967788696289
2015-06-05,1382000,111.20999908447266,111.6500015258789,110.25,111.5,102.27086639404295
2015-06-04,1562500,111.47000122070312,112.5999984741211,111.0999984741211,111.48999786376952,102.26168060302734
2015-06-03,1452800,112.3499984741211,113.16000366210938,112.19000244140624,112.37999725341795,103.0779800415039
2015-06-02,1403100,112.5500030517578,113.33999633789062,112.01000213623048,112.4800033569336,103.16973114013672
2015-06-01,1359500,112.80999755859376,113.76000213623048,111.83000183105467,113.26000213623048,103.88516998291016
2015-05-29,4702600,113.22000122070312,114.4000015258789,112.55999755859376,112.55999755859376,103.24311065673828
2015-05-28,1360800,113.1500015258789,114.05999755859376,112.93000030517578,113.0999984741211,103.73839569091795
2015-05-27,1250300,112.91000366210938,113.81999969482422,112.7699966430664,113.58999633789062,104.1878433227539
2015-05-26,1560000,113.87999725341795,114.4499969482422,112.80999755859376,113.0,103.64667510986328
2015-05-22,1498400,113.76000213623048,114.33999633789062,113.52999877929688,113.8000030517578,104.38046264648438
2015-05-21,2319300,114.5,114.80999755859376,113.87000274658205,113.94000244140624,104.50888061523438
2015-05-20,1885300,115.0999984741211,115.51000213623048,114.6999969482422,114.70999908447266,105.21514129638672
2015-05-19,1902400,113.54000091552734,115.58000183105467,113.41999816894533,115.11000061035156,105.58203887939452
2015-05-18,2804100,113.36000061035156,113.62000274658205,112.55999755859376,113.30999755859376,103.93103790283205
2015-05-15,1947800,114.86000061035156,115.06999969482422,113.75,114.18000030517578,104.72901153564452
2015-05-14,2416800,114.4000015258789,114.83999633789062,114.0,114.66000366210938,105.1692886352539
2015-05-13,1533400,115.47000122070312,115.8499984741211,114.16999816894533,114.3000030517578,104.57308959960938
2015-05-12,1988900,114.5,115.4499969482422,114.2699966430664,115.0500030517578,105.2592544555664
2015-05-11,1592300,115.13999938964844,115.80999755859376,114.75,114.91000366210938,105.13117218017578
2015-05-08,2486100,114.54000091552734,116.0,114.52999877929688,115.3000030517578,105.48798370361328
2015-05-07,1706800,114.27999877929688,115.06999969482422,113.79000091552734,114.06999969482422,104.36265563964844
2015-05-06,1703600,114.9000015258789,115.12999725341795,113.51000213623048,114.05999755859376,104.353515625
2015-05-05,1844000,115.62000274658205,115.75,114.4000015258789,114.6999969482422,104.93903350830078
2015-05-04,2195200,114.66999816894533,116.27999877929688,114.51000213623048,115.25,105.4422378540039
2015-05-01,2903800,115.12000274658205,115.31999969482422,113.83000183105467,114.61000061035156,104.8567352294922
2015-04-30,5198100,117.38999938964844,120.68000030517578,113.02999877929688,114.3000030517578,104.57308959960938
2015-04-29,2200100,113.69000244140624,113.98999786376952,112.12000274658205,112.44000244140624,102.8713836669922
2015-04-28,1339900,114.0,114.62000274658205,112.61000061035156,113.95999908447266,104.26202392578124
2015-04-27,1562800,115.87999725341795,115.87999725341795,113.8499984741211,114.11000061035156,104.39924621582033
2015-04-24,849200,115.0999984741211,115.9800033569336,114.19000244140624,115.4800033569336,105.65266418457033
2015-04-23,2152100,113.80999755859376,116.18000030517578,113.56999969482422,115.1999969482422,105.39649963378906
2015-04-22,1145300,113.8499984741211,114.41000366210938,113.37000274658205,113.80999755859376,104.12479400634766
2015-04-21,1176800,113.88999938964844,114.48999786376952,113.23999786376952,113.88999938964844,104.19796752929688
2015-04-20,1413000,112.95999908447266,113.55999755859376,112.88999938964844,113.19000244140624,103.55755615234376
2015-04-17,2296800,113.20999908447266,113.70999908447266,112.0500030517578,112.61000061035156,103.02690887451172
2015-04-16,1055600,113.41000366210938,114.05999755859376,112.52999877929688,113.83000183105467,104.14307403564452
2015-04-15,1328000,114.1999969482422,114.33000183105467,112.77999877929688,113.62000274658205,103.950927734375
2015-04-14,1032000,114.33999633789062,114.4499969482422,112.6999969482422,114.0,104.29863739013672
2015-04-13,1826900,115.30999755859376,115.87999725341795,113.66000366210938,113.98999786376952,104.28945922851562
2015-04-10,1879600,113.4000015258789,115.5500030517578,113.22000122070312,115.3499984741211,105.5337371826172
2015-04-09,2425500,113.30999755859376,114.27999877929688,112.63999938964844,113.5,103.84115600585938
2015-04-08,2048900,112.7699966430664,113.5,112.43000030517578,113.23999786376952,103.6032943725586
2015-04-07,1189900,112.91000366210938,113.48999786376952,112.4499969482422,112.68000030517578,103.0909423828125
2015-04-06,1869200,111.98999786376952,113.12999725341795,111.79000091552734,112.54000091552734,102.9628677368164
2015-04-02,2049400,112.16000366210938,112.58999633789062,111.58000183105467,112.38999938964844,102.82561492919922
2015-04-01,2171900,113.93000030517578,113.93000030517578,111.41000366210938,112.02999877929688,102.49627685546876
2015-03-31,2254200,113.41999816894533,114.2699966430664,113.41999816894533,113.66999816894533,103.9966812133789
2015-03-30,2179900,113.6999969482422,114.0,113.37000274658205,113.48999786376952,103.83200073242188
2015-03-27,1881900,112.33000183105467,113.58000183105467,112.20999908447266,113.19000244140624,103.55755615234376
2015-03-26,2411800,111.5,113.0500030517578,110.54000091552734,112.08999633789062,102.55115509033205
2015-03-25,2066900,113.9000015258789,114.5999984741211,111.8000030517578,112.13999938964844,102.5969009399414
2015-03-24,1913500,113.63999938964844,114.7300033569336,113.36000061035156,113.88999938964844,104.19796752929688
2015-03-23,1920900,113.73999786376952,114.52999877929688,113.12999725341795,113.63999938964844,103.96923828125
2015-03-20,4380900,112.9800033569336,114.5,112.83999633789062,113.45999908447266,103.8045654296875
2015-03-19,1422200,111.87999725341795,112.5,111.06999969482422,112.37000274658205,102.8073272705078
2015-03-18,2044000,110.4499969482422,112.27999877929688,109.81999969482422,111.6999969482422,102.1943359375
2015-03-17,1786700,109.94000244140624,110.70999908447266,109.2699966430664,110.36000061035156,100.9683837890625
2015-03-16,3548800,108.12999725341795,110.1999969482422,106.97000122070312,110.12999725341795,100.75794982910156
2015-03-13,1746900,105.26000213623048,106.37999725341795,105.12000274658205,106.1500015258789,97.11663055419922
2015-03-12,1448200,104.0,105.5199966430664,103.9499969482422,105.37999725341795,96.41216278076172
2015-03-11,1719900,103.4000015258789,104.0999984741211,102.9499969482422,103.83999633789062,95.00323486328124
2015-03-10,1911700,102.62000274658205,103.5199966430664,102.22000122070312,102.93000030517578,94.17066192626952
2015-03-09,1295300,102.47000122070312,103.58000183105467,102.01000213623048,103.33999633789062,94.54579162597656
2015-03-06,1549300,103.19000244140624,103.58999633789062,102.0,102.26000213623048,93.55770111083984
2015-03-05,1208400,103.73999786376952,103.91999816894533,103.16999816894533,103.63999938964844,94.82025146484376
2015-03-04,1832600,102.52999877929688,103.6500015258789,102.12999725341795,103.4800033569336,94.6738739013672
2015-03-03,1995400,103.41000366210938,103.97000122070312,102.5,103.04000091552734,94.27131652832033
2015-03-02,1948300,102.56999969482422,103.25,102.44000244140624,103.0999984741211,94.32620239257812
2015-02-27,1329300,103.08000183105467,103.30999755859376,102.48999786376952,102.76000213623048,94.01514434814452
2015-02-26,1711900,102.93000030517578,103.63999938964844,102.62000274658205,102.9800033569336,94.2164306640625
2015-02-25,1064500,102.97000122070312,103.70999908447266,102.75,103.29000091552734,94.50003814697266
2015-02-24,1169200,102.76000213623048,103.13999938964844,102.29000091552734,102.97000122070312,94.20726776123048
2015-02-23,1107800,101.9800033569336,102.88999938964844,101.79000091552734,102.76000213623048,94.01514434814452
2015-02-20,1442600,101.0199966430664,102.0,100.18000030517578,101.9800033569336,93.30150604248048
2015-02-19,1420900,100.5199966430664,101.02999877929688,100.08999633789062,101.01000213623048,92.41407775878906
2015-02-18,1680400,100.20999908447266,100.91999816894533,99.61000061035156,100.66000366210938,92.09385681152344
2015-02-17,2196900,100.20999908447266,100.8499984741211,99.68000030517578,100.5999984741211,92.03895568847656
2015-02-13,2063300,99.68000030517578,100.36000061035156,99.01000213623048,100.33999633789062,91.80107879638672
2015-02-12,2224600,98.83000183105467,99.8499984741211,98.2300033569336,99.83000183105467,91.33448791503906
2015-02-11,3137400,97.01000213623048,99.08000183105467,96.93000030517578,98.73999786376952,90.07191467285156
2015-02-10,2247800,96.33999633789062,97.01000213623048,95.7699966430664,96.91000366210938,88.40255737304688
2015-02-09,1645200,96.97000122070312,96.97000122070312,95.08000183105467,95.55999755859376,87.17107391357422
2015-02-06,2015500,96.9499969482422,98.2300033569336,96.58999633789062,97.04000091552734,88.52114868164062
2015-02-05,1055700,96.2699966430664,96.66999816894533,95.9800033569336,96.33999633789062,87.8825912475586
2015-02-04,1777600,95.62000274658205,96.4499969482422,95.2300033569336,95.87000274658205,87.4538803100586
2015-02-03,2081300,95.66999816894533,95.83000183105467,94.2699966430664,95.63999938964844,87.24405670166016
2015-02-02,1697600,95.56999969482422,95.7699966430664,93.5999984741211,95.1500015258789,86.79708099365234
2015-01-30,2346800,96.18000030517578,96.5,94.9800033569336,95.0500030517578,86.70584869384766
2015-01-29,3327400,96.87000274658205,97.12999725341795,94.88999938964844,96.33999633789062,87.8825912475586
2015-01-28,5424200,98.8000030517578,100.1999969482422,95.26000213623048,96.37000274658205,87.90995788574219
2015-01-27,2734000,95.16999816894533,96.48999786376952,94.70999908447266,95.91999816894533,87.4994888305664
2015-01-26,2097500,94.8499984741211,95.87000274658205,94.3000030517578,95.8499984741211,87.43562316894531
2015-01-23,1853800,94.37999725341795,95.16000366210938,94.3000030517578,94.7300033569336,86.41393280029297
2015-01-22,1641100,93.2300033569336,94.2300033569336,91.9499969482422,94.1500015258789,85.88484954833984
2015-01-21,1531500,92.37999725341795,93.0,91.9000015258789,92.77999877929688,84.63513946533203
2015-01-20,1177100,93.01000213623048,93.41999816894533,91.38999938964844,92.44000244140624,84.32496643066406
2015-01-16,1541700,91.13999938964844,92.45999908447266,90.3499984741211,92.41999816894533,84.3067398071289
2015-01-15,1362000,92.1500015258789,92.4000015258789,91.0999984741211,91.4000015258789,83.37628173828125
2015-01-14,2000000,91.41999816894533,92.87000274658205,90.58999633789062,92.0999984741211,84.01482391357422
2015-01-13,3463900,91.87000274658205,93.41999816894533,90.93000030517578,91.63999938964844,83.5951919555664
2015-01-12,3524600,93.7699966430664,94.3499984741211,90.5500030517578,90.93000030517578,82.9475326538086
2015-01-09,1553700,92.44000244140624,93.2699966430664,92.31999969482422,93.0,84.83580780029297
2015-01-08,2396900,91.73999786376952,92.7699966430664,91.16000366210938,92.19000244140624,84.096923828125
2015-01-07,1608900,90.9800033569336,92.4000015258789,90.43000030517578,91.9800033569336,83.90535736083984
2015-01-06,1761600,90.13999938964844,91.41999816894533,89.5199966430664,90.18000030517578,82.26339721679688
2015-01-05,1631200,90.06999969482422,90.73999786376952,89.63999938964844,89.69000244140625,81.81639862060547
2015-01-02,1124600,90.61000061035156,91.31999969482422,89.81999969482422,90.45999908447266,82.518798828125
2014-12-31,979000,91.56999969482422,91.93000030517578,90.08999633789062,90.16000366210938,82.24513244628906
2014-12-30,1088600,91.47000122070312,91.66999816894533,91.08000183105467,91.27999877929688,83.26680755615234
2014-12-29,752400,91.26000213623048,91.88999938964844,91.18000030517578,91.62999725341795,83.5860824584961
2014-12-26,393300,91.54000091552734,92.20999908447266,91.3000030517578,91.51000213623048,83.47660827636719
2014-12-24,432100,91.6500015258789,92.26000213623048,91.45999908447266,91.5999984741211,83.55872344970703
2014-12-23,1175800,92.4000015258789,92.6500015258789,90.69000244140624,91.41999816894533,83.3945083618164
2014-12-22,1566900,92.26000213623048,92.55999755859376,91.4800033569336,91.94000244140624,83.86888122558594
2014-12-19,2886900,92.04000091552734,92.55999755859376,91.12000274658205,91.68000030517578,83.63170623779297
2014-12-18,2160700,91.12000274658205,91.38999938964844,90.43000030517578,91.27999877929688,83.26680755615234
2014-12-17,1956700,89.81999969482422,91.0199966430664,89.48999786376953,90.55999755859376,82.6100082397461
2014-12-16,2243400,90.19000244140624,91.1500015258789,89.26000213623047,89.43000030517578,81.57920837402344
2014-12-15,2351700,91.5500030517578,91.72000122070312,89.9800033569336,90.69000244140624,82.7286148071289
2014-12-12,1691500,91.87999725341795,92.52999877929688,90.91999816894533,90.9800033569336,82.9931640625
2014-12-11,1767700,91.93000030517578,92.83999633789062,91.5199966430664,92.5500030517578,84.42533111572266
2014-12-10,1242800,91.91999816894533,92.27999877929688,90.80999755859376,90.91999816894533,82.93841552734375
2014-12-09,1409100,91.4499969482422,92.25,90.7699966430664,92.08999633789062,84.00569152832031
2014-12-08,1507400,92.01000213623048,92.83999633789062,91.97000122070312,92.55999755859376,84.43444061279297
2014-12-05,740100,92.37999725341795,92.55999755859376,91.86000061035156,92.20999908447266,84.11515808105469
2014-12-04,1444900,91.87000274658205,92.6500015258789,91.68000030517578,91.9499969482422,83.87799835205078
2014-12-03,1533000,91.98999786376952,92.38999938964844,91.72000122070312,91.98999786376952,83.91448974609375
2014-12-02,1769800,90.93000030517578,92.51000213623048,90.87000274658205,92.04000091552734,83.9600830078125
2014-12-01,1586400,90.63999938964844,91.4000015258789,90.27999877929688,90.83999633789062,82.86542510986328
2014-11-28,758300,90.48999786376952,91.58999633789062,90.45999908447266,91.0500030517578,83.0570068359375
2014-11-26,974900,90.22000122070312,90.8000030517578,89.5,90.08999633789062,82.1812515258789
2014-11-25,1205400,90.04000091552734,90.4499969482422,89.51000213623047,90.31999969482422,82.39108276367188
2014-11-24,1309500,89.20999908447266,90.0999984741211,89.20999908447266,90.04000091552734,82.13568878173828
2014-11-21,1635700,89.0,89.02999877929688,88.0999984741211,88.73999786376953,80.94979095458984
2014-11-20,1411700,89.19000244140625,89.30999755859375,88.33999633789062,88.9000015258789,81.09574127197266
2014-11-19,2207300,89.44000244140625,89.94000244140625,88.88999938964844,89.31999969482422,81.47885131835938
2014-11-18,1611200,89.0,89.97000122070312,88.66999816894531,89.76000213623047,81.8802490234375
2014-11-17,1624500,88.83000183105469,89.69999694824219,88.56999969482422,89.01000213623047,81.19609069824219
2014-11-14,1635000,88.87000274658203,89.23999786376953,88.33999633789062,88.83000183105469,81.0318832397461
2014-11-13,1563500,88.54000091552734,89.4800033569336,88.54000091552734,89.08000183105469,81.25994873046875
2014-11-12,1323400,87.94999694824219,88.77999877929688,87.54000091552734,88.70999908447266,80.65787506103516
2014-11-11,1214500,87.70999908447266,88.44000244140625,87.63999938964844,87.93000030517578,79.94867706298828
2014-11-10,1297200,87.0199966430664,87.86000061035156,86.5199966430664,87.70999908447266,79.74864196777344
2014-11-07,2199300,87.80000305175781,87.80000305175781,86.48999786376953,86.7300033569336,78.85761260986328
2014-11-06,2317200,87.95999908447266,88.11000061035156,86.81999969482422,87.4000015258789,79.46678161621094
2014-11-05,2050300,88.83000183105469,89.2300033569336,87.61000061035156,87.80999755859375,79.83956146240234
2014-11-04,2796600,86.62999725341797,88.22000122070312,86.5,88.19000244140625,80.18508911132812
2014-11-03,2569200,85.80999755859375,86.95999908447266,85.58000183105469,86.9000015258789,79.01216125488281
2014-10-31,3248200,85.05999755859375,85.98999786376953,84.7699966430664,85.41000366210938,77.65740966796875
2014-10-30,5081400,81.68000030517578,85.12000274658203,81.68000030517578,84.83999633789062,77.13916015625
2014-10-29,2529800,79.58000183105469,80.19000244140625,79.26000213623047,79.73999786376953,72.50206756591797
2014-10-28,2253400,79.9800033569336,79.98999786376953,78.94000244140625,79.6500015258789,72.42024993896484
2014-10-27,3260900,78.33999633789062,79.98999786376953,78.29000091552734,79.44999694824219,72.2384033203125
2014-10-24,1425500,77.70999908447266,78.33000183105469,77.43000030517578,78.27999877929688,71.17459869384766
2014-10-23,1979100,77.31999969482422,77.9000015258789,77.18000030517578,77.44000244140625,70.41085052490234
2014-10-22,1946400,76.9000015258789,77.19999694824219,76.58999633789062,76.62999725341797,69.67436981201172
2014-10-21,3045500,76.19999694824219,76.86000061035156,76.0199966430664,76.62000274658203,69.66527557373047
2014-10-20,2599200,75.87000274658203,76.0199966430664,75.11000061035156,75.48999786376953,68.63783264160156
2014-10-17,1590300,75.47000122070312,76.18000030517578,75.31999969482422,75.83999633789062,68.95606994628906
2014-10-16,2415300,75.37999725341797,75.87000274658203,74.31999969482422,75.0199966430664,68.21050262451172
2014-10-15,2385600,75.79000091552734,76.41000366210938,74.51000213623047,76.0199966430664,69.11973571777344
2014-10-14,1645400,76.25,77.33999633789062,75.66000366210938,76.62999725341797,69.67436981201172
2014-10-13,1534800,76.94000244140625,77.19000244140625,75.75,75.83999633789062,68.95606994628906
2014-10-10,1407500,77.3499984741211,78.11000061035156,76.86000061035156,76.9000015258789,69.91986083984375
2014-10-09,1499000,77.88999938964844,78.45999908447266,77.13999938964844,77.19999694824219,70.19264221191406
2014-10-08,1419600,76.37000274658203,77.9800033569336,76.33000183105469,77.88999938964844,70.81999969482422
2014-10-07,1070400,77.19999694824219,77.23999786376953,76.4800033569336,76.5,69.55616760253906
2014-10-06,1328900,78.06999969482422,78.58000183105469,77.0199966430664,77.5199966430664,70.48358917236328
2014-10-03,1578700,77.11000061035156,78.20999908447266,77.11000061035156,77.88999938964844,70.81999969482422
2014-10-02,1470500,76.61000061035156,77.25,76.36000061035156,76.87000274658203,69.89259338378906
2014-10-01,1491700,78.20999908447266,78.20999908447266,76.44000244140625,76.69000244140625,69.72893524169922
2014-09-30,1373500,77.6500015258789,78.0199966430664,77.19000244140625,77.30000305175781,70.28355407714844
2014-09-29,973100,77.05000305175781,77.83999633789062,76.94999694824219,77.62999725341797,70.58358001708984
2014-09-26,910100,77.41000366210938,77.66999816894531,76.86000061035156,77.41999816894531,70.39265441894531
2014-09-25,1738200,77.70999908447266,78.0199966430664,77.08999633789062,77.48999786376953,70.4562759399414
2014-09-24,1749800,76.91999816894531,78.12000274658203,76.68000030517578,78.04000091552734,70.95638275146484
2014-09-23,1196200,76.72000122070312,77.1500015258789,76.43000030517578,76.79000091552734,69.81983947753906
2014-09-22,1283500,77.3499984741211,77.55999755859375,76.75,77.18000030517578,70.17445373535156
2014-09-19,3064600,77.47000122070312,78.12000274658203,77.31999969482422,77.33000183105469,70.31084442138672
2014-09-18,1121100,76.80999755859375,77.2300033569336,76.69999694824219,77.12999725341797,70.12896728515625
2014-09-17,1691100,77.25,77.29000091552734,76.19000244140625,76.52999877929688,69.58342742919922
2014-09-16,1988500,76.47000122070312,77.44000244140625,75.70999908447266,77.11000061035156,70.11080169677734
2014-09-15,994400,76.98999786376953,77.0999984741211,76.55000305175781,76.83999633789062,69.86531066894531
2014-09-12,1330000,77.3499984741211,77.5999984741211,76.61000061035156,77.0999984741211,70.10169219970703
2014-09-11,1787000,77.5199966430664,77.72000122070312,76.7300033569336,77.3499984741211,70.32901000976562
2014-09-10,913900,78.1500015258789,78.33999633789062,77.81999969482422,77.95999908447266,70.88363647460938
2014-09-09,1084300,78.22000122070312,78.33000183105469,77.83000183105469,78.0,70.92000579833984
2014-09-08,1086200,77.91999816894531,78.5999984741211,77.81999969482422,78.33000183105469,71.22005462646484
2014-09-05,1240700,77.18000030517578,78.26000213623047,76.9800033569336,78.13999938964844,71.04729461669922
2014-09-04,840100,77.31999969482422,77.94000244140625,77.08000183105469,77.3499984741211,70.32901000976562
2014-09-03,665300,77.51000213623047,77.6500015258789,77.19000244140625,77.36000061035156,70.33810424804688
2014-09-02,1112300,77.51000213623047,77.69000244140625,77.05000305175781,77.1500015258789,70.14718627929688
2014-08-29,992100,77.0,77.41000366210938,76.80000305175781,77.38999938964844,70.36537170410156
2014-08-28,580800,76.30999755859375,76.91999816894531,76.08999633789062,76.72000122070312,69.75621032714844
2014-08-27,774400,76.97000122070312,76.97000122070312,76.0,76.37000274658203,69.43798828125
2014-08-26,616000,76.8499984741211,76.91000366210938,76.3499984741211,76.72000122070312,69.75621032714844
2014-08-25,454600,77.02999877929688,77.29000091552734,76.66999816894531,76.91999816894531,69.93804168701172
2014-08-22,681100,77.05000305175781,77.29000091552734,76.43000030517578,76.5999984741211,69.64708709716797
2014-08-21,758900,77.05999755859375,77.37000274658203,76.87999725341797,76.93000030517578,69.94713592529297
2014-08-20,718600,76.93000030517578,77.0199966430664,76.58000183105469,76.86000061035156,69.88349151611328
2014-08-19,715800,76.68000030517578,77.0999984741211,76.62999725341797,76.93000030517578,69.94713592529297
2014-08-18,698400,76.52999877929688,76.98999786376953,76.36000061035156,76.5999984741211,69.64708709716797
2014-08-15,1594700,76.79000091552734,77.0,76.0999984741211,76.33000183105469,69.40159606933594
2014-08-14,1043800,76.05999755859375,76.63999938964844,76.04000091552734,76.62000274658203,69.66527557373047
2014-08-13,1170200,76.16999816894531,76.48999786376953,75.94000244140625,76.13999938964844,69.01517486572266
2014-08-12,1084400,75.94000244140625,76.12000274658203,75.5999984741211,75.81999969482422,68.72512817382812
2014-08-11,1267100,75.7699966430664,76.38999938964844,75.52999877929688,75.88999938964844,68.78856658935547
2014-08-08,1353100,75.0,75.56999969482422,74.66000366210938,75.43000030517578,68.37162017822266
2014-08-07,2009400,76.37000274658203,76.45999908447266,74.86000061035156,74.95999908447266,67.94558715820312
2014-08-06,2228300,76.66999816894531,76.87000274658203,75.48999786376953,76.02999877929688,68.91548156738281
2014-08-05,1668600,77.2699966430664,77.77999877929688,76.83999633789062,77.05000305175781,69.84004211425781
2014-08-04,3296300,77.27999877929688,77.91999816894531,76.54000091552734,77.79000091552734,70.51077270507812
2014-08-01,1629000,76.95999908447266,77.83000183105469,76.7300033569336,77.30000305175781,70.0666275024414
2014-07-31,2099000,77.66999816894531,78.04000091552734,76.72000122070312,76.91000366210938,69.71314239501953
2014-07-30,1270800,77.98999786376953,78.45999908447266,77.69000244140625,77.94999694824219,70.65579986572266
2014-07-29,1534000,77.38999938964844,77.98999786376953,77.25,77.62000274658203,70.35668182373047
2014-07-28,3131700,76.75,77.72000122070312,76.56999969482422,77.4000015258789,70.15729522705078
2014-07-25,2049700,76.41000366210938,77.05999755859375,76.20999908447266,76.79000091552734,69.6043472290039
2014-07-24,4459400,77.05000305175781,79.12999725341797,75.62000274658203,76.37000274658203,69.22367095947266
2014-07-23,1931100,73.73999786376953,74.27999877929688,73.62000274658203,74.05999755859375,67.12980651855469
2014-07-22,1257000,73.05999755859375,73.87999725341797,73.0199966430664,73.72000122070312,66.82162475585938
2014-07-21,1055100,72.91999816894531,73.0,72.37999725341797,72.73999786376953,65.93331909179688
2014-07-18,1431500,72.8499984741211,73.30000305175781,72.55999755859375,73.05999755859375,66.22338104248047
2014-07-17,1274300,72.77999877929688,73.55000305175781,72.48999786376953,72.69999694824219,65.89704895019531
2014-07-16,1446600,72.98999786376953,72.98999786376953,72.4000015258789,72.97000122070312,66.14179992675781
2014-07-15,1672200,72.80000305175781,73.08999633789062,72.44999694824219,72.69999694824219,65.89704895019531
2014-07-14,664800,73.31999969482422,73.5,72.8499984741211,73.0999984741211,66.25962829589844
2014-07-11,527000,72.94000244140625,73.0999984741211,72.43000030517578,72.9800033569336,66.15087890625
2014-07-10,764100,72.54000091552734,73.13999938964844,72.01000213623047,72.91999816894531,66.09647369384766
2014-07-09,729500,73.0999984741211,73.26000213623047,72.66999816894531,72.9800033569336,66.15087890625
2014-07-08,1273300,73.0,73.06999969482422,72.5999984741211,72.87000274658203,66.05115509033203
2014-07-07,892300,73.19999694824219,73.2300033569336,72.66000366210938,73.01000213623047,66.1780776977539
2014-07-03,943900,73.33000183105469,73.41999816894531,73.05000305175781,73.2300033569336,66.37747192382812
2014-07-02,1272900,72.83000183105469,73.18000030517578,72.72000122070312,73.05000305175781,66.21434020996094
2014-07-01,1096400,72.66999816894531,73.26000213623047,72.58999633789062,72.9800033569336,66.15087890625
2014-06-30,1103300,72.98999786376953,72.98999786376953,72.4000015258789,72.66000366210938,65.86083221435547
2014-06-27,1121200,72.58999633789062,73.25,72.43000030517578,72.87000274658203,66.05115509033203
2014-06-26,931700,72.73999786376953,72.8499984741211,72.38999938964844,72.72000122070312,65.91521453857422
2014-06-25,1029400,72.58000183105469,73.11000061035156,72.4000015258789,72.73999786376953,65.93331909179688
2014-06-24,1413800,72.18000030517578,72.73999786376953,71.91000366210938,72.55000305175781,65.7611083984375
2014-06-23,969600,72.47000122070312,72.7699966430664,72.2699966430664,72.4800033569336,65.6976547241211
2014-06-20,2560100,72.16999816894531,72.45999908447266,71.91000366210938,72.26000213623047,65.49823760986328
2014-06-19,1256900,72.18000030517578,72.41999816894531,71.63999938964844,71.93000030517578,65.1991195678711
2014-06-18,1052400,71.6500015258789,72.23999786376953,71.18000030517578,72.0999984741211,65.35321044921875
2014-06-17,951600,71.37000274658203,71.93000030517578,71.18000030517578,71.73999786376953,65.02688598632812
2014-06-16,1259600,71.61000061035156,72.0999984741211,71.2300033569336,71.5199966430664,64.82747650146484
2014-06-13,1269700,71.44999694824219,71.9000015258789,71.0,71.77999877929688,65.06317138671875
2014-06-12,1509300,71.79000091552734,72.05000305175781,71.0999984741211,71.45999908447266,64.77310943603516
2014-06-11,1324000,71.87999725341797,72.05999755859375,71.47000122070312,71.91999816894531,65.19004821777344
2014-06-10,1796700,72.16999816894531,72.56999969482422,71.68000030517578,72.01000213623047,65.27163696289062
2014-06-09,1581400,72.4000015258789,72.83999633789062,72.11000061035156,72.33999633789062,65.57076263427734
2014-06-06,2388400,72.95999908447266,72.95999908447266,72.05000305175781,72.5,65.71578979492188
2014-06-05,2691600,73.51000213623047,73.80999755859375,72.52999877929688,72.79000091552734,65.97865295410156
2014-06-04,1734200,73.11000061035156,73.66999816894531,72.8499984741211,73.66000366210938,66.76724243164062
2014-06-03,1717700,72.94999694824219,73.19999694824219,72.66999816894531,73.08999633789062,66.25055694580078
2014-06-02,1602100,73.30999755859375,73.79000091552734,73.08000183105469,73.20999908447266,66.35935974121094
2014-05-30,3909700,73.33999633789062,73.56999969482422,72.72000122070312,73.18000030517578,66.33216094970703
2014-05-29,1611700,72.69000244140625,73.41999816894531,72.69000244140625,73.27999877929688,66.42281341552734
2014-05-28,2384800,72.36000061035156,72.83999633789062,72.08999633789062,72.68000030517578,65.87894439697266
2014-05-27,1521100,71.76000213623047,72.41000366210938,71.70999908447266,72.4000015258789,65.62515258789062
2014-05-23,1155100,71.55000305175781,71.70999908447266,71.1500015258789,71.63999938964844,64.93627166748047
2014-05-22,1772200,70.77999877929688,71.66000366210938,70.58000183105469,71.3499984741211,64.67339324951172
2014-05-21,2327400,69.79000091552734,70.80999755859375,69.79000091552734,70.70999908447266,64.09329986572266
2014-05-20,1907700,69.41000366210938,69.87999725341797,68.79000091552734,69.79000091552734,63.259376525878906
2014-05-19,3277700,68.52999877929688,69.5,68.30999755859375,69.41999816894531,62.92400360107422
2014-05-16,2558300,67.36000061035156,68.33999633789062,67.30999755859375,68.30999755859375,61.91786575317383
2014-05-15,1934900,66.88999938964844,67.51000213623047,66.69000244140625,67.5,61.18367767333984
2014-05-14,1976800,66.86000061035156,67.41999816894531,66.69999694824219,67.30000305175781,60.789363861083984
2014-05-13,2622500,66.55000305175781,67.0,66.05000305175781,66.8499984741211,60.38291931152344
2014-05-12,1719600,65.9800033569336,66.72000122070312,65.87000274658203,66.66999816894531,60.22031021118164
2014-05-09,2715800,64.5199966430664,65.75,64.0199966430664,65.58000183105469,59.23577117919922
2014-05-08,1586500,64.38999938964844,65.26000213623047,64.19000244140625,64.4000015258789,58.1699104309082
2014-05-07,1946700,64.87000274658203,64.95999908447266,64.26000213623047,64.54000091552734,58.2963752746582
2014-05-06,1445800,64.70999908447266,65.0,64.56999969482422,64.7699966430664,58.50411987304688
2014-05-05,1767300,64.0,65.30000305175781,63.880001068115234,65.0999984741211,58.80219268798828
2014-05-02,1797000,64.88999938964844,64.88999938964844,64.1500015258789,64.2699966430664,58.052490234375
2014-05-01,2151100,64.76000213623047,65.16999816894531,63.84999847412109,64.87000274658203,58.59444808959961
2014-04-30,3099900,63.75,65.29000091552734,63.59000015258789,65.18000030517578,58.87445831298828
2014-04-29,1758500,63.70000076293945,64.30000305175781,63.560001373291016,63.9900016784668,57.799591064453125
2014-04-28,1667000,63.25,63.68000030517578,62.68999862670898,63.45000076293945,57.31182098388672
2014-04-25,2935500,64.52999877929688,64.79000091552734,62.54999923706055,62.83000183105469,56.75180816650391
2014-04-24,3612700,66.0,66.80999755859375,63.7599983215332,64.88999938964844,58.61251449584961
2014-04-23,1399800,64.80000305175781,65.19000244140625,64.5,64.83999633789062,58.56734085083008
2014-04-22,1602800,64.80000305175781,65.48999786376953,64.66000366210938,64.68000030517578,58.42283630371094
2014-04-21,1224700,64.20999908447266,65.1500015258789,64.20999908447266,64.80000305175781,58.53122329711914
2014-04-17,1049600,64.75,65.08999633789062,64.4800033569336,64.68000030517578,58.42283630371094
2014-04-16,1392900,64.87000274658203,65.13999938964844,64.30000305175781,64.94999694824219,58.66670989990234
2014-04-15,2011100,64.55999755859375,64.91000366210938,63.22999954223633,64.22000122070312,58.0073356628418
2014-04-14,1432200,64.44000244140625,64.68000030517578,63.84999847412109,64.51000213623047,58.26927947998047
2014-04-11,2587400,64.52999877929688,65.25,63.86000061035156,64.16999816894531,57.96217346191406
2014-04-10,2105700,65.91000366210938,66.18000030517578,64.73999786376953,65.0,58.71186828613281
2014-04-09,2409100,64.7699966430664,65.70999908447266,64.63999938964844,65.63999938964844,59.28996276855469
2014-04-08,1907300,64.13999938964844,64.4800033569336,63.400001525878906,64.16999816894531,57.96217346191406
2014-04-07,3037900,64.94000244140625,65.08000183105469,63.61000061035156,64.18000030517578,57.97119903564453
2014-04-04,1965800,65.98999786376953,66.33999633789062,64.8499984741211,65.05000305175781,58.75704193115234
2014-04-03,2173400,65.80999755859375,65.91000366210938,65.37999725341797,65.80000305175781,59.43448257446289
2014-04-02,1836200,65.75,66.37000274658203,65.55000305175781,65.58000183105469,59.23577117919922
2014-04-01,1747300,65.5999984741211,65.91999816894531,65.31999969482422,65.91000366210938,59.533836364746094
2014-03-31,1479300,65.30000305175781,65.63999938964844,65.05999755859375,65.58999633789062,59.24479293823242
2014-03-28,1672000,64.25,65.02999877929688,64.19999694824219,64.81999969482422,58.549278259277344
2014-03-27,2184400,64.80999755859375,64.81999969482422,63.720001220703125,64.11000061035156,57.9079704284668
2014-03-26,2186700,64.91999816894531,65.58999633789062,64.77999877929688,64.8499984741211,58.57638168334961
2014-03-25,1948600,64.61000061035156,65.30999755859375,63.97999954223633,64.55999755859375,58.3144416809082
2014-03-24,2792900,65.29000091552734,65.48999786376953,63.52999877929688,64.31999969482422,58.097652435302734
2014-03-21,3534800,66.55000305175781,66.62999725341797,64.55999755859375,64.81999969482422,58.549278259277344
2014-03-20,1526300,66.73999786376953,66.9000015258789,66.26000213623047,66.4800033569336,60.0487174987793
2014-03-19,1337700,68.05000305175781,68.0999984741211,66.58999633789062,66.87000274658203,60.400978088378906
2014-03-18,1604600,68.08000183105469,68.43000030517578,67.77999877929688,67.8499984741211,61.286170959472656
2014-03-17,1444600,67.7300033569336,68.18000030517578,67.63999938964844,68.08000183105469,61.49391555786133
2014-03-14,1672800,67.66000366210938,67.94999694824219,67.4000015258789,67.56999969482422,61.03326034545898
2014-03-13,1897100,68.01000213623047,68.20999908447266,67.55000305175781,67.79000091552734,61.23196792602539
2014-03-12,1944500,67.76000213623047,67.8499984741211,66.97000122070312,67.68000030517578,61.13261795043945
2014-03-11,1562700,69.11000061035156,69.47000122070312,68.16999816894531,68.33999633789062,61.728763580322266
2014-03-10,1232100,68.91000366210938,69.6500015258789,68.75,69.0999984741211,62.41524505615234
2014-03-07,1783400,69.25,69.2699966430664,68.55999755859375,68.94000244140625,62.27072525024414
2014-03-06,1495300,69.0,69.44999694824219,68.75,68.75,62.0991096496582
2014-03-05,1426900,69.0,69.1500015258789,68.69999694824219,68.88999938964844,62.22555923461914
2014-03-04,2309100,68.02999877929688,68.94000244140625,67.97000122070312,68.76000213623047,62.10811996459961
2014-03-03,1389800,67.11000061035156,67.69000244140625,66.97000122070312,67.5,60.97003555297852
2014-02-28,1681800,68.16999816894531,68.37999725341797,67.47000122070312,67.8499984741211,61.286170959472656
2014-02-27,1401600,68.01000213623047,68.30999755859375,67.6500015258789,68.01000213623047,61.43068313598633
2014-02-26,1539100,68.87000274658203,69.16999816894531,67.95999908447266,68.26000213623047,61.6565055847168
2014-02-25,1497200,68.38999938964844,68.98999786376953,68.23999786376953,68.72000122070312,62.07201385498047
2014-02-24,1363100,68.30999755859375,69.22000122070312,68.30999755859375,68.58000183105469,61.945560455322266
2014-02-21,1113100,68.41999816894531,69.1500015258789,68.16000366210938,68.4000015258789,61.782962799072266
2014-02-20,1469800,68.4000015258789,68.6500015258789,67.56999969482422,68.38999938964844,61.77392578125
2014-02-19,1937400,68.12000274658203,69.0199966430664,67.9800033569336,68.11000061035156,61.5210075378418
2014-02-18,1544800,68.05999755859375,68.95999908447266,67.98999786376953,68.5,61.87328338623047
2014-02-14,1110500,67.7300033569336,68.36000061035156,67.5999984741211,68.0,61.4216423034668
2014-02-13,1286200,67.37000274658203,68.19000244140625,66.87999725341797,67.88999938964844,61.32229232788086
2014-02-12,1965400,67.80999755859375,68.81999969482422,67.58000183105469,67.73999786376953,60.97453308105469
2014-02-11,2487800,66.2300033569336,67.88999938964844,66.19000244140625,67.55999755859375,60.81251525878906
2014-02-10,2913600,66.45999908447266,66.4800033569336,65.72000122070312,66.37000274658203,59.74137496948242
2014-02-07,1551300,65.87999725341797,66.58999633789062,65.69999694824219,66.54000091552734,59.894378662109375
2014-02-06,1553900,64.86000061035156,65.61000061035156,64.4000015258789,65.51000213623047,58.96725463867188
2014-02-05,2421400,64.81999969482422,65.12000274658203,64.27999877929688,64.72000122070312,58.25617218017578
2014-02-04,1865000,65.37999725341797,65.68000030517578,64.86000061035156,65.01000213623047,58.5172004699707
2014-02-03,3542200,67.12999725341797,67.12999725341797,65.0999984741211,65.16999816894531,58.66120147705078
2014-01-31,3733500,66.5999984741211,67.48999786376953,66.12999725341797,67.22000122070312,60.50646209716797
2014-01-30,1437200,67.6500015258789,68.1500015258789,67.6500015258789,67.7699966430664,61.00154495239258
2014-01-29,1906900,66.66999816894531,67.91999816894531,66.66999816894531,67.26000213623047,60.5424919128418
2014-01-28,1897300,66.73999786376953,67.88999938964844,66.69000244140625,67.72000122070312,60.956539154052734
2014-01-27,2836200,67.04000091552734,67.51000213623047,66.63999938964844,66.80999755859375,60.13741302490234
2014-01-24,3513300,69.2699966430664,69.83000183105469,67.25,67.25,60.533477783203125
2014-01-23,2110900,70.0,70.87999725341797,69.22000122070312,69.63999938964844,62.68478775024414
2014-01-22,1845400,70.80000305175781,70.87000274658203,69.80000305175781,70.27999877929688,63.2608642578125
2014-01-21,1368000,70.87999725341797,71.16999816894531,70.2699966430664,70.5199966430664,63.47688293457031
2014-01-17,1545100,70.68000030517578,70.94000244140625,70.31999969482422,70.52999877929688,63.48590087890625
2014-01-16,1082200,70.5999984741211,70.68000030517578,70.26000213623047,70.5,63.45888137817383
2014-01-15,1251500,70.73999786376953,70.73999786376953,70.02999877929688,70.55000305175781,63.50389862060547
2014-01-14,2427300,70.66000366210938,70.95999908447266,69.61000061035156,70.54000091552734,63.494895935058594
2014-01-13,1806500,71.41999816894531,71.75,70.37999725341797,70.61000061035156,63.55790710449219
2014-01-10,1582600,71.48999786376953,71.55000305175781,71.04000091552734,71.33999633789062,64.21498107910156
2014-01-09,1610000,71.44999694824219,71.91999816894531,71.0999984741211,71.37999725341797,64.25099182128906
2014-01-08,2084000,70.33000183105469,71.41000366210938,70.27999877929688,71.13999938964844,64.03498077392578
2014-01-07,1531600,69.81999969482422,70.91999816894531,69.81999969482422,70.44999694824219,63.41388320922852
2014-01-06,1301400,70.33999633789062,70.54000091552734,69.3499984741211,69.69000244140625,62.72977828979492
2014-01-03,1101300,69.88999938964844,70.20999908447266,69.80999755859375,69.94000244140625,62.954833984375
2014-01-02,1148400,70.11000061035156,70.2300033569336,69.4800033569336,69.88999938964844,62.9098014831543
2013-12-31,627100,70.5199966430664,70.63999938964844,70.08999633789062,70.30999755859375,63.287872314453125
2013-12-30,642200,70.25,70.5199966430664,70.01000213623047,70.37999725341797,63.35089111328125
2013-12-27,897700,70.44999694824219,70.44999694824219,69.83000183105469,70.20999908447266,63.197853088378906
2013-12-26,640500,70.25,70.62999725341797,70.01000213623047,70.30000305175781,63.27886581420898
2013-12-24,417900,70.01000213623047,70.41999816894531,69.94000244140625,70.13999938964844,63.13483047485352
2013-12-23,1124700,70.12999725341797,70.2699966430664,69.7699966430664,70.02999877929688,63.03581237792969
2013-12-20,2221000,69.61000061035156,70.23999786376953,69.55999755859375,69.81999969482422,62.84680938720703
2013-12-19,1964900,69.37000274658203,69.75,69.16999816894531,69.62999725341797,62.67578506469727
2013-12-18,1727100,68.5999984741211,69.66999816894531,68.16000366210938,69.61000061035156,62.65778732299805
2013-12-17,1700300,68.72000122070312,68.76000213623047,68.04000091552734,68.3499984741211,61.52362060546875
2013-12-16,1753800,68.83999633789062,69.13999938964844,68.13999938964844,68.44999694824219,61.61363220214844
2013-12-13,1849400,68.80999755859375,68.95999908447266,67.73999786376953,68.44999694824219,61.61363220214844
2013-12-12,2192600,69.19999694824219,69.55999755859375,68.69000244140625,68.7699966430664,61.90165710449219
2013-12-11,1972000,69.66999816894531,69.9800033569336,68.73999786376953,68.80000305175781,61.92866516113281
2013-12-10,3159700,70.11000061035156,70.13999938964844,68.75,69.7699966430664,62.80180358886719
2013-12-09,1460400,70.47000122070312,71.20999908447266,70.25,70.62999725341797,63.57587814331055
2013-12-06,1299100,69.87999725341797,70.36000061035156,69.5999984741211,70.29000091552734,63.26986312866211
2013-12-05,2130300,69.23999786376953,69.61000061035156,68.87999725341797,69.13999938964844,62.234710693359375
2013-12-04,2574900,70.3499984741211,70.81999969482422,68.77999877929688,69.45999908447266,62.522735595703125
2013-12-03,1787900,70.54000091552734,70.72000122070312,70.02999877929688,70.56999969482422,63.52188873291016
2013-12-02,1091800,70.79000091552734,71.37999725341797,70.62999725341797,70.88999938964844,63.80991363525391
2013-11-29,396100,70.69999694824219,70.87999725341797,70.38999938964844,70.52999877929688,63.48590087890625
2013-11-27,862600,70.58999633789062,70.91000366210938,70.16000366210938,70.5,63.45888137817383
2013-11-26,1528500,70.7699966430664,71.16000366210938,70.29000091552734,70.61000061035156,63.55790710449219
2013-11-25,1077700,69.80000305175781,70.75,69.80000305175781,70.41999816894531,63.38687515258789
2013-11-22,1310300,69.80999755859375,70.19000244140625,69.79000091552734,70.0199966430664,63.026817321777344
2013-11-21,1137100,69.30000305175781,70.04000091552734,69.27999877929688,69.79000091552734,62.819786071777344
2013-11-20,1294300,68.87999725341797,69.62000274658203,68.80000305175781,69.33999633789062,62.41473388671875
2013-11-19,1513200,69.01000213623047,69.48999786376953,68.66999816894531,68.87000274658203,61.99168395996094
2013-11-18,1464300,69.98999786376953,70.0,68.94000244140625,69.1500015258789,62.24372100830078
2013-11-15,1408000,69.12000274658203,69.61000061035156,68.9000015258789,69.5,62.55876159667969
2013-11-14,1378100,68.33999633789062,69.36000061035156,68.26000213623047,69.22000122070312,62.30672836303711
2013-11-13,1245800,67.9000015258789,68.48999786376953,67.72000122070312,68.48999786376953,61.43810272216797
2013-11-12,1347300,68.18000030517578,68.44000244140625,67.81999969482422,68.29000091552734,61.25869369506836
2013-11-11,1020400,68.08000183105469,68.3499984741211,67.66000366210938,68.11000061035156,61.09722137451172
2013-11-08,1504500,66.91999816894531,68.0199966430664,66.75,68.0,60.99854278564453
2013-11-07,1523600,67.41000366210938,67.4800033569336,66.58999633789062,66.7300033569336,59.85932540893555
2013-11-06,1410100,67.16999816894531,67.4000015258789,66.55999755859375,67.16000366210938,60.24505615234375
2013-11-05,2041600,67.08999633789062,67.79000091552734,66.80000305175781,66.87000274658203,59.98490905761719
2013-11-04,2724400,66.5,67.0999984741211,66.25,67.08999633789062,60.18224334716797
2013-11-01,2300900,65.55000305175781,66.37999725341797,65.16000366210938,66.37999725341797,59.54535675048828
2013-10-31,1838200,65.05000305175781,65.9800033569336,64.62000274658203,65.33000183105469,58.60346221923828
2013-10-30,1677800,65.94999694824219,65.95999908447266,64.87000274658203,65.22000122070312,58.50479888916016
2013-10-29,1334100,65.37999725341797,65.80000305175781,65.11000061035156,65.80000305175781,59.02507019042969
2013-10-28,1442000,65.16000366210938,65.37999725341797,64.52999877929688,65.19999694824219,58.48685073852539
2013-10-25,1074000,64.83999633789062,65.30999755859375,64.55000305175781,65.23999786376953,58.52272415161133
2013-10-24,1090600,64.19999694824219,64.94000244140625,64.19999694824219,64.63999938964844,57.98451614379883
2013-10-23,1229900,63.630001068115234,64.0,63.2400016784668,63.83000183105469,57.257911682128906
2013-10-22,1582000,64.18000030517578,64.55999755859375,63.52999877929688,63.7599983215332,57.19511795043945
2013-10-21,1819800,64.56999969482422,64.63999938964844,63.619998931884766,63.869998931884766,57.29378890991211
2013-10-18,1112000,64.9800033569336,65.05999755859375,64.33000183105469,64.61000061035156,57.95759582519531
2013-10-17,1674900,63.77000045776367,64.80000305175781,63.650001525878906,64.62000274658203,57.96656036376953
2013-10-16,1016100,63.02999877929688,63.7599983215332,62.93999862670898,63.75,57.18614196777344
2013-10-15,855600,63.04999923706055,63.27999877929688,62.630001068115234,62.810001373291016,56.34292602539063
2013-10-14,1068100,62.459999084472656,63.13999938964844,62.18000030517578,63.11000061035156,56.61203384399414
2013-10-11,1234500,62.47999954223633,62.880001068115234,62.380001068115234,62.650001525878906,56.19940948486328
2013-10-10,1209100,61.79999923706055,62.47999954223633,61.63999938964844,62.43000030517578,56.00204849243164
2013-10-09,1638400,61.290000915527344,61.47999954223633,60.77999877929688,61.27000045776367,54.96149063110352
2013-10-08,1777200,61.97999954223633,62.45000076293945,61.06999969482422,61.18999862670898,54.88972854614258
2013-10-07,742500,62.27000045776367,62.36000061035156,61.880001068115234,61.970001220703125,55.58942794799805
2013-10-04,1327400,61.59000015258789,62.540000915527344,61.41999816894531,62.470001220703125,56.03794097900391
2013-10-03,2136200,62.060001373291016,62.34000015258789,61.18000030517578,61.41999816894531,55.09605026245117
2013-10-02,1196800,62.18000030517578,62.29999923706055,61.58000183105469,62.20000076293945,55.79574203491211
2013-10-01,1117700,61.18000030517578,62.5,61.09999847412109,62.47999954223633,56.04690933227539
2013-09-30,1040200,60.900001525878906,61.27000045776367,60.68999862670898,61.09999847412109,54.80899810791016
2013-09-27,688300,60.90999984741211,61.34999847412109,60.72999954223633,61.27999877929688,54.97045135498047
2013-09-26,869600,60.970001220703125,61.43999862670898,60.68999862670898,61.15999984741211,54.862823486328125
2013-09-25,1044900,60.83000183105469,61.33000183105469,60.83000183105469,61.0099983215332,54.72826385498047
2013-09-24,1332800,61.72999954223633,61.900001525878906,60.84000015258789,60.90999984741211,54.638553619384766
2013-09-23,813100,61.68000030517578,61.83000183105469,61.27999877929688,61.56999969482422,55.2306022644043
2013-09-20,1631000,62.22999954223633,62.29999923706055,61.47999954223633,61.650001525878906,55.3023681640625
2013-09-19,1217700,61.84999847412109,62.43999862670898,61.77999877929688,62.22999954223633,55.8226432800293
2013-09-18,1137200,61.630001068115234,61.709999084472656,60.810001373291016,61.4900016784668,55.15884399414063
2013-09-17,933100,61.0,61.59000015258789,60.93000030517578,61.59000015258789,55.24853897094727
2013-09-16,1012900,60.79999923706055,61.2599983215332,60.65999984741211,60.95000076293945,54.67444610595703
2013-09-13,1274100,60.630001068115234,60.77999877929688,60.09000015258789,60.27999877929688,54.073429107666016
2013-09-12,1430900,60.41999816894531,61.02000045776367,60.369998931884766,60.459999084472656,54.234901428222656
2013-09-11,2026200,59.43000030517578,60.4900016784668,59.40999984741211,60.4900016784668,54.26180648803711
2013-09-10,1080300,59.0,59.5,58.88999938964844,59.369998931884766,53.25710678100586
2013-09-09,940800,58.310001373291016,58.790000915527344,58.150001525878906,58.65999984741211,52.62022399902344
2013-09-06,885800,58.20000076293945,58.630001068115234,57.470001220703125,58.2400016784668,52.24347305297852
2013-09-05,890600,58.0,58.33000183105469,57.880001068115234,58.150001525878906,52.16273880004883
2013-09-04,981100,57.630001068115234,58.29999923706055,57.59000015258789,58.130001068115234,52.1447868347168
2013-09-03,1054500,57.459999084472656,57.880001068115234,57.209999084472656,57.38999938964844,51.480987548828125
2013-08-30,871700,57.18999862670898,57.38999938964844,56.63999938964844,56.91999816894531,51.05937194824219
2013-08-29,766800,56.869998931884766,57.33000183105469,56.65999984741211,57.150001525878906,51.26569747924805
2013-08-28,1282700,56.81999969482422,57.130001068115234,56.2400016784668,56.959999084472656,51.09526824951172
2013-08-27,1368300,57.040000915527344,57.119998931884766,56.59000015258789,56.869998931884766,51.0145263671875
2013-08-26,820100,57.40999984741211,57.77999877929688,57.31999969482422,57.43999862670898,51.52583312988281
2013-08-23,1493600,57.40999984741211,57.630001068115234,57.09999847412109,57.45000076293945,51.53480911254883
2013-08-22,1602600,57.220001220703125,57.65999984741211,57.13999938964844,57.43000030517578,51.51685333251953
2013-08-21,1515700,57.2599983215332,57.540000915527344,56.93999862670898,57.06999969482422,51.193939208984375
2013-08-20,1888100,56.91999816894531,57.61000061035156,56.790000915527344,57.45000076293945,51.53480911254883
2013-08-19,2008100,56.540000915527344,57.09000015258789,56.5,56.84999847412109,50.996578216552734
2013-08-16,2227200,57.0,57.18999862670898,56.52999877929688,56.52999877929688,50.70953750610352
2013-08-15,2153200,57.709999084472656,57.77999877929688,56.790000915527344,57.27000045776367,51.37334442138672
2013-08-14,1784600,58.13999938964844,58.59000015258789,58.0,58.02999877929688,51.86671447753906
2013-08-13,2300100,58.70000076293945,58.970001220703125,57.97999954223633,58.13999938964844,51.96502685546875
2013-08-12,1544100,58.900001525878906,59.2400016784668,58.45000076293945,58.66999816894531,52.4387321472168
2013-08-09,1223200,59.459999084472656,59.75,59.2400016784668,59.4900016784668,53.17164993286133
2013-08-08,1578900,59.36000061035156,59.66999816894531,58.88999938964844,59.61000061035156,53.27890396118164
2013-08-07,1414300,58.310001373291016,59.16999816894531,58.209999084472656,58.7400016784668,52.501312255859375
2013-08-06,1060800,59.02999877929688,59.02999877929688,58.36000061035156,58.65999984741211,52.4297981262207
2013-08-05,1129300,58.380001068115234,59.09000015258789,58.290000915527344,59.02999877929688,52.7605094909668
2013-08-02,1560100,58.75,58.79999923706055,58.25,58.47999954223633,52.2689208984375
2013-08-01,1746200,58.38999938964844,59.119998931884766,58.369998931884766,58.79999923706055,52.55493927001953
2013-07-31,1848600,58.540000915527344,58.970001220703125,58.0,58.27000045776367,52.08123016357422
2013-07-30,2487500,58.84000015258789,58.88999938964844,58.09000015258789,58.22999954223633,52.04547119140625
2013-07-29,1440900,58.369998931884766,58.77999877929688,58.16999816894531,58.38999938964844,52.18848037719727
2013-07-26,1714300,57.40999984741211,58.58000183105469,57.27999877929688,58.470001220703125,52.25997543334961
2013-07-25,2869300,56.20000076293945,57.68999862670898,55.79999923706055,57.61000061035156,51.49132537841797
2013-07-24,3089500,58.31999969482422,59.29999923706055,56.58000183105469,56.77000045776367,50.74054336547852
2013-07-23,4014200,58.970001220703125,59.0,57.59999847412109,57.630001068115234,51.50919723510742
2013-07-22,1237800,58.7400016784668,59.09999847412109,58.59999847412109,58.9900016784668,52.724754333496094
2013-07-19,1552000,58.25,58.900001525878906,58.130001068115234,58.810001373291016,52.56386566162109
2013-07-18,2058500,58.58000183105469,58.95000076293945,58.040000915527344,58.310001373291016,52.116973876953125
2013-07-17,1137300,58.380001068115234,58.68000030517578,58.16999816894531,58.470001220703125,52.25997543334961
2013-07-16,2045900,58.33000183105469,58.61000061035156,58.13999938964844,58.27999877929688,52.09015274047852
2013-07-15,1693300,58.56999969482422,58.81999969482422,58.06999969482422,58.2400016784668,52.05440521240234
2013-07-12,1359100,58.02000045776367,58.41999816894531,57.68000030517578,58.38999938964844,52.18848037719727
2013-07-11,2337200,57.08000183105469,58.150001525878906,57.08000183105469,58.09999847412109,51.92927169799805
2013-07-10,1551500,55.95000076293945,56.59999847412109,55.90999984741211,56.54999923706055,50.54389572143555
2013-07-09,2101000,56.470001220703125,56.84000015258789,55.810001373291016,55.90999984741211,49.97187042236328
2013-07-08,1481200,55.83000183105469,56.29999923706055,55.59000015258789,56.27999877929688,50.30258560180664
2013-07-05,1629300,55.5099983215332,55.65999984741211,54.900001525878906,55.560001373291016,49.65904235839844
2013-07-03,1157000,54.5,55.2400016784668,54.400001525878906,55.09000015258789,49.238956451416016
2013-07-02,2008500,55.040000915527344,55.31999969482422,54.65999984741211,54.83000183105469,49.00658416748047
2013-07-01,2845300,56.11000061035156,56.22999954223633,54.970001220703125,55.0099983215332,49.16746139526367
2013-06-28,3350300,55.5,56.33000183105469,55.02999877929688,55.83000183105469,49.900367736816406
2013-06-27,2446300,55.369998931884766,55.7599983215332,55.09999847412109,55.310001373291016,49.43559265136719
2013-06-26,2503200,53.77999877929688,55.290000915527344,53.77999877929688,55.040000915527344,49.19427490234375
2013-06-25,2846600,53.7400016784668,53.77000045776367,53.060001373291016,53.54999923706055,47.86251831054688
2013-06-24,2936800,54.02000045776367,54.310001373291016,53.25,53.61000061035156,47.91615676879883
2013-06-21,2668500,54.2400016784668,54.93000030517578,54.150001525878906,54.34000015258789,48.568607330322266
2013-06-20,3015200,55.470001220703125,55.61000061035156,54.0099983215332,54.13999938964844,48.38986206054688
2013-06-19,2227200,55.77999877929688,56.38999938964844,55.38999938964844,55.560001373291016,49.65904235839844
2013-06-18,1805600,55.68000030517578,55.97999954223633,55.38999938964844,55.86000061035156,49.92717742919922
2013-06-17,2929400,55.130001068115234,55.68000030517578,55.04999923706055,55.65999984741211,49.7484130859375
2013-06-14,1985300,54.43999862670898,55.209999084472656,54.400001525878906,54.93000030517578,49.09596633911133
2013-06-13,2551400,54.61000061035156,54.68999862670898,54.040000915527344,54.560001373291016,48.7652587890625
2013-06-12,3673500,55.02000045776367,55.34999847412109,54.720001220703125,54.75,48.9350814819336
2013-06-11,3596200,53.959999084472656,55.18000030517578,53.93999862670898,54.810001373291016,48.98869705200195
2013-06-10,2497500,53.130001068115234,53.84000015258789,52.970001220703125,53.709999084472656,48.00553131103516
2013-06-07,3489200,52.70000076293945,53.25,52.70000076293945,52.93999862670898,47.31731796264648
2013-06-06,3420300,52.810001373291016,53.08000183105469,52.43999862670898,52.54999923706055,46.96873092651367
2013-06-05,3433100,53.040000915527344,53.369998931884766,52.84000015258789,52.900001525878906,47.28157043457031
2013-06-04,2779700,52.72999954223633,53.400001525878906,52.68999862670898,53.2599983215332,47.60332489013672
2013-06-03,3582100,54.0099983215332,54.13999938964844,52.380001068115234,52.68000030517578,47.084922790527344
2013-05-31,2534700,54.4900016784668,54.720001220703125,54.08000183105469,54.08000183105469,48.33623123168945
2013-05-30,1743800,54.0,55.02000045776367,53.900001525878906,54.720001220703125,48.90826797485352
2013-05-29,2679200,54.16999816894531,54.5,53.220001220703125,53.900001525878906,48.17535781860352
2013-05-28,2759300,54.77000045776367,55.20000076293945,54.040000915527344,54.369998931884766,48.595436096191406
2013-05-24,1935100,54.36000061035156,54.560001373291016,54.040000915527344,54.43999862670898,48.65800476074219
2013-05-23,1816000,54.31999969482422,54.79999923706055,54.04999923706055,54.58000183105469,48.78313064575195
2013-05-22,2471600,54.720001220703125,55.11000061035156,54.369998931884766,54.459999084472656,48.67587661743164
2013-05-21,1698200,54.77000045776367,54.93999862670898,54.400001525878906,54.650001525878906,48.84569549560547
2013-05-20,1712700,55.0099983215332,55.22999954223633,54.709999084472656,54.81999969482422,48.99764251708984
2013-05-17,2180100,54.43999862670898,55.06999969482422,54.18000030517578,54.9900016784668,49.14959335327149
2013-05-16,1766600,54.63999938964844,55.060001373291016,54.290000915527344,54.400001525878906,48.62226104736328
2013-05-15,2859300,55.0,55.47999954223633,54.650001525878906,55.0099983215332,48.979766845703125
2013-05-14,2369200,54.470001220703125,54.9900016784668,54.25,54.959999084472656,48.93523788452149
2013-05-13,2022800,54.68000030517578,54.880001068115234,54.45000076293945,54.47999954223633,48.50786590576172
2013-05-10,1324800,54.97999954223633,55.0,54.630001068115234,54.84000015258789,48.828399658203125
2013-05-09,1708200,54.90999984741211,55.09000015258789,54.4900016784668,54.810001373291016,48.80168533325195
2013-05-08,2598700,55.02999877929688,55.209999084472656,54.619998931884766,55.09999847412109,49.05989074707031
2013-05-07,2142100,54.59000015258789,55.040000915527344,54.369998931884766,54.97999954223633,48.95305633544922
2013-05-06,1401200,54.4900016784668,54.709999084472656,54.34000015258789,54.400001525878906,48.4366340637207
2013-05-03,1850800,55.0099983215332,55.08000183105469,54.41999816894531,54.56999969482422,48.587982177734375
2013-05-02,2157900,53.84999847412109,54.86000061035156,53.77000045776367,54.84999847412109,48.83729553222656
2013-05-01,2418000,54.060001373291016,54.400001525878906,53.7599983215332,53.84000015258789,47.938018798828125
2013-04-30,2064900,54.06999969482422,54.130001068115234,53.59999847412109,54.119998931884766,48.18733215332031
2013-04-29,3329100,53.33000183105469,54.27999877929688,53.25,54.060001373291016,48.133914947509766
2013-04-26,5365100,53.0,53.59999847412109,52.77999877929688,53.2599983215332,47.42160034179688
2013-04-25,7988800,55.81999969482422,56.0,53.130001068115234,53.40999984741211,47.555152893066406
2013-04-24,3091300,56.33000183105469,56.59999847412109,55.630001068115234,55.81999969482422,49.70098114013672
2013-04-23,2419400,56.38999938964844,56.90999984741211,55.93999862670898,56.29999923706055,50.12835693359375
2013-04-22,2571100,56.41999816894531,56.43999862670898,55.650001525878906,56.20000076293945,50.03932189941406
2013-04-19,2023400,55.61000061035156,55.9900016784668,55.2400016784668,55.91999816894531,49.79000854492188
2013-04-18,4273900,55.060001373291016,56.06999969482422,55.02000045776367,55.43999862670898,49.36262130737305
2013-04-17,3176700,54.77999877929688,55.18999862670898,54.45000076293945,55.060001373291016,49.02428817749024
2013-04-16,2050600,54.47999954223633,54.9900016784668,54.119998931884766,54.95000076293945,48.92633438110352
2013-04-15,2243200,54.13999938964844,54.34999847412109,53.84000015258789,54.040000915527344,48.11609649658203
2013-04-12,1269300,53.77999877929688,54.33000183105469,53.68000030517578,54.18000030517578,48.2407455444336
2013-04-11,2354400,53.27999877929688,54.15999984741211,53.25,53.810001373291016,47.91131591796875
2013-04-10,3148400,53.93000030517578,54.0,53.08000183105469,53.29999923706055,47.45722198486328
2013-04-09,3118200,52.75,53.150001525878906,52.4900016784668,52.91999816894531,47.11886596679688
2013-04-08,2294600,52.18000030517578,52.70000076293945,51.68999862670898,52.630001068115234,46.86066436767578
2013-04-05,1596400,51.43000030517578,52.119998931884766,51.40999984741211,52.08000183105469,46.37095260620117
2013-04-04,2840100,51.68999862670898,52.83000183105469,51.66999816894531,51.81999969482422,46.13945388793945
2013-04-03,4837400,52.56999969482422,52.83000183105469,51.310001373291016,51.68999862670898,46.02370071411133
2013-04-02,4047700,51.91999816894531,53.36000061035156,51.84999847412109,52.40999984741211,46.66477584838867
2013-04-01,1429400,51.380001068115234,51.65999984741211,51.290000915527344,51.63999938964844,45.979190826416016
2013-03-28,2835600,50.959999084472656,51.56999969482422,50.790000915527344,51.45000076293945,45.81001281738281
2013-03-27,2027900,50.5099983215332,50.900001525878906,50.33000183105469,50.709999084472656,45.15113067626953
2013-03-26,2428300,50.86000061035156,51.209999084472656,50.470001220703125,50.720001220703125,45.16005325317383
2013-03-25,3248100,49.95000076293945,50.95000076293945,49.84000015258789,50.59000015258789,45.04427719116211
2013-03-22,2917300,49.79999923706055,49.91999816894531,49.59999847412109,49.81999969482422,44.35868835449219
2013-03-21,2285000,50.11000061035156,50.540000915527344,49.560001373291016,49.790000915527344,44.33198547363281
2013-03-20,3203700,50.310001373291016,50.45000076293945,49.720001220703125,50.2400016784668,44.732643127441406
2013-03-19,17071100,51.38999938964844,52.150001525878906,49.91999816894531,50.060001373291016,44.5723991394043
2013-03-18,2602100,48.31999969482422,48.66999816894531,48.15999984741211,48.29999923706055,43.00531005859375
2013-03-15,2025400,49.13999938964844,49.2400016784668,48.81999969482422,48.88999938964844,43.53064727783203
2013-03-14,1810900,49.0,49.38999938964844,48.90999984741211,49.290000915527344,43.88679885864258
2013-03-13,859200,48.709999084472656,48.900001525878906,48.56999969482422,48.86000061035156,43.50392532348633
2013-03-12,1222600,48.52000045776367,48.84999847412109,48.43999862670898,48.650001525878906,43.31695175170898
2013-03-11,1495100,48.36000061035156,48.7400016784668,48.290000915527344,48.54999923706055,43.2279167175293
2013-03-08,1426400,48.27000045776367,48.5099983215332,47.970001220703125,48.47999954223633,43.16558456420898
2013-03-07,1785900,48.43999862670898,48.650001525878906,47.68000030517578,48.08000183105469,42.8094367980957
2013-03-06,1494700,48.43999862670898,48.79999923706055,48.27000045776367,48.47999954223633,43.16558456420898
2013-03-05,1646800,48.040000915527344,48.400001525878906,47.959999084472656,48.27000045776367,42.97862243652344
2013-03-04,2132800,47.83000183105469,48.25,47.65999984741211,48.25,42.96080017089844
2013-03-01,2135900,47.220001220703125,48.13999938964844,46.88999938964844,47.97999954223633,42.720401763916016
2013-02-28,2253700,46.959999084472656,47.5099983215332,46.810001373291016,47.20000076293945,42.02590560913086
2013-02-27,855100,46.65999984741211,47.209999084472656,46.58000183105469,47.02999877929688,41.87453842163086
2013-02-26,1373600,46.380001068115234,46.619998931884766,46.08000183105469,46.56999969482422,41.464962005615234
2013-02-25,1794900,47.09999847412109,47.25,46.18000030517578,46.18000030517578,41.117713928222656
2013-02-22,1003700,46.47999954223633,47.02999877929688,46.380001068115234,46.95000076293945,41.80330657958984
2013-02-21,1432400,46.47999954223633,46.619998931884766,46.15999984741211,46.47999954223633,41.38483047485352
2013-02-20,1970300,47.220001220703125,47.38999938964844,46.59000015258789,46.61000061035156,41.50057220458984
2013-02-19,1831500,46.66999816894531,47.2400016784668,46.619998931884766,47.220001220703125,42.04370880126953
2013-02-15,2962100,46.77000045776367,47.09000015258789,46.5099983215332,46.59999847412109,41.49166870117188
2013-02-14,1941900,46.66999816894531,46.9900016784668,46.59999847412109,46.77000045776367,41.643043518066406
2013-02-13,2645300,46.7400016784668,46.900001525878906,46.59999847412109,46.63999938964844,41.52729797363281
2013-02-12,1318800,46.70000076293945,47.04999923706055,46.59999847412109,46.959999084472656,41.625221252441406
2013-02-11,1115900,46.84999847412109,47.0,46.5,46.7599983215332,41.44795227050781
2013-02-08,1232800,46.52000045776367,46.900001525878906,46.459999084472656,46.88999938964844,41.56318664550781
2013-02-07,2420000,46.47999954223633,46.619998931884766,45.9900016784668,46.400001525878906,41.12884140014648
2013-02-06,3034800,46.18000030517578,46.470001220703125,46.16999816894531,46.470001220703125,41.190895080566406
2013-02-05,1950900,46.18999862670898,46.459999084472656,46.02999877929688,46.27999877929688,41.0224838256836
2013-02-04,2611500,46.34999847412109,46.61000061035156,45.9900016784668,46.040000915527344,40.80974197387695
2013-02-01,3978600,45.400001525878906,46.77000045776367,45.400001525878906,46.52999877929688,41.24407958984375
2013-01-31,2837600,45.52000045776367,45.560001373291016,45.16999816894531,45.369998931884766,40.21586608886719
2013-01-30,2208300,45.619998931884766,45.97999954223633,45.5,45.58000183105469,40.402000427246094
2013-01-29,2363500,45.130001068115234,45.77000045776367,45.02000045776367,45.540000915527344,40.36655044555664
2013-01-28,2041900,45.060001373291016,45.209999084472656,44.869998931884766,45.11000061035156,39.98538589477539
2013-01-25,2906200,45.77999877929688,45.84000015258789,44.869998931884766,45.02999877929688,39.91448974609375
2013-01-24,3580300,45.91999816894531,46.150001525878906,44.72999954223633,45.720001220703125,40.52610778808594
2013-01-23,3324400,45.66999816894531,46.59000015258789,45.59999847412109,46.18000030517578,40.93383407592773
2013-01-22,1467800,45.900001525878906,45.90999984741211,45.310001373291016,45.619998931884766,40.43745803833008
2013-01-18,1809700,45.470001220703125,45.84999847412109,45.27999877929688,45.84999847412109,40.64133071899414
2013-01-17,1419900,45.27000045776367,45.68000030517578,45.209999084472656,45.52000045776367,40.34881591796875
2013-01-16,1780300,45.11000061035156,45.310001373291016,44.88999938964844,45.02000045776367,39.90562057495117
2013-01-15,2429500,44.27999877929688,45.16999816894531,44.20000076293945,45.06999969482422,39.94993591308594
2013-01-14,1367400,43.9900016784668,44.369998931884766,43.79999923706055,44.290000915527344,39.25855255126953
2013-01-11,1414800,43.91999816894531,44.0,43.5099983215332,43.84000015258789,38.85968017578125
2013-01-10,1579900,43.95000076293945,43.9900016784668,43.68999862670898,43.88999938964844,38.90398788452149
2013-01-09,1513300,43.810001373291016,43.9900016784668,43.58000183105469,43.77000045776367,38.79762649536133
2013-01-08,1533000,43.7599983215332,44.09999847412109,43.72999954223633,43.77000045776367,38.79762649536133
2013-01-07,1803600,43.70000076293945,43.88999938964844,43.5,43.83000183105469,38.850807189941406
2013-01-04,2461500,43.220001220703125,43.720001220703125,43.0099983215332,43.68999862670898,38.72671508789063
2013-01-03,2026700,43.540000915527344,43.54999923706055,43.20000076293945,43.400001525878906,38.46965789794922
2013-01-02,1972400,43.59000015258789,43.7400016784668,43.220001220703125,43.4900016784668,38.5494384765625
2012-12-31,1295200,42.7400016784668,43.220001220703125,42.630001068115234,43.18000030517578,38.27465057373047
2012-12-28,1039500,43.119998931884766,43.34000015258789,42.79999923706055,42.81999969482422,37.95553970336914
2012-12-27,1554200,43.18000030517578,43.34000015258789,42.7599983215332,43.22999954223633,38.31896209716797
2012-12-26,1276800,43.5,43.61000061035156,42.95000076293945,43.119998931884766,38.22146987915039
2012-12-24,643200,43.52000045776367,43.68000030517578,43.209999084472656,43.459999084472656,38.52285003662109
2012-12-21,4012300,43.43999862670898,43.93000030517578,43.43999862670898,43.63999938964844,38.68239974975586
2012-12-20,2320400,43.75,43.810001373291016,43.470001220703125,43.79999923706055,38.8242301940918
2012-12-19,2288500,43.900001525878906,43.959999084472656,43.459999084472656,43.650001525878906,38.69124603271485
2012-12-18,1986200,43.7599983215332,44.02000045776367,43.54999923706055,43.90999984741211,38.92173004150391
2012-12-17,3104700,43.36000061035156,43.77999877929688,43.27000045776367,43.77999877929688,38.80650329589844
2012-12-14,2732300,42.709999084472656,43.380001068115234,42.619998931884766,43.36000061035156,38.4341926574707
2012-12-13,2750300,42.77999877929688,43.150001525878906,42.54999923706055,42.84999847412109,37.98213958740234
2012-12-12,6062300,43.20000076293945,43.25,42.31999969482422,42.709999084472656,37.858036041259766
2012-12-11,4727000,42.459999084472656,43.18000030517578,42.38999938964844,43.119998931884766,38.22146987915039
2012-12-10,2517700,42.310001373291016,42.5,42.13999938964844,42.22999954223633,37.43257141113281
2012-12-07,2496800,42.77999877929688,42.790000915527344,42.150001525878906,42.27000045776367,37.4680290222168
2012-12-06,3122200,42.33000183105469,42.720001220703125,42.20000076293945,42.560001373291016,37.7250862121582
2012-12-05,2845600,42.75,42.75,42.02000045776367,42.2599983215332,37.45915603637695
2012-12-04,3092100,42.33000183105469,42.84999847412109,42.33000183105469,42.75,37.893497467041016
2012-12-03,2844200,42.2599983215332,42.59000015258789,42.18999862670898,42.40999984741211,37.59212493896485
2012-11-30,3277300,41.560001373291016,42.2400016784668,41.470001220703125,42.220001220703125,37.4237060546875
2012-11-29,2530000,41.4900016784668,41.77999877929688,41.34000015258789,41.52000045776367,36.80323791503906
2012-11-28,2302100,41.15999984741211,41.290000915527344,40.84000015258789,41.20000076293945,36.51958465576172
2012-11-27,2337700,41.18000030517578,41.5099983215332,41.08000183105469,41.220001220703125,36.53731155395508
2012-11-26,2611200,41.34999847412109,41.4900016784668,41.150001525878906,41.45000076293945,36.741188049316406
2012-11-23,1370500,40.84999847412109,41.4900016784668,40.81999969482422,41.380001068115234,36.67912673950195
2012-11-21,1650100,40.77999877929688,40.90999984741211,40.68999862670898,40.84999847412109,36.20934295654297
2012-11-20,1960700,40.619998931884766,40.79999923706055,40.400001525878906,40.79999923706055,36.16501998901367
2012-11-19,1414800,40.47999954223633,40.790000915527344,40.369998931884766,40.68999862670898,36.06752014160156
2012-11-16,2304800,40.22999954223633,40.459999084472656,39.93999862670898,40.2599983215332,35.686363220214844
2012-11-15,2237500,40.150001525878906,40.36000061035156,39.900001525878906,40.15999984741211,35.59773254394531
2012-11-14,2114000,40.34000015258789,40.93999862670898,40.119998931884766,40.209999084472656,35.455902099609375
2012-11-13,2856100,40.0,40.9900016784668,39.900001525878906,40.709999084472656,35.89677429199219
2012-11-12,1815100,40.59999847412109,40.59999847412109,39.91999816894531,40.060001373291016,35.32364273071289
2012-11-09,2405500,40.25,40.81999969482422,40.02999877929688,40.470001220703125,35.68516540527344
2012-11-08,2930400,40.650001525878906,40.84999847412109,39.93000030517578,40.33000183105469,35.56172561645508
2012-11-07,3220200,40.130001068115234,40.970001220703125,39.650001525878906,40.7599983215332,35.94087600708008
2012-11-06,1893000,40.25,40.619998931884766,40.0,40.36000061035156,35.58818054199219
2012-11-05,1598100,40.27999877929688,40.58000183105469,40.119998931884766,40.2599983215332,35.49999237060547
2012-11-02,2077400,41.0,41.22999954223633,40.47999954223633,40.5,35.711612701416016
2012-11-01,4492300,39.54999923706055,41.119998931884766,39.5099983215332,40.91999816894531,36.08195495605469
2012-10-31,3317600,39.619998931884766,39.88999938964844,39.27999877929688,39.43999862670898,34.776947021484375
2012-10-26,2596300,39.790000915527344,39.900001525878906,39.220001220703125,39.34000015258789,34.68877029418945
2012-10-25,2351900,39.97999954223633,40.36000061035156,39.40999984741211,39.7599983215332,35.05910873413086
2012-10-24,1661800,39.970001220703125,40.15999984741211,39.630001068115234,39.65999984741211,34.97093963623047
2012-10-23,2957000,40.0,40.130001068115234,39.7599983215332,39.93000030517578,35.20899963378906
2012-10-22,1544400,40.18999862670898,40.560001373291016,39.900001525878906,40.43000030517578,35.64989471435547
2012-10-19,2335900,40.61000061035156,40.63999938964844,40.11000061035156,40.27999877929688,35.51762390136719
2012-10-18,1552200,40.43000030517578,40.84999847412109,40.380001068115234,40.68000030517578,35.87033462524414
2012-10-17,2506500,40.83000183105469,40.95000076293945,40.369998931884766,40.52999877929688,35.738059997558594
2012-10-16,3565300,40.0,40.84999847412109,39.90999984741211,40.75,35.932064056396484
2012-10-15,1963900,39.5,39.93000030517578,39.369998931884766,39.90999984741211,35.19137191772461
2012-10-12,1762200,39.5099983215332,39.720001220703125,39.380001068115234,39.5,34.829856872558594
2012-10-11,1702700,39.5099983215332,39.70000076293945,39.34000015258789,39.470001220703125,34.803401947021484
2012-10-10,1753300,39.560001373291016,39.61000061035156,39.150001525878906,39.38999938964844,34.732852935791016
2012-10-09,2042900,39.720001220703125,39.880001068115234,39.22999954223633,39.68000030517578,34.98857498168945
2012-10-08,1206000,39.470001220703125,39.869998931884766,39.34999847412109,39.77999877929688,35.076744079589844
2012-10-05,3017100,39.43999862670898,39.84999847412109,39.290000915527344,39.52000045776367,34.84749221801758
2012-10-04,2978700,39.22999954223633,39.70000076293945,39.13999938964844,39.36000061035156,34.70640563964844
2012-10-03,2072400,39.04999923706055,39.220001220703125,38.86000061035156,39.060001373291016,34.44187927246094
2012-10-02,2337400,39.02999877929688,39.29999923706055,38.7599983215332,39.02999877929688,34.41542053222656
2012-10-01,2001500,38.790000915527344,39.06999969482422,38.68999862670898,38.9900016784668,34.380149841308594
2012-09-28,2983700,38.95000076293945,39.04999923706055,38.63999938964844,38.709999084472656,34.13325119018555
2012-09-27,2086100,38.70000076293945,39.060001373291016,38.4900016784668,39.02000045776367,34.4066047668457
2012-09-26,2684900,38.900001525878906,39.150001525878906,38.59000015258789,38.650001525878906,34.080345153808594
2012-09-25,3363500,39.36000061035156,39.380001068115234,38.70000076293945,38.84999847412109,34.25669860839844
2012-09-24,3135000,38.86000061035156,39.45000076293945,38.65999984741211,39.36000061035156,34.70640563964844
2012-09-21,3339100,38.459999084472656,39.040000915527344,38.43999862670898,38.970001220703125,34.362518310546875
2012-09-20,2258900,38.0,38.369998931884766,37.650001525878906,38.33000183105469,33.798179626464844
2012-09-19,2559300,38.2599983215332,38.5,38.16999816894531,38.16999816894531,33.65709686279297
2012-09-18,3014200,37.84999847412109,38.34000015258789,37.56999969482422,38.310001373291016,33.78054428100586
2012-09-17,3196200,37.470001220703125,38.02999877929688,37.40999984741211,38.02000045776367,33.52483367919922
2012-09-14,6323200,38.02999877929688,38.18999862670898,37.119998931884766,37.36000061035156,32.94287109375
2012-09-13,3505100,37.84000015258789,38.13999938964844,37.470001220703125,38.060001373291016,33.56010437011719
2012-09-12,2490400,37.7400016784668,38.59999847412109,37.52000045776367,37.900001525878906,33.41902160644531
2012-09-11,3996500,37.52000045776367,37.810001373291016,37.27000045776367,37.77000045776367,33.30438995361328
2012-09-10,1985700,38.369998931884766,38.369998931884766,38.0099983215332,38.02999877929688,33.53364944458008
2012-09-07,2691700,38.65999984741211,38.7599983215332,38.040000915527344,38.18000030517578,33.66592025756836
2012-09-06,2491000,38.33000183105469,38.84000015258789,38.310001373291016,38.63999938964844,34.07152557373047
2012-09-05,3852700,38.70000076293945,38.790000915527344,38.09000015258789,38.18000030517578,33.66592025756836
2012-09-04,2333800,38.52000045776367,39.0,38.2599983215332,38.77999877929688,34.19497299194336
2012-08-31,2988600,38.18000030517578,38.970001220703125,37.97999954223633,38.52000045776367,33.96572494506836
2012-08-30,2373200,37.58000183105469,38.16999816894531,37.43999862670898,38.09999847412109,33.59537887573242
2012-08-29,2324900,37.630001068115234,37.75,37.40999984741211,37.650001525878906,33.198585510253906
2012-08-28,4694200,37.77000045776367,37.810001373291016,36.72999954223633,37.5,33.06631088256836
2012-08-27,2307800,38.11000061035156,38.15999984741211,37.81999969482422,37.93999862670898,33.454288482666016
2012-08-24,2098700,37.88999938964844,38.2599983215332,37.81999969482422,38.09999847412109,33.59537887573242
2012-08-23,2100800,37.81999969482422,38.150001525878906,37.7599983215332,37.97999954223633,33.48955154418945
2012-08-22,2870600,37.58000183105469,38.06999969482422,37.41999816894531,37.91999816894531,33.436649322509766
2012-08-21,2310800,37.68000030517578,38.060001373291016,37.5,37.560001373291016,33.11922073364258
2012-08-20,2482400,37.400001525878906,37.81999969482422,37.380001068115234,37.709999084472656,33.251487731933594
2012-08-17,5940000,37.22999954223633,37.7400016784668,36.90999984741211,37.540000915527344,33.10158920288086
2012-08-16,5691500,37.5099983215332,37.70000076293945,37.16999816894531,37.58000183105469,33.022239685058594
2012-08-15,2724800,38.36000061035156,38.5099983215332,37.93000030517578,38.02000045776367,33.40885543823242
2012-08-14,2322900,38.68999862670898,38.77000045776367,38.18000030517578,38.290000915527344,33.646114349365234
2012-08-13,1628900,38.59000015258789,38.68999862670898,38.150001525878906,38.59000015258789,33.90973663330078
2012-08-10,1735100,38.70000076293945,38.7400016784668,38.25,38.68999862670898,33.997596740722656
2012-08-09,3223400,38.45000076293945,39.36000061035156,38.45000076293945,38.68999862670898,33.997596740722656
2012-08-08,3481800,39.18000030517578,39.18000030517578,38.63999938964844,38.70000076293945,34.00638198852539
2012-08-07,2559900,39.25,39.59999847412109,39.20000076293945,39.34000015258789,34.56877136230469
2012-08-06,2265900,39.400001525878906,39.65999984741211,39.20000076293945,39.220001220703125,34.46331787109375
2012-08-03,4161200,39.29999923706055,39.7599983215332,39.290000915527344,39.38999938964844,34.612701416015625
2012-08-02,3675100,39.06999969482422,39.27999877929688,38.47999954223633,38.869998931884766,34.155765533447266
2012-08-01,3731500,39.88999938964844,40.11000061035156,39.310001373291016,39.34000015258789,34.56877136230469
2012-07-31,9032400,39.47999954223633,40.20000076293945,39.060001373291016,39.70000076293945,34.885101318359375
2012-07-30,2362000,38.720001220703125,38.7599983215332,38.290000915527344,38.52999877929688,33.85700988769531
2012-07-27,5499200,38.0,38.93000030517578,37.93000030517578,38.65999984741211,33.97124099731445
2012-07-26,6481200,38.18000030517578,38.650001525878906,36.90999984741211,37.959999084472656,33.35614013671875
2012-07-25,1626700,38.380001068115234,38.400001525878906,37.81999969482422,37.95000076293945,33.34736633300781
2012-07-24,1436600,38.77999877929688,38.79999923706055,37.970001220703125,38.20000076293945,33.56703567504883
2012-07-23,1916600,38.95000076293945,38.9900016784668,38.459999084472656,38.650001525878906,33.962459564208984
2012-07-20,1786500,39.400001525878906,39.59000015258789,39.040000915527344,39.209999084472656,34.45454025268555
2012-07-19,1437400,39.72999954223633,39.97999954223633,39.56999969482422,39.72999954223633,34.91146469116211
2012-07-18,2910600,39.790000915527344,40.36000061035156,39.470001220703125,39.75,34.92904281616211
2012-07-17,1892600,39.5099983215332,39.91999816894531,39.18999862670898,39.790000915527344,34.964202880859375
2012-07-16,1248800,39.54999923706055,39.54999923706055,39.290000915527344,39.40999984741211,34.630279541015625
2012-07-13,1706300,39.220001220703125,39.810001373291016,38.91999816894531,39.63999938964844,34.83238983154297
2012-07-12,2093400,39.2599983215332,39.380001068115234,38.77999877929688,39.15999984741211,34.41061019897461
2012-07-11,2321900,38.91999816894531,39.5,38.91999816894531,39.290000915527344,34.52482986450195
2012-07-10,2601600,39.060001373291016,39.220001220703125,38.720001220703125,38.93999862670898,34.2172737121582
2012-07-09,1534200,38.630001068115234,39.040000915527344,38.630001068115234,38.900001525878906,34.1821403503418
2012-07-06,2013700,39.130001068115234,39.43000030517578,38.68999862670898,38.7599983215332,34.059112548828125
2012-07-05,1223500,39.54999923706055,39.75,39.310001373291016,39.459999084472656,34.67420959472656
2012-07-03,958600,39.84999847412109,39.880001068115234,39.56999969482422,39.77999877929688,34.95541000366211
2012-07-02,2006400,39.52999877929688,39.869998931884766,39.400001525878906,39.84999847412109,35.01691436767578
2012-06-29,2043900,39.08000183105469,39.34999847412109,38.91999816894531,39.34999847412109,34.57756423950195
2012-06-28,2590600,37.95000076293945,38.810001373291016,37.5,38.7400016784668,34.041526794433594
2012-06-27,1708900,37.65999984741211,38.20000076293945,37.58000183105469,38.130001068115234,33.50552749633789
2012-06-26,1814200,37.810001373291016,38.0,37.56999969482422,37.709999084472656,33.1364631652832
2012-06-25,2837600,37.58000183105469,37.84999847412109,37.43000030517578,37.75,33.17160415649414
2012-06-22,1729700,37.90999984741211,38.06999969482422,37.58000183105469,37.93000030517578,33.329769134521484
2012-06-21,1609400,38.04999923706055,38.18999862670898,37.61000061035156,37.68999862670898,33.1188850402832
2012-06-20,1302100,37.91999816894531,38.13999938964844,37.619998931884766,37.959999084472656,33.35614013671875
2012-06-19,2137600,37.86000061035156,38.52999877929688,37.77999877929688,38.040000915527344,33.426448822021484
2012-06-18,1682400,37.18999862670898,38.02999877929688,37.119998931884766,37.810001373291016,33.22433090209961
2012-06-15,2612100,37.150001525878906,37.29999923706055,36.900001525878906,37.290000915527344,32.76739501953125
2012-06-14,1575700,36.7599983215332,37.119998931884766,36.68000030517578,36.959999084472656,32.4774169921875
2012-06-13,2026700,36.900001525878906,37.060001373291016,36.34999847412109,36.45000076293945,32.02927017211914
2012-06-12,2301700,36.470001220703125,37.02000045776367,36.209999084472656,37.0,32.512569427490234
2012-06-11,1550400,37.290000915527344,37.290000915527344,36.459999084472656,36.459999084472656,32.038063049316406
2012-06-08,1281700,36.88999938964844,37.27000045776367,36.88999938964844,37.060001373291016,32.56528854370117
2012-06-07,1834100,37.52999877929688,37.58000183105469,36.93999862670898,36.97999954223633,32.494991302490234
2012-06-06,1627000,36.90999984741211,37.31999969482422,36.58000183105469,37.290000915527344,32.76739501953125
2012-06-05,1654800,36.27999877929688,36.810001373291016,36.04999923706055,36.75,32.29288101196289
2012-06-04,2551700,36.2400016784668,36.45000076293945,36.02000045776367,36.40999984741211,31.99411964416504
2012-06-01,2200800,36.650001525878906,36.83000183105469,36.2599983215332,36.27999877929688,31.87989044189453
2012-05-31,3966500,36.79999923706055,37.2599983215332,36.540000915527344,36.9900016784668,32.5037841796875
2012-05-30,3984400,36.36000061035156,37.060001373291016,36.220001220703125,36.84999847412109,32.3807487487793
2012-05-29,2286200,37.0,37.09999847412109,36.38999938964844,36.5099983215332,32.08199691772461
2012-05-25,1442500,36.52999877929688,36.9900016784668,36.43999862670898,36.900001525878906,32.42469787597656
2012-05-24,1441200,36.310001373291016,36.560001373291016,36.119998931884766,36.459999084472656,32.038063049316406
2012-05-23,2000000,36.13999938964844,36.5,35.97999954223633,36.310001373291016,31.9062557220459
2012-05-22,2029100,36.68000030517578,36.72999954223633,36.09000015258789,36.25,31.85353279113769
2012-05-21,1959600,35.97999954223633,36.41999816894531,35.970001220703125,36.08000183105469,31.70414161682129
2012-05-18,3549300,36.45000076293945,36.65999984741211,35.939998626708984,35.9900016784668,31.625057220458984
2012-05-17,2473900,36.52000045776367,36.7599983215332,36.43999862670898,36.43999862670898,32.0204963684082
2012-05-16,3174600,36.540000915527344,37.0099983215332,36.47999954223633,36.70000076293945,32.13471603393555
2012-05-15,1947600,36.540000915527344,36.88999938964844,36.34999847412109,36.400001525878906,31.872032165527344
2012-05-14,1931800,36.36000061035156,36.869998931884766,36.2400016784668,36.650001525878906,32.090938568115234
2012-05-11,1847100,36.45000076293945,37.02999877929688,36.45000076293945,36.619998931884766,32.064659118652344
2012-05-10,4883100,36.36000061035156,37.119998931884766,36.27999877929688,36.58000183105469,32.02964401245117
2012-05-09,2492400,35.91999816894531,36.25,35.59000015258789,36.0099983215332,31.53055191040039
2012-05-08,4819800,35.68000030517578,36.220001220703125,35.47999954223633,36.15999984741211,31.661903381347656
2012-05-07,3622400,36.11000061035156,36.310001373291016,35.88999938964844,35.95000076293945,31.478012084960938
2012-05-04,2117100,36.540000915527344,36.619998931884766,36.150001525878906,36.16999816894531,31.67064666748047
2012-05-03,3201400,37.15999984741211,37.18999862670898,36.43999862670898,36.54999923706055,32.00337600708008
2012-05-02,2158700,37.25,37.5099983215332,37.13999938964844,37.209999084472656,32.58127975463867
2012-05-01,4151300,37.060001373291016,37.58000183105469,36.900001525878906,37.29999923706055,32.66007232666016
2012-04-30,2093400,36.84999847412109,37.33000183105469,36.810001373291016,37.209999084472656,32.58127975463867
2012-04-27,3167000,37.150001525878906,37.20000076293945,36.59999847412109,36.900001525878906,32.30984878540039
2012-04-26,4175200,37.869998931884766,37.869998931884766,36.869998931884766,36.970001220703125,32.37113571166992
2012-04-25,2965800,37.70000076293945,38.16999816894531,37.5099983215332,37.84999847412109,33.141658782958984
2012-04-24,2520300,37.41999816894531,37.720001220703125,37.22999954223633,37.5,32.83519744873047
2012-04-23,2768900,36.79999923706055,37.68000030517578,36.27999877929688,37.4900016784668,32.826446533203125
2012-04-20,2240500,37.709999084472656,37.900001525878906,37.52000045776367,37.75,33.054100036621094
2012-04-19,2585400,37.540000915527344,37.7400016784668,37.22999954223633,37.47999954223633,32.817684173583984
2012-04-18,3737000,38.11000061035156,38.20000076293945,37.40999984741211,37.45000076293945,32.79143142700195
2012-04-17,2317000,37.70000076293945,38.380001068115234,37.59999847412109,38.220001220703125,33.46563720703125
2012-04-16,2757300,37.619998931884766,37.72999954223633,37.38999938964844,37.47999954223633,32.817684173583984
2012-04-13,3816300,38.02999877929688,38.34000015258789,37.4900016784668,37.52999877929688,32.8614616394043
2012-04-12,3371600,39.0,39.4900016784668,38.77999877929688,38.810001373291016,33.98223876953125
2012-04-11,2632900,38.720001220703125,38.84999847412109,38.52000045776367,38.77999877929688,33.95597076416016
2012-04-10,3277700,38.459999084472656,38.86000061035156,38.25,38.38999938964844,33.61449432373047
2012-04-09,2507400,38.09999847412109,38.70000076293945,37.650001525878906,38.43999862670898,33.65826797485352
2012-04-05,2421900,38.27999877929688,38.540000915527344,38.20000076293945,38.220001220703125,33.46563720703125
2012-04-04,2198700,38.400001525878906,38.790000915527344,38.29999923706055,38.47999954223633,33.69329071044922
2012-04-03,2894800,39.130001068115234,39.220001220703125,38.459999084472656,38.68000030517578,33.86841583251953
2012-04-02,2359400,39.70000076293945,39.7400016784668,39.02999877929688,39.18999862670898,34.31497573852539
2012-03-30,2769300,39.4900016784668,39.7599983215332,39.150001525878906,39.65999984741211,34.72651672363281
2012-03-29,1860700,38.84000015258789,39.27000045776367,38.83000183105469,39.20000076293945,34.32373046875
2012-03-28,1812800,39.470001220703125,39.66999816894531,38.95000076293945,39.08000183105469,34.21867370605469
2012-03-27,2265900,39.68000030517578,39.70000076293945,39.38999938964844,39.47999954223633,34.56889724731445
2012-03-26,2328100,39.150001525878906,39.59999847412109,39.0099983215332,39.59999847412109,34.67397689819336
2012-03-23,2965500,38.13999938964844,39.20000076293945,38.13999938964844,38.959999084472656,34.11358642578125
2012-03-22,2283300,38.27999877929688,38.7400016784668,38.2599983215332,38.290000915527344,33.52692794799805
2012-03-21,2665800,38.68999862670898,38.790000915527344,38.52000045776367,38.560001373291016,33.76333999633789
2012-03-20,3602800,38.29999923706055,38.84999847412109,38.29999923706055,38.810001373291016,33.98223876953125
2012-03-19,2628500,38.220001220703125,38.68000030517578,38.119998931884766,38.560001373291016,33.76333999633789
2012-03-16,3077500,38.060001373291016,38.540000915527344,38.060001373291016,38.31999969482422,33.55320739746094
2012-03-15,2487700,38.2400016784668,38.25,37.810001373291016,37.90999984741211,33.19420623779297
2012-03-14,3182500,37.880001068115234,38.5099983215332,37.81999969482422,38.2400016784668,33.4831428527832
2012-03-13,3130600,37.97999954223633,38.09999847412109,37.650001525878906,38.02000045776367,33.29051208496094
2012-03-12,1948200,37.790000915527344,38.04999923706055,37.70000076293945,37.7400016784668,33.045345306396484
2012-03-09,3661500,37.45000076293945,37.95000076293945,37.380001068115234,37.86000061035156,33.150413513183594
2012-03-08,3583900,37.0,37.5099983215332,36.90999984741211,37.45000076293945,32.79143142700195
2012-03-07,1638900,36.400001525878906,36.90999984741211,36.310001373291016,36.84999847412109,32.26605224609375
2012-03-06,3321300,36.36000061035156,36.810001373291016,36.20000076293945,36.27999877929688,31.766965866088867
2012-03-05,2289400,36.540000915527344,36.880001068115234,36.459999084472656,36.54999923706055,32.00337600708008
2012-03-02,2262500,37.220001220703125,37.29999923706055,36.560001373291016,36.59000015258789,32.03840637207031
2012-03-01,2821500,37.18999862670898,37.619998931884766,37.18999862670898,37.29999923706055,32.66007232666016
2012-02-29,2770600,37.65999984741211,37.790000915527344,37.31999969482422,37.369998931884766,32.721378326416016
2012-02-28,1985800,37.709999084472656,37.869998931884766,37.58000183105469,37.70000076293945,33.01033020019531
2012-02-27,2284200,37.470001220703125,37.84000015258789,37.45000076293945,37.70000076293945,33.01033020019531
2012-02-24,2312500,37.380001068115234,37.75,37.130001068115234,37.70000076293945,33.01033020019531
2012-02-23,2907200,36.88999938964844,37.45000076293945,36.88999938964844,37.43999862670898,32.78267288208008
2012-02-22,4185800,36.27999877929688,36.84000015258789,36.220001220703125,36.79999923706055,32.222286224365234
2012-02-21,3091000,36.70000076293945,36.7599983215332,36.11000061035156,36.18999862670898,31.688156127929688
2012-02-17,3168100,37.040000915527344,37.150001525878906,36.560001373291016,36.68000030517578,32.1171989440918
2012-02-16,2789800,36.650001525878906,36.9900016784668,36.61000061035156,36.959999084472656,32.36237335205078
2012-02-15,3655400,37.58000183105469,37.720001220703125,36.63999938964844,36.709999084472656,32.14346694946289
2012-02-14,4704100,37.13999938964844,37.79999923706055,37.13999938964844,37.54999923706055,32.76515579223633
2012-02-13,8235000,37.68000030517578,38.04999923706055,36.90999984741211,37.209999084472656,32.46847915649414
2012-02-10,1855400,38.810001373291016,38.880001068115234,38.380001068115234,38.59999847412109,33.681358337402344
2012-02-09,1483600,39.33000183105469,39.33000183105469,38.95000076293945,38.970001220703125,34.00421524047852
2012-02-08,2135300,38.97999954223633,39.52000045776367,38.72999954223633,39.34999847412109,34.335792541503906
2012-02-07,2037800,38.84999847412109,38.970001220703125,38.459999084472656,38.869998931884766,33.91695022583008
2012-02-06,2548000,39.09999847412109,39.31999969482422,38.84999847412109,38.97999954223633,34.01293182373047
2012-02-03,2692100,39.54999923706055,39.720001220703125,39.08000183105469,39.22999954223633,34.2310791015625
2012-02-02,2611700,39.58000183105469,39.790000915527344,38.93000030517578,39.34000015258789,34.32706069946289
2012-02-01,2389200,39.22999954223633,39.900001525878906,39.130001068115234,39.810001373291016,34.7371711730957
2012-01-31,2775600,39.02000045776367,39.68000030517578,38.86000061035156,38.970001220703125,34.00421524047852
2012-01-30,3913100,38.880001068115234,39.0,38.560001373291016,38.81999969482422,33.87332534790039
2012-01-27,3142600,38.90999984741211,39.650001525878906,38.560001373291016,38.97999954223633,34.01293182373047
2012-01-26,6379700,38.880001068115234,39.33000183105469,37.52999877929688,39.0,34.0303840637207
2012-01-25,2231800,39.45000076293945,39.810001373291016,39.02000045776367,39.720001220703125,34.65864562988281
2012-01-24,1936900,39.630001068115234,39.75,39.470001220703125,39.54999923706055,34.51029968261719
2012-01-23,2544300,39.9900016784668,40.220001220703125,39.459999084472656,39.79999923706055,34.72843933105469
2012-01-20,2798400,39.470001220703125,40.119998931884766,39.34999847412109,40.09000015258789,34.981502532958984
2012-01-19,1675100,38.93999862670898,39.459999084472656,38.72999954223633,39.400001525878906,34.37941360473633
2012-01-18,1616000,38.459999084472656,39.040000915527344,38.18999862670898,39.040000915527344,34.06529998779297
2012-01-17,1531300,38.29999923706055,38.56999969482422,38.09999847412109,38.29999923706055,33.41959381103516
2012-01-13,2481300,38.41999816894531,38.540000915527344,37.68000030517578,37.79999923706055,32.9832878112793
2012-01-12,1248100,38.77999877929688,38.93000030517578,38.56999969482422,38.84000015258789,33.89077377319336
2012-01-11,1130800,38.88999938964844,38.91999816894531,38.45000076293945,38.61000061035156,33.69008255004883
2012-01-10,1535300,38.84999847412109,39.15999984741211,38.68000030517578,39.0099983215332,34.03911209106445
2012-01-09,1222700,38.58000183105469,38.720001220703125,38.150001525878906,38.56999969482422,33.655181884765625
2012-01-06,1775100,38.5,38.720001220703125,38.25,38.59000015258789,33.67263412475586
2012-01-05,2376000,37.88999938964844,38.4900016784668,37.81999969482422,38.4900016784668,33.585384368896484
2012-01-04,1603000,38.060001373291016,38.31999969482422,37.75,38.20000076293945,33.33232879638672
2012-01-03,1938000,37.77000045776367,38.380001068115234,37.68000030517578,38.06999969482422,33.218902587890625
2011-12-30,839400,37.27999877929688,37.43999862670898,37.16999816894531,37.18999862670898,32.45103073120117
2011-12-29,893600,36.869998931884766,37.400001525878906,36.810001373291016,37.33000183105469,32.57320022583008
2011-12-28,1306900,37.72999954223633,37.7599983215332,36.79999923706055,36.83000183105469,32.136898040771484
2011-12-27,885200,37.31999969482422,37.790000915527344,37.25,37.709999084472656,32.904762268066406
2011-12-23,1338700,37.310001373291016,37.459999084472656,37.119998931884766,37.41999816894531,32.65172576904297
2011-12-22,1550900,37.040000915527344,37.33000183105469,36.959999084472656,37.08000183105469,32.35504150390625
2011-12-21,1538200,37.150001525878906,37.29999923706055,36.77999877929688,37.040000915527344,32.32013702392578
2011-12-20,2501900,36.86000061035156,37.290000915527344,36.7400016784668,37.09999847412109,32.372501373291016
2011-12-19,2717700,36.66999816894531,36.900001525878906,36.29999923706055,36.470001220703125,31.82276153564453
2011-12-16,5807900,36.56999969482422,36.9900016784668,36.31999969482422,36.75,32.06708526611328
2011-12-15,1831400,35.86000061035156,36.310001373291016,35.720001220703125,35.79999923706055,31.238142013549805
2011-12-14,2847600,35.630001068115234,35.95000076293945,35.560001373291016,35.56999969482422,31.03745460510254
2011-12-13,4220000,36.060001373291016,36.5,35.77000045776367,35.86000061035156,31.290512084960938
2011-12-12,2248200,36.150001525878906,36.27000045776367,35.72999954223633,35.84000015258789,31.27304458618164
2011-12-09,2085300,36.380001068115234,36.70000076293945,36.220001220703125,36.369998931884766,31.735506057739254
2011-12-08,2666200,36.47999954223633,36.619998931884766,36.220001220703125,36.27999877929688,31.65699577331543
2011-12-07,2931500,36.31999969482422,36.77999877929688,36.220001220703125,36.59000015258789,31.92748260498047
2011-12-06,2323400,36.75,36.93000030517578,36.43999862670898,36.43999862670898,31.796606063842773
2011-12-05,3056200,37.5,37.560001373291016,36.36000061035156,36.61000061035156,31.94493103027344
2011-12-02,2119800,37.59999847412109,37.650001525878906,36.84999847412109,37.0099983215332,32.2939567565918
2011-12-01,2250400,37.02000045776367,37.470001220703125,36.959999084472656,37.2400016784668,32.494667053222656
2011-11-30,3386400,37.310001373291016,37.560001373291016,36.790000915527344,37.150001525878906,32.4161262512207
2011-11-29,2799000,36.65999984741211,36.7400016784668,36.150001525878906,36.380001068115234,31.744239807128903
2011-11-28,1670100,36.86000061035156,37.09000015258789,36.2400016784668,36.43999862670898,31.796606063842773
2011-11-25,1317100,36.380001068115234,36.5099983215332,35.75,35.97999954223633,31.39520263671875
2011-11-23,1410500,36.369998931884766,36.66999816894531,36.06999969482422,36.369998931884766,31.735506057739254
2011-11-22,2546400,36.56999969482422,37.15999984741211,36.36000061035156,36.630001068115234,31.962383270263672
2011-11-21,2266500,36.900001525878906,36.9900016784668,36.2599983215332,36.720001220703125,32.04091262817383
2011-11-18,1981000,37.77999877929688,37.84000015258789,37.25,37.27999877929688,32.5295524597168
2011-11-17,1962500,38.02999877929688,38.18000030517578,37.36000061035156,37.52000045776367,32.738983154296875
2011-11-16,1791300,39.06999969482422,39.06999969482422,38.04999923706055,38.08000183105469,33.11418533325195
2011-11-15,1953400,38.9900016784668,39.459999084472656,38.70000076293945,39.34999847412109,34.21857833862305
2011-11-14,1538500,39.459999084472656,39.720001220703125,39.16999816894531,39.18999862670898,34.07942581176758
2011-11-11,1874800,39.20000076293945,40.06999969482422,39.18000030517578,39.66999816894531,34.496849060058594
2011-11-10,1895100,38.66999816894531,38.90999984741211,38.09000015258789,38.72999954223633,33.67942810058594
2011-11-09,3302200,38.52999877929688,38.970001220703125,37.97999954223633,38.22999954223633,33.24462127685547
2011-11-08,1444300,39.79999923706055,39.79999923706055,39.09000015258789,39.58000183105469,34.4185791015625
2011-11-07,1509400,39.34999847412109,39.72999954223633,38.93999862670898,39.720001220703125,34.540321350097656
2011-11-04,2672300,39.66999816894531,39.79999923706055,38.95000076293945,39.220001220703125,34.105525970458984
2011-11-03,3183200,40.209999084472656,40.47999954223633,39.75,39.91999816894531,34.71425247192383
2011-11-02,1972600,40.5099983215332,40.70000076293945,39.619998931884766,39.869998931884766,34.670753479003906
2011-11-01,2762300,39.5099983215332,40.68999862670898,38.40999984741211,40.040000915527344,34.81858444213867
2011-10-31,2971700,41.81999969482422,41.959999084472656,40.720001220703125,40.79999923706055,35.4794807434082
2011-10-28,1890300,42.31999969482422,42.31999969482422,41.310001373291016,42.08000183105469,36.59257507324219
2011-10-27,3019600,40.95000076293945,42.150001525878906,40.95000076293945,41.97999954223633,36.50559997558594
2011-10-26,3778100,40.27000045776367,41.119998931884766,40.27000045776367,40.900001525878906,35.56645202636719
2011-10-25,1897900,40.2599983215332,40.650001525878906,39.54999923706055,39.59999847412109,34.43596649169922
2011-10-24,1734700,39.84000015258789,40.650001525878906,39.709999084472656,40.650001525878906,35.34904098510742
2011-10-21,1627800,39.16999816894531,39.720001220703125,39.04999923706055,39.709999084472656,34.5316276550293
2011-10-20,2544000,38.38999938964844,38.810001373291016,38.02999877929688,38.75,33.69681930541992
2011-10-19,1712900,38.40999984741211,38.810001373291016,38.02999877929688,38.18999862670898,33.209835052490234
2011-10-18,1654200,37.810001373291016,38.68999862670898,37.400001525878906,38.36000061035156,33.35767364501953
2011-10-17,1209400,37.900001525878906,38.25,37.81999969482422,37.88999938964844,32.94895553588867
2011-10-14,1525200,38.290000915527344,38.470001220703125,37.97999954223633,38.18000030517578,33.201141357421875
2011-10-13,2155000,37.52999877929688,37.97999954223633,37.36000061035156,37.93999862670898,32.992431640625
2011-10-12,3340100,37.22999954223633,37.900001525878906,36.90999984741211,37.619998931884766,32.714168548583984
2011-10-11,1283700,36.7400016784668,37.130001068115234,36.650001525878906,37.0099983215332,32.1837158203125
2011-10-10,1911400,36.31999969482422,37.18999862670898,36.27999877929688,37.08000183105469,32.24458694458008
2011-10-07,3512900,36.209999084472656,36.41999816894531,35.33000183105469,35.779998779296875,31.114112854003903
2011-10-06,5640800,36.65999984741211,36.65999984741211,34.7400016784668,36.09999847412109,31.392391204833984
2011-10-05,4209000,35.91999816894531,36.90999984741211,35.810001373291016,36.380001068115234,31.635866165161133
2011-10-04,5200000,35.25,36.2599983215332,34.779998779296875,35.91999816894531,31.235849380493164
2011-10-03,5382100,37.0099983215332,37.59000015258789,35.720001220703125,35.7400016784668,31.07932472229004
2011-09-30,3282600,37.470001220703125,38.290000915527344,37.150001525878906,37.27000045776367,32.40981674194336
2011-09-29,3563100,39.130001068115234,39.52000045776367,37.369998931884766,37.720001220703125,32.801124572753906
2011-09-28,2239800,39.220001220703125,39.34999847412109,38.56999969482422,38.59999847412109,33.56637191772461
2011-09-27,2759000,39.88999938964844,40.02999877929688,39.0099983215332,39.15999984741211,34.053340911865234
2011-09-26,3041400,37.95000076293945,38.959999084472656,37.27999877929688,38.90999984741211,33.835941314697266
2011-09-23,2363900,37.65999984741211,38.150001525878906,37.400001525878906,37.7599983215332,32.835914611816406
2011-09-22,3813000,37.290000915527344,38.209999084472656,37.20000076293945,38.0,33.044620513916016
2011-09-21,1830600,39.7599983215332,39.95000076293945,38.34999847412109,38.369998931884766,33.366363525390625
2011-09-20,2135300,39.70000076293945,40.369998931884766,39.33000183105469,39.68999862670898,34.514217376708984
2011-09-19,2454500,38.75,39.58000183105469,38.7400016784668,39.40999984741211,34.270751953125
2011-09-16,4420900,38.77999877929688,39.93000030517578,38.77000045776367,39.310001373291016,34.18379592895508
2011-09-15,4256300,39.58000183105469,39.630001068115234,37.61000061035156,38.58000183105469,33.54898834228516
2011-09-14,1985600,38.70000076293945,39.58000183105469,38.04999923706055,39.16999816894531,34.062042236328125
2011-09-13,1959700,38.08000183105469,38.63999938964844,37.880001068115234,38.52000045776367,33.49680709838867
2011-09-12,2708100,37.709999084472656,38.16999816894531,37.34000015258789,38.08000183105469,33.11418533325195
2011-09-09,2776300,39.36000061035156,39.36000061035156,38.25,38.400001525878906,33.3924560546875
2011-09-08,2043300,39.880001068115234,40.310001373291016,39.56999969482422,39.7400016784668,34.557716369628906
2011-09-07,1514600,39.38999938964844,40.0,39.04999923706055,39.970001220703125,34.75771713256836
2011-09-06,3023400,37.869998931884766,39.09000015258789,37.45000076293945,39.06999969482422,33.975074768066406
2011-09-02,1987900,38.84000015258789,39.59999847412109,38.75,38.810001373291016,33.74898910522461
2011-09-01,2773400,39.47999954223633,40.369998931884766,39.27000045776367,39.47999954223633,34.33161926269531
2011-08-31,2562300,39.66999816894531,40.0,39.27999877929688,39.58000183105469,34.4185791015625
2011-08-30,2645200,38.93000030517578,39.52999877929688,38.77999877929688,39.27000045776367,34.149017333984375
2011-08-29,1516900,38.790000915527344,39.31999969482422,38.790000915527344,39.22999954223633,34.11422348022461
2011-08-26,2738700,37.40999984741211,38.75,36.7400016784668,38.47999954223633,33.46201705932617
2011-08-25,2771800,38.27000045776367,38.47999954223633,37.47999954223633,37.58000183105469,32.67940139770508
2011-08-24,3106200,38.130001068115234,38.43000030517578,37.47999954223633,38.18999862670898,33.209835052490234
2011-08-23,3492700,37.41999816894531,38.290000915527344,37.209999084472656,38.2599983215332,33.27070999145508
2011-08-22,3964900,38.220001220703125,38.2400016784668,37.27000045776367,37.38999938964844,32.514156341552734
2011-08-19,3897400,37.29999923706055,37.95000076293945,37.09999847412109,37.540000915527344,32.644615173339844
2011-08-18,5549900,37.630001068115234,38.130001068115234,37.20000076293945,37.68999862670898,32.77503967285156
2011-08-17,2140000,38.540000915527344,38.95000076293945,38.310001373291016,38.68999862670898,33.54463195800781
2011-08-16,3827400,38.61000061035156,38.720001220703125,37.900001525878906,38.5,33.37989807128906
2011-08-15,2849800,38.810001373291016,38.900001525878906,38.18999862670898,38.88999938964844,33.71802520751953
2011-08-12,3838800,37.84999847412109,38.34000015258789,37.2400016784668,38.29999923706055,33.206504821777344
2011-08-11,3937800,35.720001220703125,38.0,35.5,37.43999862670898,32.46086883544922
2011-08-10,4815200,36.060001373291016,36.33000183105469,35.150001525878906,35.2400016784668,30.55345344543457
2011-08-09,7094700,35.119998931884766,36.709999084472656,34.33000183105469,36.630001068115234,31.75859260559082
2011-08-08,4277200,36.31999969482422,36.52999877929688,34.61000061035156,34.630001068115234,30.02457427978516
2011-08-05,4519600,36.86000061035156,37.27999877929688,35.650001525878906,36.810001373291016,31.91465759277344
2011-08-04,4367900,37.61000061035156,37.810001373291016,36.2599983215332,36.2599983215332,31.437803268432617
2011-08-03,4564400,37.84999847412109,38.209999084472656,37.38999938964844,38.15999984741211,33.08512115478516
2011-08-02,5937500,37.720001220703125,37.88999938964844,37.43999862670898,37.72999954223633,32.71228790283203
2011-08-01,6439700,38.34999847412109,39.310001373291016,36.880001068115234,37.72999954223633,32.71228790283203
2011-07-29,6162200,38.25,38.84999847412109,37.970001220703125,38.310001373291016,33.215171813964844
2011-07-28,10974600,41.869998931884766,42.06999969482422,37.63999938964844,38.720001220703125,33.570648193359375
2011-07-27,3377600,39.77000045776367,40.11000061035156,38.95000076293945,39.0099983215332,33.822078704833984
2011-07-26,2142700,40.2599983215332,40.290000915527344,39.86000061035156,39.93000030517578,34.61972427368164
2011-07-25,2825900,40.33000183105469,40.58000183105469,40.060001373291016,40.34999847412109,34.98386764526367
2011-07-22,5589200,39.88999938964844,40.77999877929688,39.58000183105469,40.52000045776367,35.13126373291016
2011-07-21,16958600,39.75,39.90999984741211,37.619998931884766,39.2599983215332,34.03883361816406
2011-07-20,1194500,41.91999816894531,41.93000030517578,41.58000183105469,41.75,36.19769287109375
2011-07-19,1707000,41.38999938964844,41.880001068115234,41.220001220703125,41.84999847412109,36.28438568115234
2011-07-18,1759800,41.16999816894531,41.68999862670898,40.72999954223633,41.20000076293945,35.7208366394043
2011-07-15,1235100,42.36000061035156,42.36000061035156,41.7400016784668,41.9900016784668,36.40576553344727
2011-07-14,1404600,42.47999954223633,42.9900016784668,42.150001525878906,42.220001220703125,36.60517501831055
2011-07-13,877000,42.5,42.77999877929688,42.20000076293945,42.31999969482422,36.69187927246094
2011-07-12,1684100,42.27000045776367,42.84000015258789,42.20000076293945,42.27999877929688,36.6572151184082
2011-07-11,1450400,42.29999923706055,42.650001525878906,42.11000061035156,42.310001373291016,36.68321228027344
2011-07-08,1509200,42.68000030517578,42.77000045776367,42.36000061035156,42.650001525878906,36.978004455566406
2011-07-07,1326300,43.36000061035156,43.470001220703125,42.84000015258789,43.04999923706055,37.32477951049805
2011-07-06,2480600,42.18999862670898,43.27000045776367,42.08000183105469,43.09000015258789,37.35947799682617
2011-07-05,1310800,42.02000045776367,42.36000061035156,41.91999816894531,42.27999877929688,36.6572151184082
2011-07-01,3024100,41.369998931884766,42.130001068115234,41.18000030517578,42.119998931884766,36.51848602294922
2011-06-30,2034000,41.27999877929688,41.650001525878906,41.22999954223633,41.400001525878906,35.89424133300781
2011-06-29,2821400,41.59999847412109,41.61000061035156,41.06999969482422,41.09000015258789,35.62546920776367
2011-06-28,1771900,40.68999862670898,41.45000076293945,40.68999862670898,41.400001525878906,35.89424133300781
2011-06-27,2654500,39.959999084472656,40.84000015258789,39.79999923706055,40.650001525878906,35.243980407714844
2011-06-24,2953900,41.25,41.34000015258789,40.04999923706055,40.13999938964844,34.80180358886719
2011-06-23,2394100,41.09999847412109,41.380001068115234,40.40999984741211,41.310001373291016,35.816200256347656
2011-06-22,1467400,41.56999969482422,41.65999984741211,41.209999084472656,41.22999954223633,35.74683380126953
2011-06-21,1632500,41.400001525878906,41.720001220703125,41.369998931884766,41.58000183105469,36.05028533935547
2011-06-20,1187100,40.9900016784668,41.43000030517578,40.9900016784668,41.38999938964844,35.88556671142578
2011-06-17,2009900,41.27000045776367,41.459999084472656,40.95000076293945,41.0,35.54742813110352
2011-06-16,2474900,41.11000061035156,41.11000061035156,40.470001220703125,41.060001373291016,35.599456787109375
2011-06-15,2211700,41.04999923706055,41.43000030517578,40.90999984741211,41.040000915527344,35.58211135864258
2011-06-14,2133300,41.08000183105469,41.36000061035156,40.81999969482422,41.2400016784668,35.75550842285156
2011-06-13,1808000,41.130001068115234,41.20000076293945,40.7400016784668,40.79999923706055,35.374019622802734
2011-06-10,2951000,41.459999084472656,41.470001220703125,40.81999969482422,41.119998931884766,35.65147018432617
2011-06-09,2498600,40.970001220703125,41.68999862670898,40.77999877929688,41.540000915527344,36.0156135559082
2011-06-08,2485800,40.7599983215332,41.02000045776367,40.59999847412109,40.970001220703125,35.52141571044922
2011-06-07,2631700,40.63999938964844,41.02999877929688,40.2400016784668,40.90999984741211,35.46938705444336
2011-06-06,1747200,40.220001220703125,40.59000015258789,40.18000030517578,40.45000076293945,35.070579528808594
2011-06-03,1957700,40.25,40.5,40.150001525878906,40.34999847412109,34.98386764526367
2011-06-02,1682900,40.68000030517578,40.810001373291016,40.150001525878906,40.75,35.33068084716797
2011-06-01,1635800,41.09000015258789,41.400001525878906,40.70000076293945,40.709999084472656,35.295982360839844
2011-05-31,2189400,41.36000061035156,41.5099983215332,40.970001220703125,41.220001220703125,35.73817825317383
2011-05-27,2430200,41.2599983215332,41.40999984741211,40.56999969482422,41.060001373291016,35.599456787109375
2011-05-26,1416900,41.5099983215332,41.58000183105469,41.040000915527344,41.43000030517578,35.92025375366211
2011-05-25,2202500,40.900001525878906,41.619998931884766,40.900001525878906,41.52000045776367,35.99827575683594
2011-05-24,2035200,41.36000061035156,41.36000061035156,40.900001525878906,40.90999984741211,35.46938705444336
2011-05-23,2167200,41.13999938964844,41.47999954223633,40.90999984741211,41.34999847412109,35.85087585449219
2011-05-20,1667100,41.75,41.77000045776367,41.4900016784668,41.59000015258789,36.0589714050293
2011-05-19,2644900,42.04999923706055,42.13999938964844,41.59999847412109,41.83000183105469,36.16733169555664
2011-05-18,2803200,42.0099983215332,42.0099983215332,41.70000076293945,41.84000015258789,36.17598724365234
2011-05-17,2485300,42.06999969482422,42.09000015258789,41.34999847412109,42.040000915527344,36.348915100097656
2011-05-16,1906100,41.90999984741211,42.45000076293945,41.79999923706055,42.27000045776367,36.54777908325195
2011-05-13,1351800,42.38999938964844,42.5,41.79999923706055,42.040000915527344,36.348915100097656
2011-05-12,2089400,42.0099983215332,42.4900016784668,41.77000045776367,42.43999862670898,36.69474411010742
2011-05-11,1972500,42.31999969482422,42.5,41.97999954223633,42.209999084472656,36.49589920043945
2011-05-10,2074200,42.2599983215332,42.41999816894531,41.959999084472656,42.310001373291016,36.58237075805664
2011-05-09,2335800,41.45000076293945,42.459999084472656,41.369998931884766,42.220001220703125,36.50454711914063
2011-05-06,1860200,41.310001373291016,41.84999847412109,41.29999923706055,41.470001220703125,35.8560791015625
2011-05-05,2363400,40.61000061035156,41.380001068115234,40.38999938964844,41.02999877929688,35.47563171386719
2011-05-04,2743500,41.09999847412109,41.11000061035156,40.630001068115234,40.7599983215332,35.242191314697266
2011-05-03,2324500,41.16999816894531,41.58000183105469,40.79999923706055,41.150001525878906,35.57938766479492
2011-05-02,4350500,40.7599983215332,41.22999954223633,40.459999084472656,41.16999816894531,35.596683502197266
2011-04-29,4500000,41.15999984741211,41.15999984741211,39.77000045776367,40.63999938964844,35.13843536376953
2011-04-28,5874400,42.18000030517578,42.5,40.22999954223633,41.0,35.449703216552734
2011-04-27,3182000,41.09000015258789,42.119998931884766,41.09000015258789,42.02999877929688,36.34026718139648
2011-04-26,1900000,41.209999084472656,41.52999877929688,40.810001373291016,41.08000183105469,35.51886749267578
2011-04-25,2629800,40.470001220703125,40.970001220703125,40.150001525878906,40.959999084472656,35.41511154174805
2011-04-21,1402800,40.54999923706055,40.59999847412109,40.27000045776367,40.54999923706055,35.06062698364258
2011-04-20,1536500,40.13999938964844,40.66999816894531,40.060001373291016,40.4900016784668,35.008731842041016
2011-04-19,1869800,39.5,39.81999969482422,39.45000076293945,39.77000045776367,34.386207580566406
2011-04-18,2477600,39.310001373291016,39.75,38.86000061035156,39.5,34.152767181396484
2011-04-15,2685400,39.810001373291016,39.93000030517578,39.5,39.59000015258789,34.23057174682617
2011-04-14,2028100,39.47999954223633,39.7400016784668,39.150001525878906,39.63999938964844,34.2738151550293
2011-04-13,1832200,39.77999877929688,39.970001220703125,39.38999938964844,39.650001525878906,34.282466888427734
2011-04-12,2775500,40.0099983215332,40.18999862670898,39.470001220703125,39.59999847412109,34.23923110961914
2011-04-11,2097400,40.290000915527344,40.459999084472656,40.040000915527344,40.13999938964844,34.70611953735352
2011-04-08,2541000,40.86000061035156,40.90999984741211,40.060001373291016,40.20000076293945,34.757999420166016
2011-04-07,1831900,40.209999084472656,40.630001068115234,40.06999969482422,40.58000183105469,35.08655548095703
2011-04-06,2608700,40.75,40.790000915527344,39.630001068115234,40.56999969482422,35.077911376953125
2011-04-05,2236500,40.41999816894531,40.709999084472656,40.2400016784668,40.58000183105469,35.08655548095703
2011-04-04,2112800,40.52999877929688,40.880001068115234,40.2599983215332,40.56999969482422,35.077911376953125
2011-04-01,4156500,39.75,40.560001373291016,39.70000076293945,40.34999847412109,34.88768005371094
2011-03-31,1515700,39.380001068115234,39.619998931884766,39.290000915527344,39.560001373291016,34.20464324951172
2011-03-30,2184900,39.900001525878906,39.900001525878906,39.369998931884766,39.459999084472656,34.11817932128906
2011-03-29,1710800,39.29999923706055,39.84999847412109,39.25,39.72999954223633,34.35162734985352
2011-03-28,1990400,39.34000015258789,39.4900016784668,39.06999969482422,39.380001068115234,34.049007415771484
2011-03-25,2379300,39.06999969482422,39.47999954223633,39.06999969482422,39.290000915527344,33.97119140625
2011-03-24,2518000,38.29999923706055,39.20000076293945,38.220001220703125,39.060001373291016,33.7723274230957
2011-03-23,2394200,38.02000045776367,38.29999923706055,37.83000183105469,38.150001525878906,32.98551177978516
2011-03-22,2660600,37.900001525878906,38.45000076293945,37.900001525878906,38.29999923706055,33.115211486816406
2011-03-21,2708100,37.61000061035156,38.459999084472656,37.5099983215332,37.84999847412109,32.72612380981445
2011-03-18,2980800,36.959999084472656,37.54999923706055,36.86000061035156,37.29999923706055,32.250579833984375
2011-03-17,2515900,36.959999084472656,37.119998931884766,36.52000045776367,36.619998931884766,31.66262435913086
2011-03-16,4613900,36.27999877929688,36.91999816894531,35.95000076293945,36.59999847412109,31.645339965820312
2011-03-15,3518800,36.150001525878906,36.709999084472656,35.97999954223633,36.43999862670898,31.50699806213379
2011-03-14,1906200,36.66999816894531,37.09000015258789,36.5,36.619998931884766,31.66262435913086
2011-03-11,2184500,37.2599983215332,37.7400016784668,36.869998931884766,37.02000045776367,32.00849151611328
2011-03-10,1572700,38.130001068115234,38.130001068115234,37.470001220703125,37.540000915527344,32.458106994628906
2011-03-09,3535600,37.40999984741211,38.83000183105469,37.220001220703125,38.45000076293945,33.24489212036133
2011-03-08,1282600,37.27999877929688,37.709999084472656,37.150001525878906,37.54999923706055,32.466739654541016
2011-03-07,2032900,37.81999969482422,37.970001220703125,37.08000183105469,37.29999923706055,32.250579833984375
2011-03-04,2064600,37.66999816894531,37.720001220703125,37.20000076293945,37.66999816894531,32.57048034667969
2011-03-03,2246400,37.47999954223633,37.77999877929688,37.290000915527344,37.61000061035156,32.51862335205078
2011-03-02,2330500,37.34000015258789,37.59999847412109,37.09999847412109,37.15999984741211,32.129520416259766
2011-03-01,2060000,37.90999984741211,37.9900016784668,37.29999923706055,37.310001373291016,32.25922393798828
2011-02-28,2546100,37.5099983215332,37.95000076293945,37.5099983215332,37.90999984741211,32.77800750732422
2011-02-25,1322400,36.869998931884766,37.43000030517578,36.7400016784668,37.38999938964844,32.328392028808594
2011-02-24,1796100,36.95000076293945,36.970001220703125,36.34000015258789,36.72999954223633,31.757747650146484
2011-02-23,2384300,37.29999923706055,37.29999923706055,36.619998931884766,36.84000015258789,31.85285377502441
2011-02-22,2634300,37.2599983215332,37.79999923706055,37.02999877929688,37.400001525878906,32.337032318115234
2011-02-18,2326900,37.34999847412109,37.79999923706055,37.2599983215332,37.790000915527344,32.67425537109375
2011-02-17,3588500,36.380001068115234,37.5099983215332,35.4900016784668,37.43000030517578,32.36298370361328
2011-02-16,2331400,36.59999847412109,36.650001525878906,35.9900016784668,36.369998931884766,31.44646453857422
2011-02-15,1608900,36.68000030517578,36.880001068115234,36.41999816894531,36.59999847412109,31.55888557434082
2011-02-14,1829600,36.56999969482422,36.88999938964844,36.52000045776367,36.869998931884766,31.791688919067383
2011-02-11,1695500,36.540000915527344,36.75,36.400001525878906,36.65999984741211,31.610618591308597
2011-02-10,1595800,36.58000183105469,36.709999084472656,36.29999923706055,36.709999084472656,31.65372467041016
2011-02-09,1700000,36.45000076293945,36.70000076293945,36.29999923706055,36.66999816894531,31.619237899780277
2011-02-08,2206500,35.810001373291016,36.7400016784668,35.810001373291016,36.560001373291016,31.524398803710938
2011-02-07,2523900,36.790000915527344,37.08000183105469,36.41999816894531,36.47999954223633,31.455411911010746
2011-02-04,4428100,35.380001068115234,36.709999084472656,34.400001525878906,36.560001373291016,31.524398803710938
2011-02-03,4873000,35.720001220703125,35.86000061035156,34.56999969482422,35.38999938964844,30.51554298400879
2011-02-02,3929500,35.58000183105469,36.290000915527344,35.310001373291016,35.52000045776367,30.627634048461918
2011-02-01,4903200,36.11000061035156,36.79999923706055,36.11000061035156,36.290000915527344,31.29157829284668
2011-01-31,2035100,36.13999938964844,36.380001068115234,35.84000015258789,35.86000061035156,30.92081069946289
2011-01-28,1931100,36.900001525878906,37.0,35.95000076293945,36.0,31.041519165039062
2011-01-27,3558200,36.5099983215332,37.08000183105469,36.47999954223633,36.81999969482422,31.748580932617188
2011-01-26,2804500,36.08000183105469,36.68999862670898,36.0099983215332,36.38999938964844,31.377809524536133
2011-01-25,2613600,36.18999862670898,36.310001373291016,35.75,35.95000076293945,30.998411178588867
2011-01-24,2464900,36.02999877929688,36.41999816894531,36.02999877929688,36.290000915527344,31.29157829284668
2011-01-21,5801200,35.869998931884766,36.29999923706055,35.720001220703125,36.09999847412109,31.127742767333984
2011-01-20,2324600,35.619998931884766,35.790000915527344,35.040000915527344,35.720001220703125,30.80007743835449
2011-01-19,2099900,36.08000183105469,36.150001525878906,35.38999938964844,35.54999923706055,30.65350151062012
2011-01-18,4899100,35.439998626708984,36.2599983215332,35.400001525878906,36.16999816894531,31.1881103515625
2011-01-14,2547600,35.279998779296875,35.45000076293945,34.939998626708984,35.43000030517578,30.550031661987305
2011-01-13,2058400,34.900001525878906,35.380001068115234,34.7400016784668,35.380001068115234,30.506914138793945
2011-01-12,1728600,35.209999084472656,35.25,34.7599983215332,34.86000061035156,30.05854034423828
2011-01-11,1931700,34.83000183105469,35.2400016784668,34.75,35.06999969482422,30.23960876464844
2011-01-10,2206900,34.86000061035156,34.91999816894531,34.560001373291016,34.72999954223633,29.946443557739254
2011-01-07,2971000,34.81999969482422,35.0,34.63999938964844,34.93000030517578,30.118896484375
2011-01-06,3344200,34.400001525878906,35.02000045776367,34.34000015258789,34.86000061035156,30.05854034423828
2011-01-05,3705900,33.93000030517578,34.4900016784668,33.91999816894531,34.459999084472656,29.71363067626953
2011-01-04,2066300,34.43000030517578,34.47999954223633,33.90999984741211,33.939998626708984,29.2652587890625
2011-01-03,2607800,34.2599983215332,34.880001068115234,34.25,34.31999969482422,29.592914581298828
2010-12-31,1096500,34.119998931884766,34.27000045776367,34.060001373291016,34.119998931884766,29.42046546936035
2010-12-30,1538500,34.59000015258789,34.59000015258789,34.13999938964844,34.220001220703125,29.506690979003903
2010-12-29,1551800,34.27000045776367,34.720001220703125,34.220001220703125,34.63999938964844,29.868839263916016
2010-12-28,1160200,34.349998474121094,34.470001220703125,34.11000061035156,34.189998626708984,29.480825424194336
2010-12-27,1988700,34.25,34.45000076293945,34.119998931884766,34.29999923706055,29.57567024230957
2010-12-23,2254100,34.08000183105469,34.5,34.06999969482422,34.400001525878906,29.66189384460449
2010-12-22,3020500,33.70000076293945,34.5,33.66999816894531,34.13999938964844,29.437705993652344
2010-12-21,3743000,33.36000061035156,33.7599983215332,33.36000061035156,33.7400016784668,29.09280204772949
2010-12-20,1933700,33.380001068115234,33.470001220703125,33.18000030517578,33.380001068115234,28.782384872436523
2010-12-17,3874200,32.7599983215332,33.45000076293945,32.52000045776367,33.18000030517578,28.60993385314941
2010-12-16,3014000,32.349998474121094,32.75,31.899999618530277,32.68000030517578,28.17879676818848
2010-12-15,4239900,31.899999618530277,32.45000076293945,31.8799991607666,32.27000045776367,27.82527732849121
2010-12-14,2895000,31.670000076293945,32.09000015258789,31.59000015258789,31.940000534057617,27.54072570800781
2010-12-13,3071500,32.150001525878906,32.16999816894531,31.270000457763672,31.420000076293945,27.09235191345215
2010-12-10,1873500,31.729999542236328,32.11000061035156,31.68000030517578,32.11000061035156,27.68731117248535
2010-12-09,1337600,31.90999984741211,32.11000061035156,31.57999992370605,31.709999084472656,27.342405319213867
2010-12-08,2421200,32.290000915527344,32.310001373291016,31.57999992370605,31.71999931335449,27.351030349731445
2010-12-07,2471000,32.400001525878906,32.5,32.18000030517578,32.279998779296875,27.83390045166016
2010-12-06,2095800,32.13999938964844,32.290000915527344,31.959999084472656,32.18000030517578,27.747671127319336
2010-12-03,2521700,31.76000022888184,32.20000076293945,31.6299991607666,32.13999938964844,27.713178634643555
2010-12-02,2294100,31.540000915527344,31.93000030517578,31.43000030517578,31.8799991607666,27.488988876342773
2010-12-01,3372000,31.15999984741211,31.63999938964844,31.06999969482422,31.549999237060547,27.204442977905277
2010-11-30,3506400,30.61000061035156,30.959999084472656,30.559999465942383,30.850000381469727,26.60085678100586
2010-11-29,3589700,30.690000534057617,31.06999969482422,30.559999465942383,30.86000061035156,26.609487533569336
2010-11-26,611300,30.690000534057617,30.90999984741211,30.51000022888184,30.88999938964844,26.63534545898437
2010-11-24,1657500,31.01000022888184,31.21999931335449,30.739999771118164,30.940000534057617,26.67846298217773
2010-11-23,2376900,30.850000381469727,31.049999237060547,30.690000534057617,30.950000762939453,26.68708610534668
2010-11-22,3927100,30.940000534057617,31.229999542236328,30.940000534057617,31.11000061035156,26.82505416870117
2010-11-19,3547300,31.420000076293945,31.46999931335449,30.989999771118164,31.020000457763672,26.747438430786133
2010-11-18,4653700,30.88999938964844,31.520000457763672,30.700000762939453,31.440000534057617,27.109596252441406
2010-11-17,1715600,31.0,31.049999237060547,30.700000762939453,30.770000457763672,26.445646286010746
2010-11-16,2288600,31.11000061035156,31.350000381469727,30.770000457763672,30.989999771118164,26.634727478027344
2010-11-15,2081300,31.31999969482422,31.57999992370605,31.190000534057617,31.40999984741211,26.99570846557617
2010-11-12,1727700,31.51000022888184,31.56999969482422,31.190000534057617,31.31999969482422,26.91835594177246
2010-11-11,2014600,31.32999992370605,31.65999984741211,31.059999465942383,31.6299991607666,27.184785842895508
2010-11-10,3667800,30.739999771118164,31.489999771118164,30.6200008392334,31.46999931335449,27.047271728515625
2010-11-09,3959100,31.479999542236328,31.489999771118164,30.729999542236328,30.82999992370605,26.497217178344727
2010-11-08,2890300,31.51000022888184,31.690000534057617,31.32999992370605,31.450000762939453,27.030092239379883
2010-11-05,2586700,31.90999984741211,32.08000183105469,31.63999938964844,31.68000030517578,27.227764129638672
2010-11-04,3911700,31.950000762939453,32.099998474121094,31.81999969482422,31.959999084472656,27.468412399291992
2010-11-03,4135200,32.06999969482422,32.16999816894531,31.5,31.68000030517578,27.227764129638672
2010-11-02,7579600,33.029998779296875,33.22999954223633,31.100000381469727,31.950000762939453,27.459821701049805
2010-11-01,4261400,32.91999816894531,33.36000061035156,32.4900016784668,32.790000915527344,28.18177032470703
2010-10-29,3299100,33.310001373291016,33.349998474121094,32.70000076293945,32.83000183105469,28.21614646911621
2010-10-28,3152600,33.439998626708984,33.83000183105469,32.939998626708984,33.40999984741211,28.71463394165039
2010-10-27,4384700,32.939998626708984,33.439998626708984,32.630001068115234,33.220001220703125,28.55133438110352
2010-10-26,4875000,31.940000534057617,33.13999938964844,31.709999084472656,32.43000030517578,27.872360229492188
2010-10-25,3468900,32.189998626708984,32.81999969482422,32.0099983215332,32.029998779296875,27.5285701751709
2010-10-22,2109500,32.33000183105469,32.45000076293945,32.040000915527344,32.060001373291016,27.554357528686523
2010-10-21,3590100,32.02000045776367,32.5099983215332,31.780000686645508,32.36000061035156,27.812196731567383
2010-10-20,1974600,31.65999984741211,31.979999542236328,31.649999618530277,31.84000015258789,27.36527633666992
2010-10-19,2378500,32.029998779296875,32.029998779296875,31.3799991607666,31.559999465942383,27.12462043762207
2010-10-18,2562300,32.34000015258789,32.529998779296875,32.189998626708984,32.34000015258789,27.79500961303711
2010-10-15,2340500,32.5,32.599998474121094,32.18000030517578,32.290000915527344,27.752033233642575
2010-10-14,2336000,32.38999938964844,32.5,32.04999923706055,32.310001373291016,27.76922607421875
2010-10-13,1826400,32.150001525878906,32.400001525878906,32.060001373291016,32.369998931884766,27.82079315185547
2010-10-12,2549500,31.68000030517578,32.119998931884766,31.68000030517578,32.060001373291016,27.554357528686523
2010-10-11,1929100,31.76000022888184,32.15999984741211,31.739999771118164,31.790000915527344,27.32230567932129
2010-10-08,2138500,31.649999618530277,31.84000015258789,31.489999771118164,31.670000076293945,27.21916389465332
2010-10-07,4443100,31.57999992370605,32.099998474121094,31.489999771118164,31.690000534057617,27.23635673522949
2010-10-06,2642000,31.420000076293945,31.420000076293945,31.020000457763672,31.34000015258789,26.935548782348636
2010-10-05,3300800,30.809999465942383,31.670000076293945,30.809999465942383,31.5,27.073057174682617
2010-10-04,3112900,30.809999465942383,30.96999931335449,30.549999237060547,30.739999771118164,26.419862747192383
2010-10-01,3298300,30.850000381469727,30.96999931335449,30.399999618530277,30.850000381469727,26.514404296875
2010-09-30,3907500,30.90999984741211,31.13999938964844,30.26000022888184,30.65999984741211,26.351110458374023
2010-09-29,3081100,31.040000915527344,31.1299991607666,30.709999084472656,30.76000022888184,26.437055587768555
2010-09-28,2811000,31.09000015258789,31.209999084472656,30.61000061035156,31.170000076293945,26.7894287109375
2010-09-27,4630300,31.200000762939453,31.81999969482422,30.530000686645508,30.950000762939453,26.600351333618164
2010-09-24,2270500,30.61000061035156,31.3700008392334,30.61000061035156,31.350000381469727,26.944137573242188
2010-09-23,3445800,30.239999771118164,30.90999984741211,30.049999237060547,30.34000015258789,26.076082229614254
2010-09-22,3857000,30.700000762939453,30.729999542236328,30.34000015258789,30.420000076293945,26.14484405517578
2010-09-21,2772600,30.63999938964844,30.84000015258789,30.43000030517578,30.790000915527344,26.46283531188965
2010-09-20,2027000,30.200000762939453,30.690000534057617,30.13999938964844,30.63999938964844,26.33391761779785
2010-09-17,2755400,30.26000022888184,30.5,30.049999237060547,30.18000030517578,25.93856811523437
2010-09-16,3481000,30.18000030517578,30.229999542236328,29.82999992370605,30.1299991607666,25.895597457885746
2010-09-15,5616000,29.040000915527344,30.56999969482422,28.950000762939453,30.25,25.99873161315918
2010-09-14,2814700,28.3799991607666,29.13999938964844,28.3799991607666,29.09000015258789,25.00175094604492
2010-09-13,1718200,28.700000762939453,28.790000915527344,28.3799991607666,28.5,24.49467086791992
2010-09-10,1613100,28.280000686645508,28.51000022888184,28.149999618530277,28.46999931335449,24.468889236450195
2010-09-09,1311300,28.239999771118164,28.36000061035156,28.1299991607666,28.25,24.27980613708496
2010-09-08,1581600,27.940000534057617,28.18000030517578,27.940000534057617,28.049999237060547,24.10790634155273
2010-09-07,2118200,27.989999771118164,28.200000762939453,27.739999771118164,28.030000686645508,24.090728759765625
2010-09-03,3637800,28.18000030517578,28.76000022888184,27.90999984741211,28.07999992370605,24.133695602416992
2010-09-02,2729600,27.989999771118164,28.270000457763672,27.86000061035156,28.07999992370605,24.133695602416992
2010-09-01,2825800,27.459999084472656,28.280000686645508,27.459999084472656,27.96999931335449,24.03916358947754
2010-08-31,2544700,27.440000534057617,27.690000534057617,27.209999084472656,27.280000686645508,23.44613075256348
2010-08-30,3629600,27.36000061035156,27.899999618530277,27.32999992370605,27.6200008392334,23.73834609985352
2010-08-27,3040100,27.75,27.75,27.09000015258789,27.729999542236328,23.83288955688477
2010-08-26,2269300,28.0,28.059999465942383,27.5,27.63999938964844,23.75553703308105
2010-08-25,2871800,27.700000762939453,28.06999969482422,27.5,27.920000076293945,23.996177673339844
2010-08-24,2736100,28.299999237060547,28.299999237060547,27.790000915527344,27.8700008392334,23.95321273803711
2010-08-23,2903500,29.0,29.229999542236328,28.520000457763672,28.540000915527344,24.52904891967773
2010-08-20,2571100,28.8700008392334,29.059999465942383,28.71999931335449,28.920000076293945,24.85564613342285
2010-08-19,2647100,29.299999237060547,29.40999984741211,28.75,29.170000076293945,25.00175094604492
2010-08-18,2603700,29.450000762939453,29.76000022888184,29.15999984741211,29.459999084472656,25.25031280517578
2010-08-17,2908500,28.950000762939453,29.559999465942383,28.729999542236328,29.489999771118164,25.276029586791992
2010-08-16,2586000,28.75,29.030000686645508,28.51000022888184,28.709999084472656,24.60748672485352
2010-08-13,1619700,29.01000022888184,29.1299991607666,28.690000534057617,29.040000915527344,24.890323638916016
2010-08-12,2301500,28.75,29.229999542236328,28.59000015258789,29.149999618530277,24.98461532592773
2010-08-11,3260300,29.540000915527344,29.540000915527344,29.049999237060547,29.1200008392334,24.958904266357425
2010-08-10,2854200,29.899999618530277,30.09000015258789,29.649999618530277,29.96999931335449,25.68743324279785
2010-08-09,2534600,30.26000022888184,30.36000061035156,29.88999938964844,30.049999237060547,25.756004333496094
2010-08-06,3252800,30.149999618530277,30.32999992370605,29.82999992370605,30.239999771118164,25.918855667114254
2010-08-05,3031700,30.07999992370605,30.3700008392334,29.899999618530277,30.34000015258789,26.004568099975582
2010-08-04,3213900,30.030000686645508,30.40999984741211,29.950000762939453,30.36000061035156,26.021713256835938
2010-08-03,3742300,30.600000381469727,30.600000381469727,29.93000030517578,29.979999542236328,25.69601058959961
2010-08-02,5920700,30.280000686645508,30.790000915527344,30.190000534057617,30.57999992370605,26.21027374267578
2010-07-30,10124300,28.649999618530277,30.200000762939453,28.530000686645508,29.96999931335449,25.68743324279785
2010-07-29,6359500,29.309999465942383,29.59000015258789,28.6299991607666,28.979999542236328,24.838903427124023
2010-07-28,8381800,29.170000076293945,29.209999084472656,28.13999938964844,28.93000030517578,24.796049118041992
2010-07-27,19241200,30.61000061035156,30.6299991607666,27.81999969482422,29.13999938964844,24.976045608520508
2010-07-26,8848700,30.61000061035156,30.899999618530277,29.950000762939453,30.5,26.14170455932617
2010-07-23,18031700,29.670000076293945,30.71999931335449,28.950000762939453,30.530000686645508,26.16741371154785
2010-07-22,16978100,32.45000076293945,32.459999084472656,29.530000686645508,29.6299991607666,25.396020889282227
2010-07-21,3194300,32.349998474121094,32.439998626708984,31.850000381469727,32.0099983215332,27.435932159423828
2010-07-20,2252300,31.75,32.27000045776367,31.61000061035156,32.2599983215332,27.65020179748535
2010-07-19,2045400,32.18000030517578,32.27000045776367,31.799999237060547,31.989999771118164,27.41879272460937
2010-07-16,2719400,32.56999969482422,32.7400016784668,32.099998474121094,32.13999938964844,27.54735565185547
2010-07-15,3572900,32.720001220703125,32.93000030517578,32.5,32.72999954223633,28.05304527282715
2010-07-14,2991100,32.310001373291016,32.86000061035156,32.04999923706055,32.790000915527344,28.104476928710938
2010-07-13,2302900,31.96999931335449,32.540000915527344,31.96999931335449,32.33000183105469,27.710208892822266
2010-07-12,2904600,31.780000686645508,31.81999969482422,31.57999992370605,31.75,27.213083267211918
2010-07-09,2059400,31.989999771118164,32.0099983215332,31.71999931335449,31.84000015258789,27.29022789001465
2010-07-08,2920400,31.96999931335449,32.06999969482422,31.729999542236328,31.920000076293945,27.358797073364254
2010-07-07,4547200,31.3799991607666,31.82999992370605,31.020000457763672,31.780000686645508,27.23880386352539
2010-07-06,3323100,31.40999984741211,31.690000534057617,31.1200008392334,31.34000015258789,26.86167335510254
2010-07-02,3452100,30.950000762939453,31.170000076293945,30.729999542236328,30.920000076293945,26.501684188842773
2010-07-01,8348400,31.6299991607666,31.63999938964844,30.309999465942383,30.93000030517578,26.510255813598636
2010-06-30,7255800,31.75,32.36000061035156,31.459999084472656,31.75,27.213083267211918
2010-06-29,8525900,32.209999084472656,32.209999084472656,31.600000381469727,31.71999931335449,27.187376022338867
2010-06-28,5044900,32.0099983215332,32.66999816894531,31.63999938964844,32.529998779296875,27.881629943847656
2010-06-25,4407200,31.559999465942383,32.0,31.43000030517578,31.8700008392334,27.315937042236328
2010-06-24,2939900,31.82999992370605,31.93000030517578,31.450000762939453,31.59000015258789,27.07594490051269
2010-06-23,3311100,31.81999969482422,32.04999923706055,31.51000022888184,31.8700008392334,27.315937042236328
2010-06-22,3383300,32.5,32.650001525878906,31.899999618530277,31.959999084472656,27.393081665039062
2010-06-21,3169400,32.79999923706055,32.9900016784668,32.290000915527344,32.41999816894531,27.78734397888184
2010-06-18,2585500,32.869998931884766,33.029998779296875,32.5,32.560001373291016,27.907337188720703
2010-06-17,4944100,33.189998626708984,33.27000045776367,32.619998931884766,32.880001068115234,28.18161392211914
2010-06-16,4602300,32.43000030517578,32.970001220703125,32.33000183105469,32.7599983215332,28.07875633239746
2010-06-15,3005800,32.4900016784668,32.5,32.209999084472656,32.459999084472656,27.821632385253903
2010-06-14,3515200,31.96999931335449,32.459999084472656,31.96999931335449,32.209999084472656,27.60735321044922
2010-06-11,2844300,31.450000762939453,31.979999542236328,31.36000061035156,31.920000076293945,27.358797073364254
2010-06-10,2948900,31.450000762939453,31.780000686645508,31.290000915527344,31.690000534057617,27.161659240722656
2010-06-09,3999500,30.780000686645508,31.559999465942383,30.75,30.940000534057617,26.51883125305176
2010-06-08,5167200,30.920000076293945,30.940000534057617,30.309999465942383,30.6200008392334,26.244558334350582
2010-06-07,5558500,30.82999992370605,31.270000457763672,30.5,30.770000457763672,26.373119354248047
2010-06-04,5450900,31.530000686645508,31.709999084472656,30.65999984741211,30.770000457763672,26.373119354248047
2010-06-03,5639400,31.780000686645508,32.4900016784668,31.76000022888184,32.08000183105469,27.495933532714844
2010-06-02,3892500,30.8700008392334,31.76000022888184,30.729999542236328,31.729999542236328,27.19593620300293
2010-06-01,4095800,31.030000686645508,31.440000534057617,30.729999542236328,30.809999465942383,26.40740394592285
2010-05-28,4896100,31.540000915527344,31.700000762939453,30.920000076293945,31.280000686645508,26.81024742126465
2010-05-27,4144900,30.8799991607666,31.59000015258789,30.850000381469727,31.56999969482422,27.058807373046875
2010-05-26,4960700,30.479999542236328,30.979999542236328,30.31999969482422,30.440000534057617,26.090280532836918
2010-05-25,6030800,30.100000381469727,30.299999237060547,29.5,30.270000457763672,25.94457244873047
2010-05-24,5126100,30.799999237060547,31.06999969482422,30.420000076293945,30.700000762939453,26.31312561035156
2010-05-21,6502200,30.06999969482422,30.979999542236328,30.049999237060547,30.82999992370605,26.42455291748047
2010-05-20,6419500,31.030000686645508,31.26000022888184,30.59000015258789,30.68000030517578,26.295982360839844
2010-05-19,4002900,31.13999938964844,31.57999992370605,31.0,31.420000076293945,26.861671447753903
2010-05-18,4524100,31.71999931335449,31.959999084472656,31.07999992370605,31.290000915527344,26.75053024291992
2010-05-17,3794200,31.34000015258789,31.709999084472656,30.940000534057617,31.399999618530277,26.844575881958008
2010-05-14,3599400,31.489999771118164,31.559999465942383,31.049999237060547,31.309999465942383,26.76763153076172
2010-05-13,3951400,31.920000076293945,31.959999084472656,31.57999992370605,31.600000381469727,27.01556205749512
2010-05-12,3151800,31.270000457763672,31.84000015258789,31.01000022888184,31.790000915527344,27.177997589111328
2010-05-11,4061600,30.6299991607666,31.5,30.61000061035156,31.21999931335449,26.69068717956543
2010-05-10,3938600,30.920000076293945,31.31999969482422,30.56999969482422,31.059999465942383,26.553897857666016
2010-05-07,6272400,30.559999465942383,30.61000061035156,29.38999938964844,29.90999984741211,25.57073974609375
2010-05-06,6056700,30.8700008392334,31.43000030517578,28.950000762939453,30.75,26.288877487182617
2010-05-05,3670000,30.530000686645508,31.200000762939453,30.530000686645508,31.030000686645508,26.528255462646484
2010-05-04,2849000,31.049999237060547,31.18000030517578,30.71999931335449,30.96999931335449,26.476959228515625
2010-05-03,2472400,31.030000686645508,31.36000061035156,30.90999984741211,31.280000686645508,26.741989135742188
2010-04-30,3380600,31.420000076293945,31.600000381469727,30.850000381469727,30.850000381469727,26.374372482299805
2010-04-29,3960900,30.96999931335449,31.63999938964844,30.93000030517578,31.36000061035156,26.810380935668945
2010-04-28,3087400,30.90999984741211,31.149999618530277,30.68000030517578,30.790000915527344,26.32307243347168
2010-04-27,3571100,31.0,31.38999938964844,30.770000457763672,30.86000061035156,26.382917404174805
2010-04-26,4282000,31.100000381469727,31.440000534057617,30.82999992370605,31.229999542236328,26.699243545532227
2010-04-23,4950700,31.5,31.56999969482422,30.790000915527344,31.1299991607666,26.613750457763672
2010-04-22,8444500,31.290000915527344,31.790000915527344,30.76000022888184,31.40999984741211,26.853124618530277
2010-04-21,5969000,30.43000030517578,30.59000015258789,29.979999542236328,30.36000061035156,25.95545768737793
2010-04-20,4190100,29.96999931335449,30.489999771118164,29.8799991607666,30.3799991607666,25.97255516052246
2010-04-19,4306600,29.88999938964844,29.989999771118164,29.57999992370605,29.81999969482422,25.493797302246094
2010-04-16,5991800,29.5,29.920000076293945,29.36000061035156,29.8799991607666,25.54508781433105
2010-04-15,2217200,29.190000534057617,29.5,29.09000015258789,29.489999771118164,25.211671829223636
2010-04-14,2764000,29.489999771118164,29.5,29.020000457763672,29.200000762939453,24.9637508392334
2010-04-13,2778000,29.239999771118164,29.5,28.950000762939453,29.459999084472656,25.18602180480957
2010-04-12,1839500,29.489999771118164,29.51000022888184,29.270000457763672,29.34000015258789,25.08343315124512
2010-04-09,2018500,29.26000022888184,29.479999542236328,29.18000030517578,29.46999931335449,25.1945743560791
2010-04-08,3767300,29.57999992370605,29.57999992370605,29.100000381469727,29.18000030517578,24.94664764404297
2010-04-07,3151200,28.93000030517578,29.06999969482422,28.770000457763672,29.040000915527344,24.826953887939453
2010-04-06,1739100,28.920000076293945,29.13999938964844,28.799999237060547,29.030000686645508,24.81841087341309
2010-04-05,2339700,28.6299991607666,29.020000457763672,28.530000686645508,28.920000076293945,24.724367141723636
2010-04-01,3680900,28.989999771118164,29.1299991607666,28.420000076293945,28.59000015258789,24.442235946655277
2010-03-31,2407300,29.270000457763672,29.270000457763672,28.75,28.920000076293945,24.724367141723636
2010-03-30,2740800,28.93000030517578,29.32999992370605,28.86000061035156,29.280000686645508,25.032135009765625
2010-03-29,2064800,28.76000022888184,28.93000030517578,28.6200008392334,28.84000015258789,24.65597343444824
2010-03-26,2554700,28.6299991607666,28.71999931335449,28.299999237060547,28.59000015258789,24.442235946655277
2010-03-25,2623700,28.88999938964844,28.899999618530277,28.549999237060547,28.600000381469727,24.45079231262207
2010-03-24,2158600,29.270000457763672,29.299999237060547,28.65999984741211,28.71999931335449,24.55337905883789
2010-03-23,2345700,29.43000030517578,29.43000030517578,28.899999618530277,29.209999084472656,24.9722900390625
2010-03-22,4848800,28.6200008392334,29.309999465942383,28.5,29.290000915527344,25.040691375732425
2010-03-19,5468600,28.68000030517578,29.11000061035156,28.270000457763672,28.68000030517578,24.519182205200195
2010-03-18,2756600,28.3700008392334,28.6200008392334,28.190000534057617,28.56999969482422,24.425138473510746
2010-03-17,3088500,28.56999969482422,28.57999992370605,28.18000030517578,28.200000762939453,24.10882377624512
2010-03-16,4210300,28.420000076293945,28.450000762939453,27.93000030517578,28.36000061035156,24.2456111907959
2010-03-15,2755000,27.899999618530277,27.899999618530277,27.61000061035156,27.75,23.724105834960938
2010-03-12,2337200,28.170000076293945,28.25,27.799999237060547,27.93000030517578,23.87799072265625
2010-03-11,1678400,27.950000762939453,28.1200008392334,27.799999237060547,28.07999992370605,24.006227493286133
2010-03-10,2364600,27.950000762939453,28.190000534057617,27.8799991607666,28.049999237060547,23.98058319091797
2010-03-09,2907900,28.020000457763672,28.15999984741211,27.899999618530277,27.989999771118164,23.929288864135746
2010-03-08,2470000,28.40999984741211,28.450000762939453,28.049999237060547,28.06999969482422,23.997676849365234
2010-03-05,2715900,28.020000457763672,28.40999984741211,27.979999542236328,28.40999984741211,24.288360595703125
2010-03-04,2659400,28.15999984741211,28.15999984741211,27.90999984741211,27.989999771118164,23.929288864135746
2010-03-03,3090300,28.5,28.5,27.96999931335449,28.0,23.937837600708008
2010-03-02,2366300,28.200000762939453,28.5,28.07999992370605,28.459999084472656,24.331100463867188
2010-03-01,3116800,27.96999931335449,28.25,27.75,28.06999969482422,23.997676849365234
2010-02-26,4036700,28.07999992370605,28.190000534057617,27.88999938964844,28.040000915527344,23.97203826904297
2010-02-25,3168400,27.700000762939453,28.07999992370605,27.57999992370605,28.07999992370605,24.006227493286133
2010-02-24,2652500,27.770000457763672,28.040000915527344,27.76000022888184,27.88999938964844,23.84379768371582
2010-02-23,5407100,27.81999969482422,27.96999931335449,27.56999969482422,27.75,23.724105834960938
2010-02-22,3256200,28.239999771118164,28.239999771118164,27.76000022888184,27.88999938964844,23.84379768371582
2010-02-19,3862400,27.8700008392334,28.190000534057617,27.600000381469727,28.13999938964844,24.05752944946289
2010-02-18,2931200,27.57999992370605,27.899999618530277,27.5,27.86000061035156,23.818151473999023
2010-02-17,5869000,27.729999542236328,27.780000686645508,27.059999465942383,27.59000015258789,23.587316513061523
2010-02-16,3328800,27.65999984741211,27.65999984741211,27.309999465942383,27.56999969482422,23.570220947265625
2010-02-12,2583700,27.38999938964844,27.38999938964844,27.020000457763672,27.350000381469727,23.382139205932617
2010-02-11,4093800,27.18000030517578,27.56999969482422,26.950000762939453,27.520000457763672,23.52747917175293
2010-02-10,5655300,27.309999465942383,27.31999969482422,26.68000030517578,27.190000534057617,23.2453556060791
2010-02-09,2167600,27.18000030517578,27.399999618530277,27.0,27.15999984741211,23.15130615234375
2010-02-08,2811300,27.030000686645508,27.190000534057617,26.81999969482422,26.950000762939453,22.972299575805664
2010-02-05,5637600,27.3700008392334,27.399999618530277,26.649999618530277,27.01000022888184,23.0234489440918
2010-02-04,4607500,28.26000022888184,28.26000022888184,27.420000076293945,27.420000076293945,23.3729305267334
2010-02-03,3801100,28.51000022888184,28.59000015258789,28.030000686645508,28.31999969482422,24.14009666442871
2010-02-02,6012600,27.799999237060547,28.61000061035156,27.65999984741211,28.549999237060547,24.336153030395508
2010-02-01,3682900,27.459999084472656,27.780000686645508,27.07999992370605,27.75,23.65422821044922
2010-01-29,4136700,27.40999984741211,27.61000061035156,27.229999542236328,27.26000022888184,23.236553192138672
2010-01-28,3374300,27.239999771118164,27.76000022888184,27.239999771118164,27.280000686645508,23.253597259521484
2010-01-27,4885100,27.3700008392334,27.63999938964844,27.040000915527344,27.26000022888184,23.236553192138672
2010-01-26,5530700,27.86000061035156,28.0,27.34000015258789,27.440000534057617,23.38998794555664
2010-01-25,5285000,26.790000915527344,27.34000015258789,26.68000030517578,27.11000061035156,23.10869407653809
2010-01-22,4321500,26.46999931335449,26.799999237060547,26.020000457763672,26.65999984741211,22.7251091003418
2010-01-21,3961000,27.11000061035156,27.18000030517578,26.25,26.57999992370605,22.656911849975582
2010-01-20,2683700,27.350000381469727,27.350000381469727,26.76000022888184,27.13999938964844,23.13425636291504
2010-01-19,2826200,26.959999084472656,27.61000061035156,26.920000076293945,27.3700008392334,23.33031845092773
2010-01-15,2076400,27.26000022888184,27.270000457763672,26.809999465942383,26.920000076293945,22.94672966003418
2010-01-14,2054300,26.96999931335449,27.25,26.850000381469727,27.209999084472656,23.19392967224121
2010-01-13,3150100,26.59000015258789,27.1299991607666,26.59000015258789,27.040000915527344,23.04901695251465
2010-01-12,3142600,26.31999969482422,26.549999237060547,26.190000534057617,26.520000457763672,22.605762481689453
2010-01-11,1914400,26.239999771118164,26.479999542236328,26.11000061035156,26.34000015258789,22.452335357666016
2010-01-08,4277500,25.86000061035156,26.100000381469727,25.68000030517578,26.049999237060547,22.205141067504883
2010-01-07,5244600,25.770000457763672,26.15999984741211,25.65999984741211,25.770000457763672,21.966461181640625
2010-01-06,4039300,26.38999938964844,26.43000030517578,26.07999992370605,26.190000534057617,22.324481964111328
2010-01-05,2476800,26.649999618530277,26.649999618530277,26.3799991607666,26.440000534057617,22.537582397460938
2010-01-04,2455900,26.290000915527344,26.690000534057617,26.13999938964844,26.6299991607666,22.69953346252441
